"X","Ksat_cmhr","Db","Clay","VFS","MS","OC","Silt","COS","FS","Depth.cm_Top","VCOS"
13,0.13,1.74,30.3,7.7,22,0.15,13.8,5.7,19.2,180,1.3
27,23.67,1.25,9.5,10.2,23.6,1.2,11.1,4.8,38.5,0,2.3
38,0.24,1.67,30.8,9.1,18,0.14,9.6,8.1,21.8,117,2.6
61,3.46,1.02,2.99,32.85,0.37,0.1,51.85,0.03,11.91,23,0
72,2.94,1.05,1.66,27.04,0.64,0.38,57.42,0.05,13.18,26,0.01
77,42.7,1.61,1.8,8.3,36.8,0.05,0.1,6.2,46.7,84,0.1
134,37.1,1.57,0.9,6.2,20.3,0.06,1.1,0.4,71.1,61,0
135,43.4,1.56,0.8,5.9,22.8,0.04,0.7,0.5,69.3,165,0
183,2.23,1.63,12.1,16.3,0.5,0.06,3.2,0,67.9,109,0
228,7.2,1.59,6.6,14.8,13.8,0.43,0.1,1,63.7,61,0
240,0.2,1.54,53,10.8,0.9,0.1,27.1,0.3,7.8,46,0.1
248,4.3,1.69,19.2,7.8,22.9,0.06,7.8,15.8,22,170,4.5
261,0.1,1.59,23.7,20.6,1.8,1.71,16.6,0.1,37.2,5,0
269,1.3,1.56,14.6,9.8,8.7,0.08,3.5,3.2,60.1,64,0.1
279,80.1,1.32,1.4,7.7,9.9,0.4,1.5,3.7,75.4,18,0.4
283,105.5,1.03,1.9,3.7,14.1,0.22,6,2.1,72,0,0.2
292,25.9,0.09,2.6,2.9,11.8,0.08,0,4.3,77.7,38,0.7
328,1.3,1.59,54.7,7.2,3.4,0.05,20.9,0.9,12.8,112,0.1
395,0.3,1.6,34.2,11.8,10.4,0.16,3.8,1.2,38.6,124,0
411,0.6,1.59,51.1,11,7.6,0.19,10.3,2.4,17.1,28,0.3
472,42.7,1.3,1.1,17,0.8,0.18,2.7,0,78.4,28,0
493,149,0.99,3,5.5,49.7,1.01,2,9.2,30.4,0,0.2
499,50.9,1.41,0.4,3.3,35.9,0.64,0.7,2.2,57.5,0,0
506,106.5,1.41,0.4,1.3,54.7,0.2,1.5,17.3,24.1,23,0.7
507,92,1.5,0.4,1.9,54.4,0.14,1.2,15.3,26.3,43,0.5
520,24,1.32,7.9,13.7,19.3,0.51,8.7,5.2,44.7,25,0.5
579,1.1,1.64,3.4,9.1,0.2,0.05,1.1,0,86.2,132,0
638,37.1,1.48,0.7,8.4,30.5,0.68,3.8,2.6,54,0,0
666,33.5,1.38,6.4,17.2,14.1,1.29,10.7,1.8,49.7,0,0.1
701,2.6,1.54,18.3,11.2,26.1,0.13,6.3,2.4,35.6,66,0.1
729,0.6,1.51,18.2,13.8,0.3,0.06,7.5,0.1,60.1,152,0
748,14.4,1.7,2.3,3.7,46.2,0.06,0.8,5.1,41.8,38,0.1
808,0.4,1.62,5.6,19.1,24.3,0.2,10,1.9,39.1,185,0
818,28.3,1.54,0.4,12.7,2.6,0.09,1,0.1,83.2,43,0
842,0.3,1.86,14.2,19.3,12.2,0.07,6,3.7,44.2,109,0.4
891,0.2,1.71,13,25.1,3.4,0.05,5.1,0.1,53.3,112,0
897,0.2,1.67,32.8,13.9,9.9,0.08,5,1.2,37.2,132,0
920,11,1.59,5.9,22.8,4.3,0.19,6.3,0.2,60.5,30,0
939,27.6,1.66,1.9,2.1,45.9,0.23,0.8,3.6,45.6,109,0.1
954,0.5,1.38,20.5,5.5,37.7,0.07,4.9,5.4,25.9,38,0.1
959,0.2,1.69,10.4,1.5,50,0.08,2.6,15,20,25,0.5
975,0.1,1.67,21,9.2,35.8,0.1,7.6,10,15.1,135,2
978,13.8,1.52,2.4,14.5,34.8,0.46,3.6,2.4,42.2,15,0.1
993,0.1,1.52,18.1,23.7,6.1,1.02,18.7,2,31.1,10,0.3
995,0.3,1.56,22.6,19,7.3,0.09,10.8,1.5,38.5,183,0.3
1026,35.85,1.41,4.2,11.3,23.4,0.23,6.7,6.7,47.4,58,0.3
1055,29.6,1.53,1.1,22.3,18.4,0.21,1.4,2.4,54.3,127,0.1
1077,18.4,1.53,1.1,12,30.6,0.18,3.8,2.6,49.9,13,0
1078,13.15,1.55,14.1,10.2,28.5,0.68,5.9,2.2,39.1,20,0
1099,0.05,1.62,17,4.3,17.6,0.15,8.7,2.2,50.2,89,0
1102,30.9,1.59,0.6,5.2,26.1,0.01,1,2.7,64.4,46,0
1106,2.61,1.63,13.5,7.2,30.9,0.11,2.5,5.1,40.8,173,0
1120,3.16,1.67,1.6,7,24,0.17,2.3,2.4,62.6,25,0.1
1157,0.24,1.56,14.3,11.4,6.9,0.12,2.4,0.8,64.2,168,0
1179,31.85,1.52,1.4,8.2,21.3,0.34,1.6,0.9,66.6,10,0
1198,20.35,1.63,0.8,12.2,16.8,0.18,2.5,2,65.7,41,0
1206,36.45,1.56,1.3,6,21.9,0.06,0.5,1.7,68.6,53,0
1221,0.06,1.64,33.8,13.6,10.8,0.21,1.8,0.7,39.2,152,0.1
1225,26.05,1.55,1.8,11.8,13.5,0.2,0.8,0.7,71.4,104,0
1237,36.35,1.26,4.9,13.6,9.5,1.1,4.5,0.7,66.7,0,0.1
1262,0.77,1.6,8.2,12.1,11,0.46,0.8,1.3,66.5,109,0.1
1285,0.5,1.27,64.7,8.3,4.5,0.46,0.6,0.2,21.7,8,0
1326,60.45,1.24,4.4,5.7,14.8,0.9,4.3,1,69.8,2,0
1339,97.85,1.6,1.2,1.8,58.4,0.05,0.8,10.9,26.8,117,0.1
1428,0.24,1.63,3.7,10,21.8,1.26,5.3,3.7,55.4,84,0.1
1451,0.1,1.61,42.6,4.3,7.4,0.06,3.2,1.4,40.9,79,0.2
1454,13.2,1.63,18,10.2,20.3,0.46,8.8,8.9,32,20,1.6
1473,3.3,1.59,25.2,20.4,7.3,0.05,8,4.5,32.9,53,1.7
1491,9.22,1.55,1.5,4.6,41.3,0.59,2.9,3.2,46.5,160,0
1496,12.2,1.21,9.8,6.6,42.3,2.84,5,4.2,32,0,0.1
1519,20.7,1.42,1.5,5.1,17.1,0.1,2.1,0.8,73.3,124,0
1535,0.04,1.64,22.7,2.9,35.3,0.27,16.9,8.1,13.7,109,0.4
1562,2.12,1.59,24.2,3.4,35.8,0.23,5.5,8.2,22.7,51,0.2
1624,38.45,1.32,2.5,18.2,12.8,1.83,4.5,0.2,61.8,0,0
1631,10.09,1.7,7.4,4.4,42.9,0.1,5,11,28.7,74,0.5
1669,1.55,1.64,34.2,11,17.5,0.06,5.9,8.9,21.1,81,1.4
1672,8.5,1.52,4.2,17.3,20.5,0.66,13.6,11.9,30.8,0,1.7
1685,0.13,1.61,50.2,12.7,7.1,0.42,15,1.8,18.3,15,0.3
1699,0.75,1.64,19.4,9.5,3.8,0.04,4.5,0.4,62.4,109,0
1712,0.53,1.22,66.2,1.1,0.3,1.65,31.2,0.1,1.1,0,0
1730,3.29,1.68,17.8,13.4,18.5,0.13,13.6,5.5,30.6,48,0.6
1735,5.26,1.68,8.2,15.4,20.6,0.2,12.2,6.7,36,36,0.9
1760,15.55,1.52,1.1,18,14.8,0.02,2.5,2.7,60.7,137,0.2
1785,3.51,1.62,14.1,14.3,12,0.09,5.7,2,51.7,122,0.2
1812,14,1.69,0.6,14,19.8,0.02,4,8.4,51.8,102,1.4
1834,2.95,1.63,3.3,7.3,7.5,0.32,0.7,1.6,79.5,122,0.1
1838,0.31,1.53,3.1,37.1,8.9,0.95,9.7,2.2,38.8,36,0.2
1843,0.12,1.59,19.4,42,7.2,0.13,11,1.6,18.8,76,0
1852,0.51,1.48,39.4,11.8,5.8,0.14,11.2,0.8,30.8,56,0.2
1871,0.25,1.6,29.2,12.8,7.6,0.51,21.1,1.4,27.8,23,0
1873,0.14,1.58,48.8,10.4,7.2,0.16,7.2,1.4,24.8,91,0.2
1875,0.01,1.63,50.6,10.8,5.2,0.07,7.8,0.4,29.2,175,0
1884,7.45,1.54,0.6,16.3,1.6,0.22,2.3,0.2,79,28,0
1886,2.89,1.63,0.7,14.5,1.4,1.06,3.9,0.1,79.4,64,0
1903,9.35,1.63,3.6,15.8,10.1,0.64,4.4,2.1,63.9,86,0.1
1921,7.15,1.55,33.4,11.8,12.2,0.25,6.4,2.2,33.8,25,0.2
1924,16.23,1.4,45.4,8,9,0.06,9.6,1.6,26,132,0.4
1928,18.9,1.63,2.7,9.2,26.4,0.01,4.9,3.6,53,79,0.2
1957,0.33,1.5,63.4,11.2,2.2,0.12,8.6,0.4,14.2,165,0
1980,18.4,1.38,2.6,8.2,16.8,1.06,2.6,2.8,66.8,0,0.1
1986,31.55,1.41,0.9,5.6,15.1,1.52,3.4,1.8,73.2,0,0
2007,19.75,1.33,3.1,10.8,16.1,1.08,3.5,1.8,64.6,0,0.1
2014,52.6,1.51,0.7,3.1,35,0.04,1.8,4.3,54.9,147,0.2
2020,84.6,1.49,2.3,2.8,43.9,0.3,3.9,16.1,28.6,23,2.4
2026,74.5,1.53,2.2,2.7,43.1,0.1,2.2,16.7,30.3,91,2.8
2027,73.2,1.56,2.2,2.7,40.8,0.04,2,17,31.4,127,3.9
2028,23.65,1.23,3.1,17.9,12.2,1.76,2.5,2.2,62,0,0.1
2029,21.05,1.4,1.7,17.3,11.1,0.76,3,1.9,64.9,15,0.1
2039,86.2,1.57,2.1,3.9,36.1,0.1,2.7,14.2,37.8,69,3.2
2046,162.15,1.44,1.4,3.4,11.5,0.15,5.3,3.2,73.2,38,2
2056,6.31,1.68,1.8,12.2,20.1,0.48,2.8,2.6,60.5,21,0
2069,23,1.48,1.4,9.2,8.4,0.19,0.9,0.6,79.5,33,0
2071,19.25,1.57,0.6,9.2,8.6,0.11,1.1,0.5,80,74,0
2095,6.18,1.7,2.1,16.8,27.7,0.5,2.5,2.8,48,61,0.1
2111,53.25,1.48,1.1,3.3,13.1,0.11,0.6,0.4,81.5,41,0
2122,38.5,1.54,0,5,53.7,0.8,2.2,5.7,33.4,10,0
2159,3.51,1.65,9,7.2,22.6,0.19,4,2.2,54.6,84,0.4
2168,0.45,1.83,12.2,18.7,26.2,0.04,14.1,6.5,22,127,0.3
2192,6.41,1.58,16.3,26.9,5.3,0.15,3.9,1,46.5,76,0.1
2198,13.27,1.61,4.9,21.8,14.5,0.39,5.9,2.5,50.2,18,0.2
2256,6.18,1.59,2.6,26.2,11.5,0.11,5.4,3.5,50.3,66,0.5
2262,9.34,1.54,7,22.6,10.3,0.09,5.1,2.5,52.3,79,0.2
2289,192.5,1.25,1.3,1,73.3,0.47,3.9,7.6,12.9,0,0
2309,0.75,1.63,30.6,11,8.8,0.11,14.2,1.8,33.4,142,0.2
2318,19.3,1.58,0.2,8.6,36.7,0.26,4.8,7.4,42.1,15,0.2
2336,21.7,1.51,1.8,22.8,10.6,0.17,8.3,2.4,53.9,38,0.2
2353,23.65,1.48,0.5,5.6,9.8,0.36,1.3,0.1,82.7,0,0
2418,2.99,1.6,2,36.8,6.3,0.43,5.1,0.4,49.4,46,0
2419,21.26,1.31,3.1,11.9,20.1,1.14,4.3,1.8,58.6,0,0.1
2444,0.5,1.82,9.4,11.6,20.7,0.13,6.6,2.3,49.4,71,0
2485,1.18,1.56,35.3,7.2,16,0.37,3.9,1.2,36.4,36,0
2491,1.36,1.37,67.9,6.4,7,0.16,5.9,1.8,10.8,61,0.2
2509,1.56,1.73,5.8,11.4,17.6,0.44,6.4,5.4,52.6,23,0.8
2513,0.3,1.68,28.7,5.6,9.4,0.09,6.5,1.2,48.6,96,0
2518,21.05,1.63,3.8,8.6,32.4,0.31,6.4,12.4,35,20,1.4
2521,2.08,1.74,12.6,10.2,27.3,0.06,7.5,3.7,38.4,213,0.3
2555,0.12,1.58,64.8,10,6,0.04,5.2,1,13,193,0
2603,5.55,1.58,17.9,12.9,17.7,0.2,6.2,5.6,39.2,89,0.5
2617,7.37,1.5,5.2,36.1,2.6,0.31,13,0.8,42.2,38,0.1
2647,0.15,1.77,12.2,5.2,32.2,0.26,1.3,4.8,43.8,157,0.5
2648,50.95,1.41,0.4,3.3,35.9,0.64,0.7,2.2,57.5,0,0
2711,9.71,1.61,1.8,9.6,10.5,0.09,1.5,4.4,72.1,41,0.1
2729,17.9,1.36,0.6,25.6,2.4,0.63,2.3,0.3,68.8,18,0
2751,24.95,1.65,0.4,11.9,40.3,0.02,3.4,6.3,37.6,74,0.1
2769,23.65,1.26,9.6,5.2,32.3,2.91,6.3,8.5,37.6,41,0.5
2804,61.8,1.46,0.3,5.1,5,0.2,0.2,0,89.4,0,0
2813,0.04,1.62,18.6,6.6,2.6,0.1,2,0.2,70,157,0
2814,0.03,1.39,47.5,19.4,0.8,0.27,11.9,0.2,20.2,71,0
2821,90.1,1.43,0.5,0.7,63.7,0.18,2.6,7,25.5,15,0
2835,42.05,1.21,2.8,3.8,1.2,1.54,2,0,90.2,0,0
2839,31.55,1.49,2.6,4.9,1.1,0.08,1.2,0,90.2,71,0
2890,57.85,1.45,1,2.5,3.1,0.21,0.9,0.2,92.3,183,0
2931,63.75,1.48,0.8,2.6,4.4,0.11,0.7,0.2,91.3,165,0
2954,0.39,1.67,18.6,8.1,3.6,0.08,4.8,0.5,64.4,165,0
2979,17.45,1.5,0.8,6.1,2.6,0.14,2.9,0,87.6,18,0
2991,1.19,1.38,2.2,3.3,3.4,3.1,4.4,0,86.7,170,0
2995,15.1,1.5,2.3,22.7,1.2,0.08,5.5,0.1,68.2,36,0
3008,0.9,1.54,4.8,17.4,0.2,0.18,2.2,0,75.4,109,0
3037,73.65,1.48,0.6,0.4,58,0.07,1.8,6.5,32.6,13,0.1
3069,24,1.65,4,5.6,38.2,0.28,10.6,13,27.6,10,1
3096,1.19,1.66,24.9,10.4,7.8,0.06,8.9,1.6,46.2,114,0.2
3104,2.63,1.52,4.1,20.4,18.5,0.71,8.6,5.6,42.4,15,0.4
3112,0.26,1.62,20.8,30.2,3.9,0.04,7.6,1.1,36.3,114,0.1
3120,11.15,1.61,5.2,6.1,31.9,0.11,9.6,16.2,28.7,71,2.3
3122,0.66,1.79,23.4,2.6,18.1,0.09,6.4,23.5,12.2,150,13.8
3164,41.3,1.38,2.8,21,24.2,0.28,2.3,4.4,45.1,41,0.2
3170,66.6,1.45,0.8,12.2,36.6,0.05,0.4,9.1,40.3,20,0.6
3205,4.99,0.88,6.1,15.2,2.3,7.44,12.4,0.1,63.9,0,0
3265,0.8,1.57,13,3.1,25.4,0.3,5.6,4.4,48.7,25,0.3
3269,8.48,1.23,1.5,8.2,26.9,4.39,9,2.8,51.5,0,0.1
3283,3.07,1.25,5.3,10.7,21.9,2.99,6.8,1.8,53.4,36,0.1
3285,29.25,1.38,2.5,10.1,24.5,0.58,2.9,1.9,58,46,0.1
3291,21.05,1.5,1.3,20,6.5,0.27,2.2,0.1,69.9,15,0
3300,0.07,1.67,18.4,14,1.5,0.03,2.9,0.2,62.7,71,0.3
3307,0.55,1.73,7.6,10.6,23.8,3.4,8.7,2.9,46.3,81,0.1
3329,7.2,1.58,4.8,7,34.2,0.47,2.5,3.3,48.2,91,0.1
3337,60.5,1.48,1.2,2,31,0.72,1.2,3.1,61.2,0,0.1
3376,25.95,1.63,1.7,1.2,52.5,0.4,0.4,12.7,31.2,41,0.3
3394,84.8,1.45,0.3,0.8,59.4,0.03,0.2,5,34.3,51,0
3412,2.04,1.46,19.8,1.6,31.5,1.31,4.3,3,39.8,74,0
3417,8.6,1.61,17.4,3.7,17.6,0.39,1.7,1.5,58.1,111,0
3420,2.61,1.33,7.7,2.4,33.5,0.14,7,7.1,39.4,25,2.9
3425,5.68,1.54,35.6,2.9,16.4,0.52,9.4,2.6,33,66,0.1
3434,43.7,1.56,0.3,1.5,24.1,0.15,1.2,2.2,70.7,61,0
3440,1.13,1.62,3.6,3.5,36.7,1.32,1.3,5.4,49.4,86,0.1
3443,26,1.67,0.2,1.8,27.6,0.08,2,3.3,65,18,0.1
3464,32.2,1.26,2.5,24,3.3,1.74,2.2,0.1,67.9,0,0
3465,19.7,1.5,0,24.8,3.3,0.35,3.9,0.1,67.8,15,0.1
3474,9.2,1.48,1.4,28,4.3,0.84,4.8,0.2,61.3,13,0
3499,1.05,1.65,27.6,8.4,5.2,0.12,3.6,0.4,54.8,112,0
3536,0.04,1.57,35,14.6,2,0.12,11.6,0.2,36.6,147,0
3555,0.1,1.27,49.4,12.8,2.2,0.11,13.6,0.2,21.8,68,0
3563,0.03,1.74,26.6,12.4,15.6,0.09,7,3.2,35.2,86,0
3569,24.3,1.61,1,18.6,25,0.02,3.2,2.2,50,58,0
3592,20.5,1.36,1.8,29.7,1,1.98,4,0.1,63.4,10,0
3597,19.7,1.6,0.5,6.1,26.3,1.13,0.6,0.6,65.9,0,0
3605,163.5,1.19,2.6,6.2,20,2.14,0.9,1,69.3,0,0
3607,59.5,1.45,3.3,4.8,18.4,0.17,2.5,1,70,71,0
3664,0.4,1.62,5.6,19.1,24.3,0.2,10,1.9,39.1,185,0
3679,47.35,1.54,1.7,2.8,44.5,0.39,3.2,6.6,41.1,20,0.1
3683,1.35,1.62,26.2,2.6,29.2,0.26,3.2,4.2,34.4,145,0.2
3752,27.95,1.53,0.6,9.3,32.5,0.1,1.2,1.3,55.1,18,0
3756,9.53,1.6,3.1,9.3,27.6,0.41,2.9,1.2,55.9,150,0
3763,38.8,1.55,1.3,5.7,15.8,0.05,0.9,0.9,75.4,132,0
3775,82.2,1.53,1.2,1.4,49.2,0.07,1.3,6,40.9,15,0
3794,51.9,1.38,1.3,2.9,4,0.41,2.6,0.1,89.1,84,0
3827,32.2,1.49,1.5,4,1.5,0.06,1.3,0,91.7,114,0
3842,59.15,1.58,1.4,1.8,51.2,0.27,1.6,7.1,36.7,15,0.2
3848,35.5,1.5,0.6,3.5,6,0.08,1.4,0.1,88.4,10,0
3862,17.75,1.42,1,30.3,22,0.42,6.7,5.2,34.7,0,0.1
3929,69.65,1.39,2,2.5,17.9,0.57,1.3,1.5,74.8,0,0
3981,84.11,1.4,1.8,3.2,4.3,0.17,1.1,0.2,89.4,36,0
4008,68.4,1.41,0.4,1.4,4.3,0.14,1.8,0.1,92,10,0
4049,1.38,1.42,3.3,1.3,2.2,5.1,9.6,0.1,83.5,135,0
4064,1.74,1.56,3,2.7,16.1,0.39,2.4,7.3,68.5,190,0
4082,11.95,1.5,5.6,4.1,0.6,0.41,0.9,0,88.8,53,0
4111,18.4,1.31,5.7,6.1,1.8,1.72,3.7,0,82.7,33,0
4113,10.07,1.43,5.6,5.8,2.2,0.75,2.8,0.1,83.5,58,0
4145,0.13,0.49,24.6,5.5,28.8,5.18,5.6,1.7,33.7,0,0.1
4180,59.45,1.41,0.2,4,45.1,0.45,1.4,2.6,46.7,10,0
4184,9.75,1.35,4,3.6,37.2,2.22,5.1,2.7,47.4,102,0
4228,34.8,1.41,0.1,5.8,21.2,0.09,1.2,1.2,70.5,18,0
4252,1.39,1.63,16.8,13.1,19.7,0.21,8.3,1.3,40.8,71,0
4265,4.92,1.67,12.3,0.5,50.2,0.19,4.3,18.2,13.8,122,0.7
4267,2.96,1.75,22.6,0.7,45.5,0.08,3.9,12,15,170,0.3
4279,4.93,1.76,12.4,0.8,45.8,0.34,3.3,8.5,28.8,62,0.4
4308,22.35,1.53,1.5,5.5,47.6,0.88,1.5,10.4,32.9,0,0.7
4345,22.35,1.24,4.9,11.9,31.4,2.63,9,2.3,40.4,8,0.1
4361,9.63,1.73,9.7,4.7,33.7,0.33,11.2,16.4,23.2,25,1.1
4364,14.45,1.61,16.1,5.8,29.2,0.15,7.4,15.9,23.7,86,1.8
4370,19.1,1.59,7,11.3,19.8,0.03,12.5,9,39.1,71,1.3
4390,1.14,1.36,16.8,28.8,0.4,0.83,32.9,0.1,20.9,10,0.1
4394,0.43,1.66,9.9,35.3,1,0.58,26,0.1,27.7,15,0
4407,1.67,1.53,16.2,29.6,6.2,0.15,15,4.5,28.3,81,0.2
4442,4.39,1.73,12,13.1,21.2,0.15,12.5,9.9,30.4,66,0.9
4446,11.6,1.47,2.1,12.7,21.7,1.16,4.7,1.7,56.9,0,0.2
4474,0.96,1.57,19.2,25.7,7.4,0.2,25.7,2.2,19.3,33,0.5
4531,24.35,1.55,1.6,4.7,23.7,0.32,3.3,6,59.2,20,1.5
4546,0.01,1.16,49.8,5.4,6.6,0.71,21.8,2,13.6,61,0.8
4581,64.45,1.5,4.4,6.2,30.9,0.15,2.5,2.8,53.1,58,0.1
4590,48.65,1.52,1,4.4,12.4,0.19,0.8,1.1,80.3,13,0
4592,1.2,1.75,11.2,29,7.2,0.17,7.6,1.6,43.2,119,0.2
4628,27.2,1.56,1.8,7,21.1,1.67,5.8,7,56.3,64,1
4670,18.4,1.54,0.7,8.2,6.8,0.24,2.7,3.8,76.6,38,1.2
4671,16.1,1.39,3.6,6.6,7.1,1.34,5.2,4.9,70.6,66,2
4673,25.7,1.58,0.4,7.8,6.9,0.22,2.5,4.8,76.1,112,1.5
4681,14.5,1.61,1.8,10.8,8.2,1.26,3.4,1.6,74.1,64,0.1
4705,19.1,1.49,1.9,17,18.6,0.69,5.9,3,53.5,0,0.1
4718,16,1.67,1.4,12.5,32.5,0.25,4.5,6.8,42,23,0.3
4724,10.52,1.55,11.1,14,17.9,0.33,5.3,3.8,47.7,38,0.2
4725,23,1.44,0.8,13,32.2,1.04,3.7,5.3,44.8,0,0.2
4736,14.95,1.56,8.3,14.6,19,0.18,6.6,6.2,44.1,61,1.2
4743,3.2,1.65,8.6,17.5,19.3,0.1,5.9,4.6,43.9,79,0.2
4765,7.31,1.4,5.6,18.2,5,1.25,7.5,0.5,63.2,64,0
4768,0.26,1.75,26.5,12.6,2.7,0.18,3.4,0.2,54.6,124,0
4799,0.29,1.73,13.9,1.8,40.8,0.13,0.7,3.9,38.9,112,0
4811,30.9,1.27,1.1,3.5,13.3,0.07,1.1,1,80,53,0
4817,46.35,1.42,0.8,0.8,70.6,0.02,0,1.1,26.6,162,0.1
4826,0.85,1.5,23.5,15.9,10.1,0.09,7.5,4,38.1,36,0.9
4897,21.7,1.57,2.1,7.9,19.2,0.1,2.6,1.9,66.3,38,0
4916,2.14,1.54,3.2,4.7,10,1.78,3.9,0.6,77.6,86,0
4925,0.01,1.74,24.3,8.8,19.4,0.1,6.5,4.2,36.5,81,0.3
4931,27.6,1.49,1.1,1.6,11.5,0.36,1.8,0.8,83.2,25,0
4937,21.7,1.51,0.9,11.1,10.1,0.07,3,1,73.9,89,0
4938,42.05,1.2,2.8,2.9,35.4,2.52,13.3,2.7,42.9,0,0
4954,0.75,1.65,18.9,3.6,29.8,0.08,9.3,13.2,23.4,134,1.8
4966,10.54,1.41,1,26.9,7.2,0.59,4.1,1.6,59.1,0,0.1
4975,0.02,1.48,26,24.1,5.6,0.26,12,2.3,29.2,51,0.8
4977,16.4,1.53,1.3,14.5,9.9,0.26,3.4,0.9,70,18,0
4989,17.75,1.64,0.8,29,19.7,0.11,1.2,8,39.7,112,1.6
5020,13.32,1.56,5.3,6.4,33.3,1.26,13.4,16.6,23.3,0,1.7
5032,2.71,1.71,15.6,5.9,33.8,0.09,2.4,13.5,27.5,137,1.3
5036,110,1.52,3.3,1.1,54,0.05,5.2,7,30.3,107,0.1
5053,124,1.31,1,0.4,62.5,0.88,1.5,2,32.6,0,0
5058,134,1.53,1.8,0.6,56.4,0.07,2.5,1.8,36.9,94,0
5065,22.3,1.58,24.2,2.6,27.3,0.03,3.2,22,13.7,175,7
5067,4.71,1.54,9.7,12.8,16.8,0.89,22,4.4,33.7,10,0.6
5085,1.84,1.68,15.1,3.5,27.3,0.08,6.1,8,38.8,64,1.2
5086,0.01,1.63,25.2,1.5,22.8,0.06,2.9,4,43.1,81,0.5
5114,62.45,1.35,1.8,0,57.9,0.05,1,6.1,33.1,175,0.1
5144,3.64,1.63,8.2,9.6,22.2,0.17,23.6,12.8,20.8,30,2.8
5210,64.4,1.52,1.1,3.3,39.4,0.06,2.6,8.4,45,135,0.2
5216,0.11,1.37,41,20.8,1,0.1,10,0.4,26.8,130,0
5223,0.19,1.61,20.7,21.4,5.8,0.2,10.1,0.4,41.6,71,0
5227,4.67,1.63,4.8,5.9,37.4,0.22,11.2,12.5,26.9,13,1.3
5274,6.79,1.49,4.9,21.2,15.7,0.98,6.4,1.4,50.4,58,0
5328,20.15,1.63,2.1,0.9,23.7,0.06,3.1,3.8,66.4,53,0
5329,6.24,1.63,6,0.4,19.8,0.12,1.7,2.4,69.7,132,0
5366,82.2,0.65,22.2,4.3,14.7,14.32,0.8,6.7,50.3,23,1
5384,3.29,1.73,22.2,9.5,20.3,0.13,4.6,1.8,41.6,104,0
5392,34.15,1.59,0.7,7.4,24,0.14,0.4,4.9,62.4,38,0.2
5399,3.73,1.69,4.8,3.7,41.2,0.6,3.5,7.4,39.1,0,0.3
5400,12.05,1.67,4,3.8,38.7,0.18,4,5.9,43.4,20,0.2
5436,20.05,1.67,6.2,11.2,27,0.08,4.4,14.4,35.2,79,1.6
5446,45.35,1.61,0.4,3.1,34.8,0.03,1.5,11.7,48.2,38,0.3
5455,24.65,1.61,0.9,5.5,39.6,0.04,3.2,3.7,47,68,0.1
5518,20.35,1.6,4.8,4.2,35.2,0.12,1.9,2.6,51.3,119,0
5521,11.1,1.5,2,7.6,36.7,1.18,7,4.3,42.3,0,0.1
5527,5.78,1.68,4.2,8.5,33.6,0.16,6,5.5,42,53,0.2
5543,2,1.65,13.5,22,18.7,0.02,8.5,2.3,34.9,175,0.1
5554,1.4,1.23,52.3,4.8,11.6,0.08,15.7,1.6,14,185,0
5584,13.8,1.5,8.3,14.3,15,0.86,5.6,1.4,55.4,0,0
5588,6.05,1.41,32,10.2,15,0.7,11.8,4.4,25.6,5,1
5603,50.95,1.28,0.7,8.4,33.6,0.08,4.9,4.9,47.2,0,0.3
5606,37.8,1.41,2.2,4.6,34.7,0.28,4,4.3,50.1,0,0.1
5616,53.9,1.6,2,4.3,51.4,0.44,2.9,7.4,31.9,48,0.1
5629,26.35,1.3,3.2,17.4,13.8,0.91,14,5.2,45.8,0,0.6
5654,12.48,1.69,5,5.6,46.1,0.3,5.5,8.1,29.3,15,0.4
5657,1.18,1.55,33,4.8,28.6,0.14,7.9,4.5,21.1,86,0.1
5658,0.28,1.77,26.6,5.3,32,0.05,7.1,5.5,23.4,157,0.1
5660,15.45,1.71,2.4,7.7,37.6,0.19,4.3,6.5,40.3,20,1.2
5681,4.84,1.43,1.7,29.5,9.8,1.07,3.6,0.9,54.5,0,0
5701,17.4,1.49,0.5,21.6,8.9,0.03,1.9,0.6,66.5,107,0
5703,55.25,1.6,0.5,2.7,33.9,0.19,0.9,13.8,45.9,180,2.3
5714,55.2,1.53,1.4,5.5,43.6,0.04,1.1,3.1,45.2,203,0.1
5722,36.8,1.44,2.3,3,56.6,0.8,4.1,6.7,27.3,61,0
5730,0.23,1.75,28.9,22.2,1.4,0.12,6.5,0,41,145,0
5740,6.41,1.69,3.4,24.4,2.3,0.09,6.5,0.2,63.2,25,0
5789,33.55,1.44,1,3.2,32.7,1.09,4.5,4.1,54.5,0,0
5793,53.9,1.55,0.9,4.8,29.3,0.08,2.5,4.2,58.2,89,0.1
5795,4.2,1.68,1.5,4.2,24.5,0.08,2.3,5,62.4,152,0.1
5797,16.09,1.48,1.1,8.8,30.9,1.14,4.3,4.1,50.8,0,0
5820,13.8,1.46,4,14.8,7.2,1.47,4.6,0.1,69.3,46,0
5846,24.35,1.06,1.1,3.6,51.9,0.77,2.3,6,35.1,0,0
5874,32.6,1.54,1.6,3.3,46.2,0.25,6.5,10.5,31.7,25,0.2
5885,24.95,1.53,1.2,2.8,55.4,0.7,6.1,10.1,24.4,0,0
5963,0.01,1.67,43.3,9.4,8.2,0.11,19.9,3,15.8,117,0.4
5964,12.32,1.49,3.1,29.5,10.3,1.59,10.3,1.5,45.4,0,0
5966,10.3,1.62,0.8,31.3,10.6,0.08,5.3,1.6,50.4,43,0
5981,1.27,1.55,19,21.6,9,0.34,13.4,1.2,35.8,30,0
5998,4.85,1.86,1.6,5.5,45.6,0.99,8,3.1,36.2,150,0
6001,27.25,1.66,1.7,14.3,45.5,0.06,1.7,3.9,32.9,142,0
6006,23.35,1.56,1.8,13.8,22.9,0.06,5.6,6.2,49.4,68,0.3
6045,79.1,1.46,1.3,3.9,40.7,0.68,3.5,4.2,46.4,5,0
6051,8.91,1.49,1,19.3,23.7,1.36,1.6,1.1,53.3,0,0
6053,71.9,1.48,1,2.4,31.5,0.89,4,3.6,57.5,0,0
6085,172,1.07,0.4,0.3,52.6,1.22,0.4,12.1,34.1,0,0.1
6111,60.6,1,4.1,1.2,28.8,1.5,2.4,4.9,58.5,97,0.1
6118,1.32,0.97,4.2,9.4,0.6,1.63,83.4,0,2.4,71,0
6120,2.41,1.6,4.6,2,28.8,0.54,2.2,5.4,56.9,104,0.1
6127,48.65,1.42,0.1,0.7,50.8,0.14,0,7.2,41.2,8,0
6140,4.02,1.71,11.6,13,22,0.1,13,7.6,32.2,23,0.6
6177,60.45,1.37,4.6,6.84,34,0.36,9,20,23.2,15,2.4
6192,58.55,1.34,2.8,13.6,35.2,1,7.2,16.3,22.5,0,2.4
6204,69.05,1.5,1,2.5,55.5,0.72,3.7,14.3,22.7,0,0.3
6259,7.7,1.77,2.4,15.6,26.6,0.03,7.7,11.9,34,110,1.8
6267,0.2,1.45,42.3,19.8,0.8,0.69,29.9,0.4,6.8,15,0
6283,0.05,1.81,7.8,16.4,20.6,0.07,11,2.2,41.6,74,0.4
6331,0.04,1.65,13.9,13.6,8.5,0.19,4.1,0.8,59.1,99,0
6333,10.49,1.49,1.2,11.6,12.9,0.38,2.3,1.2,70.8,142,0
6344,7.01,1.73,4.2,3.5,41.2,0.27,12.8,10.7,27.3,104,0.3
6363,4.43,1.65,9.8,11.4,10.8,0.06,3.4,0.6,64,124,0
6366,16.75,1.55,4.7,8,13.8,0.28,3.3,0.5,69.7,23,0
6387,0.76,1.36,40.7,8.6,7.6,0.34,4.1,0.8,38.2,36,0
6402,21.7,1.5,0,8.7,13.5,0.81,1.1,0.8,74.8,0,0
6419,28.95,1.48,0.9,9.3,17.2,0.47,1.6,0.2,70.8,13,0
6423,23.65,1.5,2,10.5,4.2,0.32,0,0.2,83,10,0.1
6424,27.3,1.49,1.6,10.3,4.1,0.1,0,0.1,83.9,36,0
6443,3.45,1.42,1.2,7.6,10.3,0.75,5.1,0.7,75.1,8,0
6457,0.02,1.15,63.6,10.6,1.2,0.2,13.2,0.2,11.2,147,0
6494,36.15,1.32,1.4,2.6,11.7,1.23,1.3,1.4,81.6,0,0
6503,20.05,1.54,0.8,4.4,5,0.22,3.7,0.2,85.9,96,0
6542,1.7,1.24,3.2,2.3,8.1,2.29,6.4,0,80,41,0
6593,0.02,1.62,30.4,9.8,9.8,0.19,4.8,0.4,44.8,91,0
6602,14.7,1.43,1.7,30.5,7.7,1.4,2.5,1.4,56.1,0,0.1
6615,13.8,1.57,1.6,20.7,7.6,0.18,3.4,1.3,65.3,69,0.1
6660,10.97,1.48,2.8,12.7,20.8,0.22,7.4,2.9,53.2,18,0.2
6695,6.79,1.61,1.3,5.6,17,1.07,8.7,1.1,66.3,165,0
6709,6.14,1.56,3,11.2,8.2,0.43,5.5,0.6,71.5,41,0
6723,11.19,1.22,17.6,6.5,10.8,2.95,32.4,12.3,11.8,0,8.6
6754,24.35,1.44,2.5,7.6,20.8,0.68,0.7,5.1,63.2,132,0.1
6777,11.5,1.69,0.9,13.3,14.2,0.02,1.9,2.5,67.2,58,0
6793,1.57,1.77,1.6,13,11,0.27,4.1,2.9,67.4,94,0
6811,27.6,1.59,0.3,16.3,14.4,0.02,1.1,2,65.9,102,0
6862,36.8,1.46,0.4,1.4,1,0.14,1.5,0,95.7,20,0
6902,0.38,1.46,22.4,17.3,0.3,0.08,7,0.1,52.9,112,0
6921,46.7,1.14,1.5,1.4,1,1.24,4.6,0,91.5,0,0
6939,3.55,1.46,16.9,2.9,0.4,0.15,1.5,0,78.3,157,0
6984,8.32,1.57,2.3,2.1,4.2,0.74,3.2,0.5,87.7,66,0
6986,0.29,1.29,40,14.7,0.1,1.16,16.5,0,28.7,28,0
6996,34.85,1.4,2.2,2.86,10.5,0.51,1.2,0.25,83.1,13,0
7019,27.95,1.54,2,3.1,10.3,0.11,7.6,1.1,76.3,10,0
7028,40.3,1.5,0.2,1.3,16.2,0.57,2.9,0.6,78.8,0,0
7038,4.34,1.54,11,3,8.6,0.13,1,0.7,75.7,119,0
7046,6.77,1.62,4.9,13.2,0.6,0.23,5,0,76.3,64,0
7053,24.12,1.47,4.2,35.5,0.8,0.17,5,0,54.5,13,0
7078,115.5,1.54,0.9,1,53.6,0.1,1,18.1,24.1,13,1.3
7093,29.35,1.46,0.6,3.8,11.9,0.36,2.7,1.3,79.5,10,0.2
7105,0.09,1.7,36.6,29,0.2,0.1,20.2,0,14,130,0
7128,27.65,1.59,2.6,3.1,30.4,0.67,4.8,11.4,46,48,1.7
7174,56.05,1.62,1,1.9,40.9,0.07,0.3,0.6,55.3,152,0
7179,38.8,1.6,0.5,4.3,34.9,0.12,2.2,1.3,56.8,114,0
7182,27.6,1.55,0.1,3.8,38,0.55,1.9,1,55.3,0,0
7206,60.15,1.57,1.4,1.9,39,0.16,2,1.9,53.8,71,0
7208,66.4,1.44,2,1.3,32.9,1.24,1.9,0.5,61.4,155,0
7214,0.88,1.73,15.8,4,25.5,0.05,2.7,1.7,50.3,152,0
7216,7.89,1.63,2,28.4,8.6,0.14,7.8,2.5,50.4,15,0.3
7239,0.01,1.43,36.6,7.4,13.9,0.17,8.2,1.3,32.6,28,0
7243,1.37,1.72,9.7,5.2,21.3,0.39,2.6,3.2,57.9,91,0.1
7267,0.75,1.84,18.7,3.4,9.4,0.02,2.3,0.4,65.8,160,0
7274,35.5,1.62,2,11.4,28.1,0.04,3.1,14.8,38.6,142,2
7313,0.36,1.55,32.2,4,7.8,1.3,5.9,0.9,49.2,112,0
7332,10.94,1.46,4.1,11.3,17.4,0.37,17.5,3,46.6,162,0.1
7355,13.1,1.56,3.3,27.4,11.9,0.15,2.8,1.2,53.4,41,0
7364,15.45,1.56,0.7,21.3,25,0.25,2.8,3.2,47,10,0
7397,0.3,1.62,6.9,27.8,10.9,0.3,4.3,0.8,49.3,132,0
7410,3.04,1.57,4.5,11.5,21.6,0.83,9.9,9.7,42.4,122,0.4
7411,10.5,1.66,5.7,13.2,19,0.87,8.2,7.4,46.1,183,0.4
7422,5.65,1.45,3.1,19.3,16.7,0.45,4.2,2.1,54.5,137,0.1
7423,19.1,1.33,0.9,23.3,16.8,1.44,1.5,1.6,55.9,0,0
7449,13.3,1.61,0.8,16.8,32.4,0.04,2.4,3.1,44.4,53,0.1
7452,5.04,1.24,1.3,34.7,12.8,3.85,4.9,1.1,45.2,0,0
7453,9.2,1.55,1,40,11.6,0.22,2.8,1,43.6,15,0
7456,25,1.64,1.2,2.8,60.6,0.09,0.4,5,30,150,0
7487,0.06,1.69,14.4,6,13.4,0.21,17.8,1.8,46.4,130,0.2
7503,19.7,1.49,6,4.1,39.3,0.17,2.9,2.8,44.9,38,0
7607,59.2,1.55,38.9,9.1,12.4,0.15,2.7,1.1,35.6,124,0.2
7627,10.8,1.56,0.4,52,3.8,0.02,4.1,0.1,39.6,160,0
7646,23.2,1.56,0.7,15.2,18.4,0.13,0.6,1.7,63.3,25,0.1
7655,1.4,1.63,8.2,12.1,11,0.46,0.8,1.3,66.5,109,0.1
7685,0.31,1.78,14,32.7,9.8,0.06,3.7,0.3,39.5,107,0
7688,59.2,1.53,0.7,6.3,21.5,0.16,1.3,0.4,69.8,12,0
7746,88.1,1.48,1.1,0.6,53,0.19,0.3,2.7,42.3,168,0
7747,74.9,1.39,0.1,0.5,63,0.42,0,7,29.4,0,0
7763,13.1,1.55,1,29.7,3.7,0.04,2.1,0.2,63.3,84,0
7773,31.6,1.06,2,23.6,17.3,1.26,0.9,2,54.2,0,0
7774,23.7,1.54,0.6,26.3,14.8,0.08,0.8,3.3,53.9,10,0.3
7780,0.49,1.79,18.6,18.6,12.8,0.05,4,4.2,41.2,165,0.6
7837,22.4,1.66,0.4,13,29.9,0.18,1.2,1.7,53.8,28,0
7883,9.73,1.51,3.7,18.8,23.2,0.49,6.9,3.4,44,91,0
7916,72.3,1.49,0.2,1,67.8,0.89,0,8.3,22.7,0,0
7979,0.04,1.69,50.5,16.4,4.9,0.03,14.1,3.2,10.3,178,0.6
7991,4.05,1.61,17.3,21.6,10,0.08,5.7,1.4,44,109,0
8024,50,1.16,7.1,15.5,21,0.94,12.7,10.7,30.9,0,2.1
8028,0.16,1.55,43.6,14.6,7.5,0.06,8.9,5,19.4,89,1
8144,1.45,1.72,31.2,9.2,18.8,0.34,6.9,2.3,31.4,28,0.2
8171,28.9,1.39,0.7,10.8,25.3,0.06,2.2,3,57.6,162,0.4
8177,12.8,1.58,2.2,15,17.4,0.27,8,6.2,50.4,43,0.8
8184,1.84,1.36,38.6,5,18,0.18,4.2,13.6,18.4,86,2.2
8194,0.03,1.2,28,3.2,1.2,0.07,65.6,0.4,1.6,178,0
8216,0.82,1.61,9.8,17,10.2,0.86,17.6,1.6,43.6,10,0.2
8234,6.08,1.66,1,27.8,14.7,0.07,6,5.6,44.5,89,0.4
8236,0.02,1.75,20.1,21,14,0.04,3.1,4.9,36.6,201,0.3
8238,0.28,1.56,29.2,12.8,7.6,0.51,21.1,1.4,27.8,23,0
8311,5.26,1.62,4.9,19,11.8,0.16,4.7,4.7,54.5,61,0.4
8332,12.7,1.15,3.4,12.8,4.7,3.58,5.9,0.2,73,2,0
8346,19.7,1.36,2.6,8.2,16.8,1.06,2.6,2.8,66.8,0,0.1
8354,40.8,1.18,2.6,5.8,13,2.21,0.9,2,75.6,25,0.1
8368,3.09,1.5,25.6,9,16,0.13,7.4,2.8,39,68,0.2
8380,18.4,1.54,0.3,22.6,10.9,0.47,2.5,2.4,61.1,33,0.2
8381,39.4,1.56,4.6,21.3,11.2,1.41,4.7,2.8,55.2,71,0.2
8383,9.99,1.66,1.8,23.1,10.7,0.16,2.7,2.7,58.8,114,0.2
8424,7.74,1.55,1.7,4.7,7.8,0.6,1.1,0.6,84.1,99,0
8428,40.1,1.54,0.6,4.1,15.1,0.14,0.9,0.5,78.8,5,0
8435,33.2,1.46,0.6,5.4,10,0.1,1.2,0.1,82.7,10,0
8444,5.92,1.58,21,11.6,28.2,0.84,2.2,3.4,33.6,91,0
8454,19.3,1.54,2.1,6.5,42.5,2.46,0.5,3.6,44.8,48,0
8473,2.28,1.62,6,4.9,45.3,2.3,5.2,4.6,34,127,0
8477,46,1.41,0,6.4,49.1,0.06,1.2,5.2,38,10,0.1
8492,9.86,1.63,7.2,15.8,24,0.12,1.8,1.5,49.7,160,0
8507,13.7,1.51,4,4.8,28.2,0.03,1.6,2,59.2,114,0.2
8524,30.2,1.48,1,14.8,27.8,0.04,2,4,50.2,147,0.2
8538,7.56,1.61,6.8,30.2,6.1,0.09,4.6,1.2,51.1,56,0
8548,15.8,1.6,3.5,21.2,15.5,0.02,4.5,3.4,51.7,99,0.2
8557,2.1,1.47,39.7,11.6,9.8,0.07,3.7,1,34.2,157,0
8576,9.2,1.79,5.2,12.6,21.2,0.14,6.3,2.7,52,43,0
8589,180,0.91,3,5.5,49.7,1.01,2,9.2,30.4,0,0.2
8602,0.29,1.85,14.2,19.3,12.2,0.07,6,3.7,44.2,109,0.4
8604,7.89,1.55,5,23.1,10.5,0.48,6.9,2,52.2,20,0.3
8663,31.6,1.54,0,10.3,32.1,0.18,5.5,6.6,45.3,33,0.2
8681,14.5,1.56,1.4,21,11,0.1,8.7,2.6,55,58,0.3
8714,3.94,1.58,6.9,24.1,12.7,0.06,3.3,1.8,51.1,112,0.1
8759,42.1,1.24,0.6,40,7,1.22,3.7,0.2,48.4,0,0
8761,2.91,1.6,2,36.8,6.3,0.43,5.1,0.4,49.4,46,0
8771,55.2,1.52,3.1,8.4,16.6,0.39,0.2,0.3,71.4,81,0
8797,28,1.48,2.9,9.3,22.1,0.71,1,0.9,63.8,0,0
8804,0.3,1.47,33.8,10.3,10.8,0.16,7,1,37,74,0.1
8811,24.3,1.55,5.8,7,31.1,0.25,9.3,19.5,25.7,79,1.6
8819,0.1,1.66,30.1,10.2,19.6,0.09,4.9,4.2,30.8,157,0.2
8829,0.57,1.52,46.4,3.6,8.2,0.14,3.4,0.4,38,48,0
8841,1.25,1.69,17.8,18.4,18.6,0.15,6.2,5.8,32.6,96,0.6
8866,4.21,1.72,9.9,8.8,28,0.01,4.7,10.8,35.6,157,2.2
8881,28.9,1.61,3.3,10.3,25.6,0.13,6.3,6.5,47.5,66,0.5
8888,1.29,1.73,12.7,19.8,17.4,0.63,9.9,6,33.4,20,0.8
8894,1.62,1.52,15.4,13.4,19.1,1.4,9.7,5.8,35.2,0,1.4
8913,2.37,1.6,4.2,19.2,21.1,1.68,6.4,5.7,43,0,0.4
8939,5.55,1.57,3.8,15.4,24.8,0.62,8.1,5.9,41.7,43,0.3
8944,6.57,1.57,5.1,13.6,22.5,0.28,6.6,6.1,45.8,15,0.3
8950,24.1,1.45,1.9,19.8,10.6,0.34,3.7,4.1,59.7,15,0.2
8959,8.33,1.4,5.7,37.3,2.8,0.42,11.3,0.9,42,10,0
8961,12.6,1.47,11.4,35.3,2.4,0.16,12.3,0.7,37.9,56,0
8962,1.25,1.66,23,31.3,1.7,0.2,11.7,0.6,31.7,66,0
9013,24.1,1.66,0.5,3.4,47.5,0.08,0.5,5.1,42.8,20,0.2
9014,21,1.67,2.3,3.7,46.2,0.06,0.8,5.1,41.8,38,0.1
9016,0.0613,1.78,17.8,2.7,38.9,0.18,1.7,4.5,34.3,91,0.1
9027,105,1.52,0.8,0.4,76.2,0.49,0.4,4.5,17.7,0,0
9038,164,1.42,3.1,0.2,68.4,0.16,1.8,10.1,16.4,33,0
9075,13.5,1.75,4.3,7.1,47.9,0.11,2.2,6.6,31.8,18,0.1
9095,0.32,1.72,15.2,4.2,31.9,0.07,11.5,3.4,33.7,155,0.1
9096,34.8,1.44,0.7,7.3,49.7,0.8,3.7,6.5,32.1,0,0
9105,1.84,1.63,14.6,3.8,25,0.4,18.1,9.1,28.1,115,1.3
9112,2.93,1.7,16.6,11.7,29.7,2.59,5.4,3.8,32.8,91,0
9161,0.03,1.35,47.5,19.4,0.8,0.27,11.9,0.2,20.2,71,0
9165,24.3,1.37,2.3,8.3,3.2,0.07,3,0.2,83,137,0
9168,94.7,1.47,0.5,0.7,63.7,0.18,2.6,7,25.5,15,0
9173,65.7,1.32,3.2,3.7,0.8,0.51,2.8,0,89.5,68,0
9181,28.3,1.54,0.6,3.1,2,0.05,0.8,0,93.5,117,0
9196,13.1,1.46,1.8,15.8,2,0.22,6.9,0.1,73.4,43,0
9214,40.8,1.41,0.5,3.4,4.3,0.11,1.6,0.2,90,30,0
9217,26.3,1.46,2.2,3.2,3.8,0.72,2.9,0.2,87.7,64,0
9246,15.1,1.47,2.9,4.6,3.1,1.05,6.5,0.2,82.7,25,0
9279,76.3,1.51,0.2,2.1,9.6,0.13,0.1,0.6,87.4,0,0
9293,72.3,1.24,1.2,7.9,11.5,1.66,5,3.3,71,0,0.1
9318,0.82,1.5,30.6,18.2,0.4,0.11,8.3,0.1,42.4,112,0
9340,12.3,1.45,2.7,21.4,1.1,0.18,7,0.1,67.7,13,0
9363,0.14,1.62,28.9,16.4,0.2,0.09,5.2,0,49.3,155,0
9373,80.2,1.47,0.8,0.3,62.8,0.13,0.8,5.3,29.9,15,0.1
9411,0.08,1.68,27.5,14.8,14.2,0.04,14.5,4.2,24.6,152,0.2
9445,2.93,1.66,22.9,23.2,6.3,0.04,25.4,1.3,20.8,89,0.1
9480,22.3,1.48,0.1,16.6,8,0.2,1.4,0.3,73.6,23,0
9497,18.4,1.61,1.5,7,14.5,0.47,1.6,1.2,74.2,94,0
9524,0.02,1.72,17.2,30.7,13,0.1,0,1.7,37.3,203,0.1
9561,0.02,1.68,6.2,4.6,7.9,0.07,0.9,3.4,76.5,147,0.5
9641,28.9,1.5,5,1,36.8,1.83,0.9,5.9,50.2,132,0.2
9663,81.5,1.49,0.4,0.8,56.7,0.03,0,5.6,36.5,102,0
9672,59.2,1.59,0.3,1.8,45.5,0.08,0.7,4.1,47.6,15,0
9703,11.8,1.64,2,31.2,1.9,0.09,2.1,0.1,62.7,94,0
9704,9.86,1.12,5.3,25.2,3.7,4.97,3,0.1,62.7,0,0
9705,7.23,1.52,0,28.4,4.8,0.48,5,0.1,61.7,15,0
9706,13.1,1.57,0.5,27.3,4.2,0.05,3.7,0.2,64.1,28,0
9711,0.23,1.71,13,25.1,3.4,0.05,5.1,0.1,53.3,112,0
9714,13.6,1.59,0.7,21.9,3.4,0.12,3.1,0.1,70.8,33,0
9716,2.56,1.42,3.1,23.9,3.2,0.97,4.1,0.1,65.5,66,0.1
9720,4.38,1.37,2.8,24.5,4.7,1.79,1.9,0.1,66,0,0
9768,1.45,1.6,20.2,8.2,8,0.15,3.4,0.8,59.4,160,0
9772,21.9,1.43,3.6,12,9.6,0.35,1.8,0.6,72.4,18,0
9787,81.9,0.94,1.7,20.5,21.5,3.61,5.1,0.6,50.6,0,0
9823,20.7,1.26,3.9,20.3,21.4,1.76,3,0.6,50.8,33,0
9829,30.2,1.4,1.2,31.8,14.5,0.6,4.9,0.5,47.1,8,0
9831,18.4,1.32,0.9,29.4,11.8,0.05,3.6,0.4,53.9,68,0
9840,14.7,1.35,0.7,38.2,1,0.25,2.8,0,57.3,114,0
9921,1.29,1.56,17.6,5.4,19.8,0.16,2.2,1.5,53.5,130,0.1
9954,7.23,1.65,0.7,2.2,47.3,0.34,2,8.3,39.4,147,0.1
9982,2.63,1.8,1.8,16,12.4,0.36,8.8,0.6,60.4,127,0
10014,67.1,1.56,0.7,1.9,41.2,0.16,0.7,5.1,50.3,18,0.1
10076,32.2,1.43,0.6,4.7,51.7,1.05,4.1,3.8,35,0,0.1
10084,48.6,1.58,1.4,1.8,51.2,0.27,1.6,7.1,36.7,15,0.2
10095,15.1,1.43,0.8,3.4,4.9,0.3,2,0.1,88.8,96,0
10110,1.45,1.73,14.8,8,29.2,0.04,3.4,8.2,36,178,0.4
10115,5.04,1.08,10.9,3.4,7.4,1.81,9.6,0.6,68.1,20,0
10144,63.1,1.44,4.3,2.5,42.2,0.19,2.1,4.3,44.5,147,0.1
10151,39.4,1.32,2.3,6.2,39.8,1.25,6.7,2.8,42.1,0,0.1
10154,3.42,1.72,6.7,7.9,32.4,0.13,8.7,2.4,41.7,68,0.2
10160,48.6,1.47,2.1,4,3.2,0.26,4,0,86.7,140,0
10171,65.7,1.35,2,2.5,17.9,0.57,1.3,1.5,74.8,0,0
10248,86.8,1.39,1.5,1.7,15.6,0.03,1.6,0.9,78.7,81,0
10261,0.05,1.65,13.9,9.2,0.2,0.16,7,0,69.7,173,0
10271,44.7,1.28,0.4,1.7,3.5,0.45,0.4,0.2,95.8,0,0
10312,1.22,1.51,5.7,1,3.7,1.74,3.4,0.1,86.1,76,0
10316,17.5,1.47,4.8,10,4.2,0.02,0.3,0.4,80.3,38,0
10334,1.01,1.62,14.6,5.1,2,0.04,2.5,0.1,75.7,135,0
10348,7.45,1.62,4.6,4.5,13.4,0.13,5.3,1.3,70.9,53,0
10355,11.8,1.43,5.6,5.8,2.2,0.75,2.8,0.1,83.5,58,0
10362,11,1.59,3,2.6,2.6,0.14,2.4,0.1,89.3,84,0
10364,3.76,1.53,8.4,2.6,2.4,0.13,2,0.1,84.5,130,0
10386,0.28,1.49,6,5.6,43.8,3.98,5.3,1.6,37.7,71,0
10412,41.4,1.54,0.3,4.5,42.4,0.18,1,3.1,48.7,20,0
10433,1.75,1.81,12.3,2.5,51.7,0.24,1.8,5.6,26.1,124,0
10446,0.55,1.72,16.2,20.2,12.2,0.21,3.3,0.5,47.6,196,0
10489,50,1.52,0.6,0.4,65.9,0.28,0.8,10.8,21.5,1,0
10497,1.75,1.71,10.9,0.6,51.7,0.14,5.2,17,13.9,147,0.7
10539,19.1,1.5,1.5,5.5,47.6,0.88,1.5,10.4,32.9,0,0.7
10575,16.4,1.12,6.3,12.5,31.5,5.62,8,2.3,39.2,0,0.2
10585,103,1.51,0.3,1,59.5,0.07,0.8,7.6,30.7,20,0.1
10713,11.2,1.62,0,15.8,11.8,0.11,4.5,1.1,66.8,28,0
10715,6.57,1.48,4,16.8,9.9,0.9,5.3,0.9,63.1,76,0
10721,0.04,1.17,47.6,3.8,10.2,0.04,6.6,0.8,31,160,0
10732,0.41,1.61,20.4,12.8,21.4,0.06,1.4,2.8,41,142,0.2
10741,13.1,1.48,2,4.5,24.6,0.84,1.8,5.9,59.4,0,1.8
10748,0.39,1.6,2,10.9,23.2,1.8,3.5,2.6,57.7,79,0.1
10796,32,1.61,1.9,4.4,29.5,0.17,2.8,6.9,54,18,0.5
10799,52.6,1.54,1,4.4,12.4,0.19,0.8,1.1,80.3,13,0
10821,27.6,1.37,4.1,6.7,21.4,2.17,4.5,6.9,55.7,51,0.7
10830,18.9,1.64,1.8,6.1,22.3,0.45,3.7,7.2,58.2,86,0.7
10871,21.7,1.56,1.4,18.2,17.8,0.04,3.9,3.1,55.5,91,0.1
10883,22.4,1.67,1.6,15.3,27.8,0.07,2.7,7.1,45.1,89,0.4
10964,81.5,1.38,0.4,1.5,61.4,0.47,1.6,13.3,21.4,13,0.4
10965,105,1.46,1.4,0.8,63.9,0.44,0.2,14.5,18.7,25,0.5
10968,131,1.37,0.9,1,69.3,0.19,0.1,9.5,19.1,10,0.1
10970,69.7,1.56,1.4,1.4,62,0.2,0.1,12.2,22.6,61,0.3
10974,50,1.25,1.1,3.5,13.3,0.07,1.1,1,80,53,0
10979,27.6,1.54,1.4,6.6,11.3,0.02,0,1.2,79.4,122,0.1
11009,23,1.53,2.3,2.8,21.6,0.35,0.7,2.4,70.1,152,0.1
11053,0.02,1.57,24,17.3,5.6,0.27,8,0.5,44.5,64,0.1
11063,1.64,1.58,12.4,9.5,14.3,0.16,2.2,1.3,60.3,134,0
11130,18.4,1.47,2.2,30.2,6.6,0.38,4,1.6,55.3,20,0.1
11140,13.1,1.46,1.1,5,24.7,0.41,9.9,2,56.9,0,0.4
11176,69.7,1.35,1.9,2.4,55.7,0.63,5,7.4,27.5,0,0.1
11206,4.73,1.59,18.3,11.4,15.6,0.29,26.3,5.2,22.4,30,0.8
11216,134,1.53,1.8,0.6,56.4,0.07,2.5,1.8,36.9,94,0
11218,8.13,1.41,13.9,5,28.5,0.4,15.6,10.4,25.6,25,1
11223,22.3,1.58,24.2,2.6,27.3,0.03,3.2,22,13.7,175,7
11225,4.71,1.54,9.7,12.8,16.8,0.89,22,4.4,33.7,10,0.6
11227,3.1,1.54,26.6,12.5,13.9,0.23,15.3,3.2,27.8,33,0.7
11237,0.1,1.7,26.4,1.1,11.5,0.02,1.6,1.2,58.2,124,0
11238,0.12,1.71,20.2,0.4,19.4,0.02,2.5,4.3,53,175,0.2
11262,0.01,1.42,44.8,16.1,2.7,0.15,13.2,2,18.7,68,2.5
11267,36.8,1.52,1.4,0.4,66.5,0.17,5.2,7.3,19.2,18,0
11273,69.7,1.31,0.9,0.9,63.1,1.13,5.5,8.5,21,0,0.1
11279,74.9,1.43,0.2,0.1,62.2,0.11,0.1,1.4,36,0,0
11315,51.3,1.29,2.8,4.5,25.2,0.89,6.5,26.6,28.8,0,5.6
11344,62.4,0.99,5.5,38.2,1,2.33,18.6,0.2,36.4,0,0
11347,2.89,1.43,5.5,42.2,0.6,0.17,22.1,0.2,29.4,48,0
11365,73.6,1.35,2.4,3.3,39.4,0.1,2.7,7.4,44.6,79,0.2
11367,64.4,1.52,1.1,3.3,39.4,0.06,2.6,8.4,45,135,0.2
11389,0.26,1.81,22.1,18.3,13.3,0.04,1.1,1,44.2,175,0
11406,8.76,1.58,3.2,21.3,18.7,0.77,5.2,1.4,50.2,20,0
11411,10.5,1.59,2.8,23.8,14.6,0.23,4,1.4,52.5,84,0
11437,3.29,1.69,17.1,20,13.4,0.25,5.5,1,43,99,0
11442,2.53,1.76,23.3,13.8,16.7,0.09,1.8,1.9,42.5,147,0
11451,12.7,0.8,4.9,2.3,10.1,3.44,4.1,0.7,77.8,33,0
11479,0.0168,1.15,33.7,7.4,8.8,0.31,6.9,1.2,41.9,38,0.1
11489,43.4,1.4,1.6,1.2,43.5,0.67,0,2.7,51,10,0
11499,0.01,1.72,17.9,10.7,23.8,0.05,6.7,2.4,38.5,183,0
11506,76.3,1.48,0.5,0.4,62.4,0.57,1,3.3,32.3,0,0
11528,26.3,1.56,3.8,4.6,38.1,0.09,4,4.3,45.1,64,0.1
11542,0.02,1.63,34.2,6.6,19.5,0.06,3.8,1.7,34.2,145,0
11555,2.19,1.66,4.8,3.7,41.2,0.6,3.5,7.4,39.1,0,0.3
11563,27.6,1.61,0.5,6.6,33.7,0.18,2.4,3.5,53.1,28,0.2
11567,17.1,1.48,0.9,8.5,30.6,1.17,11.8,3.9,44.2,0,0.1
11570,25,1.52,9.6,9,28.9,0.07,4.2,3.6,44.6,74,0.1
11573,39.4,1.16,2.2,6.9,26.1,1.45,11,2.4,51.3,25,0.1
11580,25.6,1.46,0.7,10.1,26.8,0.08,4.6,2.5,55.3,43,0
11583,0.116,1.67,20.5,9.6,18.1,0.29,6.6,2,43.1,74,0.1
11591,0.797,1.72,21.7,5.9,24.1,0.05,4.4,2,41.9,150,0
11594,52.6,1.59,1.6,2,65.3,0.24,1.4,4.9,24.8,130,0
11611,10.1,1.56,0.6,30.6,4,0.16,1.3,0.2,63.3,13,0
11615,0.15,1.65,28.8,18,9.6,0.08,3.8,1.2,38.6,142,0
11655,24.1,1.58,0.3,3.6,58.8,0.12,3,7.8,26.5,18,0
11685,1.9,1.64,34,14.4,8.6,0.12,5.6,1.4,35.9,79,0.1
11699,2.55,1.31,3.1,19.1,10.4,1.44,3.1,0.4,63.9,48,0
11709,18.4,1.1,4.5,28.5,6,2.65,5.2,0.2,55.6,0,0
11713,64.4,1.44,1.5,1.5,56.9,0.31,1.2,7.8,31,23,0.1
11755,50.6,1.55,2.6,2.6,44.5,0.12,3.3,7.7,39.1,84,0.2
11760,0.12,1.76,33.4,6.6,19,0.09,5.2,1.8,34,140,0
11770,47.6,1.51,37.4,5.6,3,0.06,5.2,0.2,48.6,162,0
11809,19.7,1.53,0.8,13.1,9.3,0.06,2.3,1,73.5,135,0
11830,16.4,1.46,0.5,21.6,8.9,0.03,1.9,0.6,66.5,107,0
11831,32.9,1.47,1.4,8.8,17.2,0.48,0.3,0.1,72.2,0,0
11842,63.1,1.58,2.1,5.5,43.1,0.05,1.7,3.5,44,140,0.1
11843,48.6,1.52,1.4,5.5,43.6,0.04,1.1,3.1,45.2,203,0.1
11856,7.89,1.64,1.1,28.3,2.1,0.28,6,0.2,62.3,36,0
11872,0.26,1.7,24.8,20,0.2,0.04,9.6,0.2,45.2,89,0
11886,17.1,1.63,2.2,17.5,9.2,0.34,5.8,0.7,64.6,23,0
11891,1.16,1.68,19.8,8.8,8.5,0.71,2.4,0.5,60,188,0
11898,15.8,1.58,2.2,12.9,15.5,0.61,3.6,0.9,64.9,0,0
11932,92,0.75,1.8,13.6,3.1,3.88,1.7,0.3,79.5,13,0
11959,51.3,1.52,1.9,1.1,55.4,0.33,3.4,8.7,29.4,13,0.1
11964,0.2,1.73,15.4,12,7.4,0.25,4.4,0.2,60.6,122,0
12005,22.8,1.64,0.7,3.2,47.7,0.06,4,11.3,32.9,86,0.2
12057,0.196,1.55,33.3,4.6,19.8,0.02,6.1,8.2,26.8,152,1.2
12066,19.7,1.59,2.4,3.7,18.9,0.13,7.1,3.3,64.5,51,0.1
12099,7.23,1.32,2.3,12,27.1,1.8,5.1,5.3,48.1,0,0.1
12124,28.9,1.59,4.8,8.1,42.6,0.91,6.8,3.1,34.6,56,0
12126,19.1,1.61,1.7,7,46.1,0.3,7.3,3.2,34.7,114,0
12142,17.1,1.74,2.2,9.1,39.2,0.01,5,10.9,33,66,0.6
12187,44.7,1.31,7.2,12.8,25.9,0.7,9.6,12.4,30.6,0,1.5
12189,1.39,1.82,15.6,10.4,22,0.04,10,11.8,27.4,64,2.8
12216,110,1.4,1,1.5,57.8,0.24,4.1,8.6,27,53,0
12226,34.2,1.62,3.6,13.5,33.6,0.2,9.5,15.4,22.6,28,1.8
12231,24.3,1.62,1.7,9.8,30.1,0.24,12.7,11.2,32.6,20,1.9
12278,0.88,1.75,29.5,10.8,17.2,0.1,12.7,5,24.4,104,0.4
12288,2.73,1.66,1.1,19.1,23.7,0.08,2.3,2,51.8,46,0
12296,0.06,1.64,13.6,13.9,9.9,0.14,5.5,0.9,56.2,180,0
12372,14,1.54,5.6,8.8,14,0.14,3,0.6,68,66,0
12398,3.68,1.57,19.9,14.4,9.9,0.33,2.6,0.5,52.7,135,0
12400,14.1,1.28,0.4,8.8,21.5,3.01,4.4,1.5,63.4,0,0
12401,15.1,1.43,1,6.9,22.8,1.25,4,1.4,63.6,10,0
12405,1.93,1.62,1,8.8,18.2,0.893,2.8,1.3,68.9,140,0
12423,30.2,1.28,1,8.4,19.7,0.71,0.7,0.2,70,0,0
12460,0.28,0.95,61,11.4,1.6,0.15,12.8,0.2,13,53,0
12472,13.9,1.55,1.7,17.1,12.1,0.34,4.8,0.4,63.9,20,0
12486,10.5,1.5,0.5,2.3,4.1,0.05,3.4,0.1,89.6,74,0
12487,6.57,1.61,2,1.4,4.2,0.27,2.9,0.1,89.4,142,0
12492,28.9,1.51,0.9,2.7,13.2,0.07,1.5,1.4,80.3,61,0
12525,25,1.58,1.3,13,17.7,0.12,0.6,4.6,62.8,168,0
12550,4.09,1.53,3.2,0.5,9.5,1.05,1.3,0,85.5,170,0
12592,22.7,1.58,3.3,7.7,22,0.41,4.1,3,59.8,18,0.1
12612,8.76,1.47,2.6,26,2.8,0.82,6,0.2,62.4,13,0
12638,15.2,1.53,5.4,17.3,21.9,0.07,5.8,4.8,44.4,96,0.4
12647,4.93,1.56,3.4,16.8,16.9,0.88,4.5,3.9,54.2,117,0.3
12663,13.6,1.46,2.8,12.7,20.8,0.22,7.4,2.9,53.2,18,0.2
12686,41.4,1.26,6.5,19,18.5,1.51,7.4,4.6,43.8,0,0.2
12690,2.8,1.46,19.8,15.6,16.6,0.11,6.4,5.8,35.6,74,0.2
12719,12.7,1.09,10.2,1.8,1.3,2.12,83.7,0.8,1.8,20,0.4
12729,32.9,1.38,0.8,10.9,11.1,0.38,1,1.2,75,10,0
12751,22.4,1.43,1.1,15,11.7,0.01,1.4,1.1,69.7,170,0
12752,22.4,1.33,0.3,8.1,20.7,0.75,0.7,3.1,67.1,0,0
12772,72.3,1.2,1.4,16.3,11.2,2.41,0.1,0.4,70.6,0,0
12787,13.5,1.67,1.5,21.2,12.3,0.6,2.6,1.2,61.2,81,0
12842,30.2,1.4,0.8,6.6,0.6,0.13,3.4,0,88.6,15,0
12847,14.1,1.63,19.8,1.5,8.1,0.41,3.4,0.9,66.3,76,0
12867,47.3,1.48,0.4,1.8,0.4,0.04,0.5,0,96.9,142,0
12903,33.5,1.5,2.4,3.4,0.8,0.62,1.4,0,92,114,0
12931,39.4,1.33,2.6,5.1,2.2,0.29,6.4,0,83.7,23,0
12952,0.32,1.62,15.9,5.3,3.7,0.14,3.6,0.2,71.3,114,0
12955,23.7,1.38,0.8,12.4,1.2,0.02,3.3,0,82.3,122,0
12956,8.55,1.5,2.4,12.5,1,0.14,3,0.1,81,183,0
12983,9.64,1.56,4.8,1.3,6.5,0.6,1.8,0.3,85.3,157,0
13014,2.63,1.59,2.8,10,5.3,1.38,0.9,0.4,80.6,96,0
13034,15.8,1.62,1.9,2.9,9.5,0.07,1.7,0.9,83.1,48,0
13038,0.55,1.68,17.1,2.8,8.1,0.23,0.8,0.6,70.6,84,0
13060,0.01,1.55,38.2,32.3,0.2,0.01,21.4,0,7.9,137,0
13099,58.3,1.49,0.6,0.5,29.4,0.1,0.3,0.3,68.9,155,0
13113,0.54,1.73,20.1,21.4,6,0.08,9.8,0.8,41.8,109,0.1
13169,0.97,1.73,21.4,7.1,23.9,0.07,1,2.6,44,147,0
13206,69.7,1.57,1.4,1.9,39,0.16,2,1.9,53.8,71,0
13308,0.35,1.59,32.2,4,7.8,1.3,5.9,0.9,49.2,112,0
13322,0.26,1.71,16.6,22.6,14.8,0.13,3.3,1.8,40.8,145,0.1
13332,8.11,1.58,1.8,11.7,30.4,0.69,3.8,3.3,48.9,86,0.1
13353,7.89,1.62,3.9,29.6,11.8,0.09,2.6,1.8,50.3,135,0
13354,0.05,1.64,17.2,24.1,10.5,0.17,2.2,1.3,44.7,152,0
13357,11.2,1.51,1.3,21.4,26.2,1.08,2.4,3.6,45,0,0.1
13400,21.7,1.45,0.4,18.5,14.3,0.59,1.9,1.4,63.5,13,0
13408,0.06,1.58,17.8,19.6,14.1,0.66,4.1,3.1,41.3,33,0
13424,13.1,1.6,0.8,16.8,32.4,0.04,2.4,3.1,44.4,53,0.1
13434,0.92,1.67,2.5,41.2,10.9,0.95,2.9,1.3,41.1,140,0.1
13454,31.6,1.14,30.6,4.8,19.6,3.26,11.4,4.2,29.2,41,0.2
13458,27.6,1.69,0.6,4.8,28.2,0.02,0.9,4.5,61,53,0
13483,0.08,1.71,25.2,8.2,13.8,0.21,9,3,40,38,0.8
13488,2.63,1.67,1.6,7,24,0.17,2.3,2.4,62.6,25,0.1
13489,2.72,1.64,5.8,7.6,22.2,0.3,6.2,2.8,55.2,28,0.2
13514,15.3,1.41,2,9.3,9,1.97,0.8,0.6,78.3,0,0
13516,32.9,1.46,0.8,7.9,10.5,0.18,1,0.7,79.1,23,0
13519,18.8,1.65,0.6,7.8,9.6,0.09,1.7,0.7,79.6,89,0
13543,38.1,1.5,1.4,8.2,21.3,0.34,1.6,0.9,66.6,10,0
13567,55.9,1.45,1.4,6.6,21.4,0.55,1,1.3,68.3,0,0
13585,0.04,1.68,33.8,13.6,10.8,0.21,1.8,0.7,39.2,152,0.1
13645,1.08,1.66,26.8,8.3,11.7,0.18,1.7,0.7,50.7,102,0.1
13657,0.15,1.79,14,32.7,9.8,0.06,3.7,0.3,39.5,107,0
13681,55.2,1.42,3.7,5,15.6,0.66,3.5,1,71.2,12,0
13692,94.7,1.61,1.2,1.8,58.4,0.05,0.8,10.9,26.8,117,0.1
13715,131,1.56,0.5,0.9,70.7,0.11,0,14,13.9,15,0
13726,23.7,1.34,1.1,25.3,5.6,1.33,1.3,0.3,66.4,0,0
13736,15.8,1.59,0.5,27.9,12.8,0.08,3,3.2,52.4,36,0.2
13747,0.45,1.57,14.3,26.8,7.6,0.13,9.3,2.4,38,152,1.6
13760,17.1,1.62,1.9,29.7,16.2,0.19,2.7,3.9,45.3,56,0.3
13770,16.4,1.48,0.7,8.5,33.8,1.6,0.6,5.9,50.5,0,0
13797,19.7,1.63,1.3,10.6,33,0.85,1.5,1.7,51.9,8,0
13802,5.59,1.42,4.5,5.8,40.4,1.58,3.5,3.3,42.5,104,0
13805,32.4,1.35,0.4,16.1,8.5,0.86,2.3,0.3,72.4,0,0
13836,17.1,1.52,0.6,17.1,30.2,0.07,1.5,3.5,47,13,0.1
13845,26.3,1.39,1.4,9.4,24.7,0.04,8,4.1,52.2,155,0.2
13848,69.7,1.51,1.1,1.7,62,0.34,0.4,14.6,20,33,0.2
13852,22.4,1.8,23.4,1.3,41.3,0.22,9.5,10.5,13.6,102,0.4
13867,0.59,1.42,33.2,5.4,23,0.41,16.2,5,17.2,76,0
13895,30.2,1.63,7.5,4.1,29,0.03,2.9,26,15.6,190,14.9
13900,11.8,1.65,2.8,12.1,26.6,0.07,8.8,19.7,23.8,81,6.2
13951,43.4,1.56,7.8,9.3,25.2,0.12,7.6,19.9,24.9,30,5.3
13958,0.09,1.88,14.9,13.4,20.4,0.5,13.6,11.6,24.2,18,1.9
14014,7.45,1.53,17.9,11.4,23.1,0.34,6,2.7,38.6,18,0.3
14080,0.22,1.54,19.4,42,7.2,0.13,11,1.6,18.8,76,0
14081,0.04,1.52,22.6,40,7.2,0.15,10.2,1.6,18,94,0.4
14105,0.39,1.37,24.2,7.6,12,2.51,30.8,5,20.1,0,0.3
14116,1.31,1.49,0.9,21.8,1.9,2.64,5.4,0.2,69.8,0,0
14149,0.03,1.62,33.5,9,20.6,0.09,0.7,7.4,28.6,66,0.2
14194,5.26,1.5,17.8,19,7,0.37,17,0.8,38.4,109,0
14202,51.3,1.17,1.2,6,22.8,3.14,4.5,4.8,60.6,0,0.1
14205,15.1,1.65,3.4,6.4,17.2,1.19,14.8,3.6,54.4,61,0.2
14208,13.6,1.64,25.5,3.3,14.9,0.36,2.2,3.8,50,117,0.3
14217,30.2,1.44,0.6,6.6,12.4,0.5,3.4,1.6,75.3,10,0.1
14234,1.39,1.64,20,8.8,14.6,0.02,17.2,5.4,31.4,130,2.6
14250,19.7,1.21,3.1,17.9,12.2,1.76,2.5,2.2,62,0,0.1
14286,14.2,1.51,0.4,13,37.6,1.21,0.7,3.8,44.5,0,0
14319,32.9,1.57,1.1,8.4,40.6,0.33,1.5,4.6,43.8,127,0
14342,0.64,1.6,11.5,7.4,21.2,0.29,3.7,1.2,55,46,0
14343,2.34,1.71,9,7.2,22.6,0.19,4,2.2,54.6,84,0.4
14373,7.89,1.61,6,29.1,6.7,0.18,4.2,1.1,52.8,33,0.1
14475,31.1,1.47,7.2,15.9,14.1,0.21,5.5,1.9,55.3,53,0.1
14515,9.64,1.73,2.1,21.8,17,0.5,4.1,2.6,52.3,0,0.1
14525,2.37,1.21,8,34.2,4.2,0.52,43.2,2.8,7.4,38,0.2
14560,31.6,1.28,0.6,40,7,1.22,3.7,0.2,48.4,0,0
14601,0.24,1.86,16.4,9.3,15.2,0.06,5.7,1,52.4,112,0
14654,22.4,1.63,4.4,8.8,26.6,0.02,7.2,11.8,39.2,86,2
14663,30.2,1.63,1.4,15.3,26.5,0.03,4.1,11.4,39.1,86,2.2
14679,2.32,1.7,12.7,19.8,17.4,0.63,9.9,6,33.4,20,0.8
14680,0.33,1.75,33.3,14.2,14.6,0.08,6.5,4.8,26.2,30,0.4
14721,16.8,1.52,4.5,14.6,22.4,0.22,7.3,5.9,45.1,33,0.2
14746,29.6,1.53,2.5,16.8,15,0.17,3.2,7,55.2,38,0.3
14761,0.73,1.62,34.2,14.7,3.3,0.16,14.2,0.5,33.1,51,0
14799,35.5,1.6,0.4,0.6,63.1,0.13,0.4,4.9,30.6,117,0
14816,11.6,1.5,5.2,7.2,15.8,0.54,3.3,1.2,67.3,188,0
14821,105,1.54,0.8,0.2,65.7,0.13,0.3,4.1,28.8,99,0.1
14827,197,1.2,4.4,0.4,66.2,1.32,4.8,7.1,17.1,0,0
14828,222,1.38,2.8,0.3,68.5,0.44,3.1,6.8,18.5,20,0
14842,36.8,1.46,5.2,7.2,38.5,2.25,3.5,3.5,42,0,0.1
14854,2.89,1.56,3.1,11.3,5.9,0.38,2,1.9,75.7,28,0.1
14880,65.7,1.37,1.3,6.8,49.7,0.59,2.7,7.9,31.5,20,0.1
14896,0.01,1.81,31.3,3.3,12.7,0.3,34.7,3.5,14.9,132,0.2
14917,0.273,1.6,10,3.24,29.5,0.22,4.8,12.1,39.2,157,1.2
14950,0.03,1.43,47.5,19.4,0.8,0.27,11.9,0.2,20.2,71,0
14981,1.22,1.59,3,12.4,1.8,1.55,4.7,0.1,78,0,0
15031,25.6,1.52,0.9,3.7,2.9,0.44,0.8,0,91.7,140,0
15048,0.02,1.15,50.9,13.2,0.4,1.7,18.8,0.1,16.6,0,0
15055,0.46,1.57,5.1,29.4,1.8,0.22,8.7,0.4,54.6,30,0
15064,68.4,1.46,0.8,2.7,5.2,0.09,1.2,0.3,89.8,152,0
15088,0.57,1.63,18.6,8.1,3.6,0.08,4.8,0.5,64.4,165,0
15120,8.55,1.48,1.4,5.3,4.5,0.66,5.5,0.1,83.2,28,0
15174,44.7,1.65,2.5,1.4,57.7,0.11,5,12.7,20.6,15,0.1
15177,61.8,1.53,2.3,1.6,59.3,0.04,2.8,10.9,23,185,0.1
15178,3.12,1.62,7.6,7.6,33,0.93,9.1,13.7,28,0,1
15214,65.1,1.57,3,1.3,61.4,0.12,5.3,10.7,18.3,51,0
15236,3.32,1.45,7,20.8,16.8,0.82,13,5.6,36.4,18,0.4
15278,42.1,1.59,0.6,1.8,45,0.16,0.8,4.7,47,122,0.1
15279,49.3,1.51,1,7.4,13.9,0.17,0.9,0.8,76,18,0
15295,0.11,1.62,23.5,21.4,1.9,0.15,2.9,0.1,50.2,86,0
15310,28.9,1.52,0.8,16.1,13,0.08,0.2,1.4,68.5,20,0
15312,8.68,1.65,2.4,14.5,14.5,0.36,1.5,1.6,65.5,74,0
15319,0.2,1.63,16.1,11.4,17.4,0.15,1,0.5,53.5,94,0.1
15325,11.4,1.65,0.6,15.9,6.9,0.16,2.5,0.3,73.8,76,0
15383,21.9,1.59,0.8,9.2,8.4,0.07,1,1,79.5,41,0.1
15403,76.2,1.21,1.3,0.6,40,1.55,1.8,4.7,51.6,25,0
15411,51.9,1.57,0.7,1,39.8,0.17,0,5,53.3,28,0.2
15427,0.1,1.76,38.7,15.2,6.2,0.02,6.7,0.4,32.8,96,0
15445,28.9,1.6,0.8,1.6,43.3,0.08,0.3,5.7,48.3,41,0
15463,35.5,1.62,0.7,3.6,37.4,0.15,1.1,5,52.1,66,0.1
15491,0.79,1.47,16.2,15,7.8,0.65,5.2,4,51,43,0.8
15501,0.15,1.28,49.4,12.8,2.2,0.11,13.6,0.2,21.8,68,0
15524,24,1.41,2.4,19.2,18.7,0.95,3.2,0.6,55.9,41,0
15525,17.4,1.5,1.9,21.6,17.6,0.34,3,0.5,55.4,64,0
15539,21.3,1.47,1.7,33.5,0.9,0.3,2.9,0,61,58,0
15552,34.8,1.4,3.3,5.8,15.2,0.09,2.7,1,72,102,0
15587,6.84,1.63,2.4,26.2,3.2,0.1,3,0.1,65.1,79,0
15600,14.9,1.17,1.4,19.1,20.3,2.15,6,1.2,51.9,0,0.1
15604,9.47,1.64,2.1,18.6,21.9,0.4,5.1,1.6,50.7,66,0
15612,1.84,1.64,5.4,16.5,19.9,1.34,6.7,2.2,49.2,53,0.1
15632,18.4,1.55,1.8,15.1,13,0.25,3,1,66.1,36,0
15642,6.31,1.62,3.4,10.3,9.7,1.17,3,0.5,73.1,0,0
15672,0.01,1.83,14.2,15.4,20.2,0.1,7,1.4,41.8,130,0
15696,8.5,1.65,2.4,10.7,25.5,0.32,2.3,1.1,58,91,0
15716,94.7,1.53,1.2,1.4,49.2,0.07,1.3,6,40.9,15,0
15751,3.29,1.49,2.3,22.9,0.4,1.34,9,0,65.4,71,0
15763,28.9,1.48,1.7,3.9,2,0.22,1.9,0,90.5,13,0
15764,36.8,1.47,1,4.1,1.7,0.1,2.3,0,91,68,0
15808,6.84,1.59,0.3,44.7,11.3,0.4,11,2.4,30.2,23,0.1
15824,0.54,1.64,32.5,33,7.6,0.06,7.9,1.4,17.6,119,0
15871,8.94,1.62,4.2,0.9,16.6,0.14,1.6,0.9,75.8,157,0
15909,0.46,1.59,13.3,4.3,2.2,0.11,5.6,0.1,74.5,137,0
15917,16.2,1.41,1.5,7,0.5,0.32,4.5,0.1,86.4,20,0
15928,42.5,1.52,2,2.4,5.5,0.17,2.7,0.5,86.9,89,0
15941,5.65,1.5,1.4,1.6,2.4,1.68,5,0.1,89.5,26,0
15948,21.5,1.54,1,1.1,2.4,0.82,0.6,0.1,94.8,175,0
15952,38.1,1.39,0.2,1.9,1.5,0.02,1.1,0.2,95.1,122,0
15967,0.79,1.43,4.9,1.6,3.4,3.31,8.5,0.2,81.4,58,0
16041,2.63,1.63,3.7,3.7,48.2,0.83,2.9,5.5,36,132,0
16057,9.86,1.36,4,3.6,37.2,2.22,5.1,2.7,47.4,102,0
16096,6.57,1.71,10.9,0.6,51.7,0.14,5.2,17,13.9,147,0.7
16101,0.42,1.74,9.9,1,45.1,0.28,2.5,9.4,31.7,56,0.4
16135,0.57,1.52,16.5,11,27.3,0.47,6.1,2.7,36.2,33,0.2
16136,0.14,1.61,12.8,9.9,30.8,0.29,4.3,3.5,38.4,56,0.3
16153,0.46,1.7,16.4,2.2,40.8,0.18,4.2,5.3,31,48,0.1
16183,0.57,1.53,14.6,32.4,6.3,0.48,17.8,3.9,24.5,36,0.5
16188,2.03,1.16,21.8,26.5,0.8,4.02,36.7,0.3,13.8,0,0.1
16193,1.14,1.71,29.2,9.5,19.5,0.22,13.5,6.6,21.4,20,0.3
16204,7.89,1.45,5.4,4.1,36.4,2.05,14.2,10.9,28.5,0,0.5
16206,5.26,1.76,5.7,4.8,36.6,0.08,8.8,13.1,29.6,43,1.4
16209,0.18,1.39,64.1,6.5,1,0.56,21.7,0.4,6.1,30,0.2
16225,44.7,1.46,2.6,4.1,46.9,0.57,4.1,4.6,37.5,25,0.2
16232,19.1,1.32,2.1,16.4,14,2.74,5.1,0.5,61.9,0,0
16236,2.82,1.56,15.7,14.6,12.5,0.48,5.1,0.8,51.2,53,0.1
16243,0.15,1.62,28.2,11.9,11.7,0.78,6.9,1.6,39.5,36,0.2
16246,11.2,1.61,0,15.8,11.8,0.11,4.5,1.1,66.8,28,0
16267,25.4,1.46,1.7,12.6,26.2,0.66,3.9,3,52.5,3,0.1
16281,3.23,1.56,2,10.9,23.2,1.8,3.5,2.6,57.7,79,0.1
16319,1.02,1.62,26.3,5.2,22.8,0.07,5.6,4.6,35.4,160,0.1
16353,7.1,1.63,3.6,8,21.1,1.12,4.1,6.4,56.1,66,0.7
16358,19.7,1.66,0.8,8,21.4,0.17,2.2,6.8,60.1,28,0.7
16383,37.5,1.52,0.8,5.1,10.2,0.25,1.8,0.9,81.2,18,0
16384,43.4,1.49,1.1,5.2,11,0.1,1.7,1.1,79.8,41,0.1
16405,10.5,1.51,3.1,15.7,18.8,1.26,6.3,4.1,51.9,0,0.1
16406,32.4,1.56,2.4,15.7,19.5,0.15,5.3,3.6,53.4,23,0.1
16413,23.7,1.64,1.5,13.4,30.6,0.1,4.2,7.1,42.9,68,0.3
16426,0.06,1.63,23.1,7.6,26.8,0.06,3.9,4,34.4,152,0.2
16439,1.01,1.56,26.6,11.6,16.9,0.05,8.2,4.2,32.4,152,0.1
16462,0.268,1.74,26.5,12.6,2.7,0.18,3.4,0.2,54.6,124,0
16474,30.2,1.51,0.7,7.9,8,0.05,1.2,1.1,81.1,140,0
16479,61.8,1.43,1.4,1.9,29.9,0.04,0.3,2.2,64.3,38,0
16483,18.4,1.54,4.4,3.5,40.2,0.33,1.6,3.9,46.4,13,0
16503,35.5,1.51,1.4,6.6,11.3,0.02,0,1.2,79.4,122,0.1
16505,69,1.34,1.7,1.5,44.5,0.46,2.4,3.9,45.9,0,0
16506,59.8,1.59,0.7,1.6,45.3,0.07,1,3.7,47.7,13,0
16535,48,1.62,1.3,1.9,43.8,0.03,1.3,3.9,47.7,53,0
16569,0.23,1.54,14.3,7.8,6.7,0.31,9.9,7.7,47.4,53,6.2
16570,18.4,0.99,17.1,15.2,4.1,7.43,25.2,0.3,38.9,0,0
16584,56.5,1.62,1.2,2.8,25.9,0.16,1.5,18.4,42.6,140,7.7
16591,53.9,1.62,1.1,4.6,27.8,0.15,2.5,9.8,52.9,124,1.4
16607,0.01,1.7,24.3,8.8,19.4,0.1,6.5,4.2,36.5,81,0.3
16615,61.8,1.48,0.6,1.3,11.5,0.1,1.1,0.8,84.7,91,0
16617,2.37,1.42,0.5,0.7,13.3,1.93,6.7,1.3,77.4,198,0.1
16638,0.55,1.56,2.4,9,2.8,0.52,3.7,0.5,81.6,0,0
16663,23.7,1.56,1.7,12.1,36.8,0.54,4.8,12.7,29.8,0,2.1
16678,0.08,1.65,19.9,26.2,5.5,0.04,5,0.8,42.6,178,0
16728,0.01,1.62,25.2,1.5,22.8,0.06,2.9,4,43.1,81,0.5
16759,90.7,1.43,0.2,0.1,71.7,0.04,0,2.4,25.6,56,0
16772,13.1,1.6,4.2,3.2,31.4,0.12,7.4,7,46.4,33,0.4
16782,0.08,1.82,11,5.6,27,0.05,15.6,18.2,18,99,4.6
16785,98.6,1.29,1.5,0.3,66.8,0.63,4.4,11.8,14.8,0,0.4
16797,0.9,1.49,30.6,6.4,4.6,0.23,8,4.8,43,96,2.6
16799,0.06,1.45,17.4,8.4,1.6,0.06,11,0.2,61.4,173,0
16830,40.8,1.42,2.2,1.8,43,0.38,7.2,15.8,28.6,5,1.4
16859,32.9,1.48,0.2,3.2,5.8,0.55,0.9,0.2,89.8,0,0
16863,26.3,1.59,3.6,12.6,26.1,0.17,4.7,1.9,51.1,20,0
16868,26.3,1.58,1.1,5.6,41,0.28,4.1,3.9,44.3,51,0
16918,14,1.58,3,1.6,12.8,0.55,2.1,1,79.5,178,0
16954,15.8,1.49,7,12.3,26.9,0.16,6,2.3,45.5,23,0
16986,15.8,1.51,3.9,3.4,42.6,0.64,4.8,4.9,40.3,15,0.1
16992,19.7,1.53,1.3,15.1,25.1,0.68,4.5,2,52,0,0
17052,47.3,1.57,1.6,2,65.3,0.24,1.4,4.9,24.8,130,0
17064,0.0195,1.6,27.9,8.2,27.7,0.02,13.6,5,17.5,193,0.1
17069,10.5,1.58,0.6,30.6,4,0.16,1.3,0.2,63.3,13,0
17083,9.2,1.71,1.1,10.2,32.8,0.32,3.7,7.9,44.2,23,0.1
17092,5.26,1.67,2,8.7,30.8,0.47,4.4,3.3,50.8,58,0
17104,1.49,1.63,14.7,30.1,6.6,0.04,5.7,1.4,41.5,86,0
17105,4.93,1.61,1.9,25.3,12.4,0.8,5.6,1.8,52.9,0,0.1
17191,39.4,1.61,0.7,5.5,48.7,0.66,4.9,6.4,33.7,20,0.1
17206,0.27,1.79,33.7,7.1,17.7,0.06,6.5,2,33,196,0
17220,0.01,1.47,43.4,4.4,22.2,0.75,8.4,4.2,17.2,46,0.2
17222,0.3,1.74,23.2,11.4,18.3,0.84,12.9,7.9,25.6,30,0.7
17239,1.31,1.59,16.1,13.7,16.7,0.23,5.9,4.7,42.1,71,0.8
17303,0.15,1.76,28.9,22.2,1.4,0.12,6.5,0,41,145,0
17319,8.87,1.68,6.2,22,3,0.06,6.4,0.2,62.2,56,0
17330,22.4,1.6,2.2,17.5,9.2,0.34,5.8,0.7,64.6,23,0
17339,25.6,1.56,5.2,11.6,15.3,0.05,4.5,0.8,62.2,102,0
17368,2.89,1.69,1.5,4.2,24.5,0.08,2.3,5,62.4,152,0.1
17386,15.8,1.5,2,13.3,2.3,0.12,4.8,0.3,77.3,61,0
17411,30.2,1.59,1.3,4.5,55.9,0.95,3.2,5.9,29.2,0,0
17412,36.8,1.71,1.8,2.9,59.4,0.64,3.4,8.3,24.2,8,0
17414,63.1,1.59,2.1,3.4,56.1,0.08,2.3,5.6,30.5,41,0
17415,99.9,1.58,1.8,4.8,52.4,0.1,2.5,5.4,33.1,61,0
17432,21.7,1.59,1.6,5.1,33.3,0.4,4.6,5.4,50,28,0
17441,47.3,1.07,16.5,22.5,1.3,5.43,26.8,0,32.9,20,0
17502,19.7,1.53,1.6,2.9,23.8,0.25,5.4,3.7,62.4,10,0.2
17509,17.7,1.51,2.4,3.7,18.9,0.13,7.1,3.3,64.5,51,0.1
17515,17.7,1.5,1.4,2.6,16.1,0.12,6.3,4.2,69.2,68,0.2
17543,14.5,1.58,3.7,32.4,6.8,0.19,6.9,1,49.2,20,0
17581,16.4,1.61,2.4,9.1,37.7,0.06,5.5,11.2,33.5,38,0.6
17582,16.4,1.73,2.2,9.1,39.2,0.01,5,10.9,33,66,0.6
17616,50.6,1.54,14.2,13.6,18.4,0.79,15.6,11.4,24.4,20,2.4
17618,2.78,1.5,30.6,9.4,14.8,0.08,15.6,9.4,18.2,58,2
17632,67.1,1.48,1,2.6,52.2,0.49,5.6,10.4,28,15,0.2
17664,42.1,1.55,2.3,13.4,35.6,0.37,9.1,16.6,21.4,15,1.4
17692,1.4,1.78,14.8,8.6,26.6,0.1,9.6,14.2,24.4,86,1.8
17698,0.59,1.73,18.1,11.8,22.4,0.06,9.91,8.6,28.4,107,0.8
17747,4.51,1.58,1,25.5,4.5,0.12,1.3,0.2,67.5,84,0
17814,30.9,1.54,0.4,4.7,20.4,0.04,0.5,1.3,72.7,71,0
17826,19.7,1.42,0.7,5.3,32.3,0.72,2.4,1.1,58.2,8,0
17835,3.68,1.61,2.5,10,16.8,1.43,1.1,1.2,68.4,107,0
17880,20.7,1.48,7.7,7.8,11.9,1,3.1,0.8,68.7,0,0
17903,4.21,1.64,5.2,16.7,10.8,0.1,5.6,0.6,61,132,0.1
17909,42.1,1.36,1.5,2.3,4.9,0.56,3.4,0.1,87.8,0,0
17919,26.3,1.49,0.8,2.3,12.4,0.05,0.5,1.4,82.6,142,0
17971,12.8,1.6,2,1,9.2,0.34,5.8,0,82,137,0
17973,30.2,1.43,1,3.8,7.6,0.49,4.9,0.1,82.6,0,0
17981,0.06,1.94,10.1,11.7,35.6,0.14,10,3.9,28.7,107,0
17997,0.2,1.66,37.4,14.8,1.1,0.43,19.3,0.2,27.2,28,0
18002,61.8,1.45,1,4.1,18.5,0.22,0.5,1.9,73.9,33,0.1
18003,1.31,1.37,13.8,4.1,14.9,2.24,8.2,2,56.9,53,0.1
18021,22.7,1.35,1.8,34.2,7.9,0.64,6.4,1,48.7,18,0
18028,7.67,1.65,1,30.6,7.7,0.14,3.9,1.4,55.4,94,0
18048,3.19,1.12,6.9,20.7,9.1,5.98,21.6,1,40.7,0,0
18121,10.4,1.41,2.5,5.4,12.2,1.22,5.6,0.7,73.6,137,0
18146,26.3,1.38,0.8,10.9,11.1,0.38,1,1.2,75,10,0
18203,30.9,1.35,3.1,13.4,11.7,3.11,1.7,2.6,67.5,30,0
18220,37.5,1.53,0.9,17.7,10.9,1.3,0.1,1.4,69,170,0
18231,25.6,1.63,0.5,14.9,22.8,0.15,2.5,3.9,55.1,53,0.3
18242,23.7,1.48,4,2.4,30,0.65,1.4,4.1,58.1,56,0
18247,6.25,1.53,4.5,1.6,8.9,2.23,3.8,1.1,80.1,56,0
18251,36.8,1.61,1.7,3.3,35.2,0.01,2.3,4.5,52.9,155,0.1
18259,2.63,1.75,6.5,8.1,24.6,0.34,4.4,8.4,47.5,124,0.5
18277,89.4,1.42,0.8,1.1,12.1,0.06,0,1,85,96,0
18289,15.8,1.45,2.7,11.2,2.1,0.48,4,0.1,79.9,13,0
18325,0.02,1.65,3.6,1.1,2.4,0.72,3.1,0.1,89.7,137,0
18363,25,1.49,1.9,4.3,23.1,2.67,5.1,13.7,47.5,0,4.4
18375,14,1.14,2.9,10.7,2.6,1.92,9,0.3,74.4,0,0.2
18376,0.17,1.66,16.3,1.5,9.2,0.32,2.8,1.1,69,89,0.1
18392,3.51,1.55,11,3,8.6,0.13,1,0.7,75.7,119,0
18426,57.9,1.41,0.7,2.2,5.7,0.2,0.9,0.2,90.3,18,0
18427,71,1.39,0.7,2.2,5.5,0.1,0.8,0.2,90.6,56,0
18456,26.3,1.64,0.5,1.4,45.5,2.31,1,13.3,37.9,102,0.4
18471,11.6,1.69,1.9,10.7,29.1,0.08,2.7,5.8,49.7,81,0.1
18473,0.09,1.81,23,7.6,22.8,0.12,3.2,3.1,40.3,130,0
18489,92,1.59,2.7,0.4,59.8,0.15,0.2,3.1,33.8,53,0.01
18530,43.4,1.53,2.2,3.2,38.8,0.28,1.6,1.3,52.9,51,0
18576,0.14,1.76,31.1,19.4,9.4,0.06,18.5,5.2,15.8,152,0.6
18594,12.1,1.5,2.7,19.5,1.4,0.3,7.5,0.2,68.7,18,0
18630,36.2,1.59,7.5,8,33.2,0.16,6.1,14.8,28.6,23,1.8
18636,72.3,1.54,2.4,5.2,41.9,0.12,5.5,16.2,27,66,1.8
18675,14.1,1.67,0.4,25.4,17.6,0.11,2.3,1.6,52.6,25,0.1
18689,8.33,1.67,1,12.7,31,0.32,2.9,3,49.3,107,0.1
18712,11.8,1.55,1.3,21.4,26.2,1.08,2.4,3.6,45,0,0.1
