,Ksat_cmhr,Db,Clay,VFS,MS,OC,Silt,COS,FS,Depth.cm_Top,VCOS
10455,1.75,1.55,15.5,5.5,47.4,0.98,2.8,9.6,18.8,74.0,0.4
10583,3.43,1.61,5.9,7.9,41.1,0.05,2.3,4.9,37.7,155.0,0.2
3623,1.17,1.16,15.4,19.5,9.1,7.2,7.7,0.5,47.8,0.0,0.0
464,1.4,1.23,52.3,4.8,11.6,0.08,15.7,1.6,14.0,185.0,0.0
7307,14.3,1.57,10.2,6.6,14.0,0.14,6.6,2.6,59.8,86.0,0.2
10696,106.0,1.49,0.8,0.1,74.2,0.06,1.4,4.3,19.2,140.0,0.0
5966,10.3,1.62,0.8,31.3,10.6,0.08,5.3,1.6,50.4,43.0,0.0
1140,88.1,1.13,2.4,6.4,40.2,2.04,0.5,2.2,48.3,0.0,0.0
9818,22.8,1.59,1.6,17.1,32.1,0.34,3.3,1.7,44.2,8.0,0.0
18453,0.64,1.26,43.1,14.2,1.2,0.18,33.1,0.0,8.4,168.0,0.0
1944,7.14,1.57,3.5,19.8,12.0,0.4,4.9,3.7,55.8,46.0,0.3
10493,1.31,1.77,12.9,1.4,44.3,0.14,8.5,13.9,17.6,64.0,1.4
9139,2.5,1.21,8.7,17.7,0.7,2.26,69.0,0.4,3.5,0.0,0.0
11287,4.86,1.79,14.0,5.2,31.6,0.27,16.4,10.6,21.2,20.0,1.0
18410,6.18,1.45,4.7,1.1,38.8,1.21,2.5,12.6,39.6,81.0,0.7
469,0.1,1.6,20.0,10.8,21.8,0.08,5.6,2.1,39.7,130.0,0.0
9197,23.7,1.35,1.3,3.3,4.0,0.91,1.1,0.0,90.3,0.0,0.0
1674,0.42,1.76,9.5,17.3,18.6,0.19,13.9,9.0,30.6,36.0,1.1
6004,10.52,1.43,4.4,12.0,22.7,2.96,4.2,6.6,49.9,20.0,0.2
6135,26.0,1.49,4.6,10.8,26.9,0.73,10.9,11.3,34.3,0.0,1.2
5760,0.94,1.61,17.7,13.6,7.8,0.17,5.2,0.7,55.0,124.0,0.0
4609,1.71,1.69,14.4,6.6,14.4,0.35,6.6,3.4,54.4,58.0,0.2
603,10.9,1.6,3.1,7.2,36.3,0.34,5.3,5.7,42.2,30.0,0.2
17609,0.81,1.76,27.5,3.0,27.4,0.04,7.9,16.6,15.4,150.0,2.2
10398,0.05,1.56,6.6,4.5,43.8,2.36,3.3,4.7,37.1,71.0,0.0
17287,61.8,1.55,1.4,5.5,43.6,0.04,1.1,3.1,45.2,203.0,0.1
800,1.1,1.75,20.6,23.8,2.1,0.39,4.4,0.1,48.9,122.0,0.1
2945,3.57,1.62,10.6,5.0,3.5,0.13,2.1,0.2,78.6,175.0,0.0
15211,71.7,1.19,2.5,1.5,60.9,1.59,5.6,11.2,18.3,0.0,0.0
13191,17.4,1.58,0.1,4.8,30.0,0.45,3.3,2.4,59.4,38.0,0.0
18524,130.0,1.55,1.9,1.8,40.5,0.37,1.1,0.7,54.0,15.0,0.0
8585,2.63,1.68,18.1,16.9,11.3,0.16,7.4,1.3,44.9,79.0,0.1
4055,99.1,1.01,2.6,1.0,13.4,1.79,5.5,1.4,76.1,0.0,0.0
14512,2.82,1.65,15.8,27.0,11.2,0.14,6.2,2.8,36.2,43.0,0.8
9228,5.84,1.52,4.2,12.2,0.8,0.34,11.2,0.1,71.5,56.0,0.0
16689,38.1,1.47,0.3,3.9,36.4,3.12,0.3,11.9,46.6,0.0,0.6
9245,3.29,1.55,1.2,4.8,3.1,0.38,5.1,0.1,85.7,18.0,0.0
216,0.1,1.72,9.2,26.6,14.8,0.19,11.0,2.4,32.8,137.0,0.2
16050,25.4,1.58,1.0,6.4,28.4,0.26,0.5,2.3,61.4,96.0,0.0
11830,16.4,1.46,0.5,21.6,8.9,0.03,1.9,0.6,66.5,107.0,0.0
6997,38.45,1.41,2.1,3.7,6.7,0.22,0.2,0.2,87.1,36.0,0.0
14485,8.76,1.57,0.0,10.3,32.1,0.18,5.5,6.6,45.3,33.0,0.2
12318,13.5,1.38,2.6,7.4,6.5,0.97,2.5,1.7,79.1,33.0,0.2
17417,13.1,1.72,2.4,3.1,55.2,0.02,2.8,8.3,28.2,160.0,0.0
7990,35.5,1.56,1.4,11.5,28.8,0.1,7.4,14.2,34.2,66.0,2.4
14607,21.0,1.3,8.2,4.5,34.1,1.72,6.0,24.3,20.0,28.0,2.9
12428,25.0,1.5,2.0,10.5,4.2,0.32,0.0,0.2,83.0,10.0,0.1
2640,0.55,0.03,35.0,5.0,30.7,0.55,4.2,8.0,16.7,74.0,0.4
7315,0.41,1.04,5.7,24.4,11.1,7.77,11.4,0.5,46.9,0.0,0.0
7070,50.85,1.44,0.1,2.7,13.0,0.15,2.0,0.3,81.9,13.0,0.0
17156,14.9,1.65,1.0,15.0,10.7,0.06,2.9,1.4,69.0,107.0,0.0
12330,1.75,1.78,6.0,10.0,43.9,0.14,2.0,4.6,33.5,74.0,0.0
1133,24.25,1.54,14.9,5.4,17.8,0.41,22.9,11.8,21.0,102.0,6.2
2167,2.47,1.93,3.8,19.9,29.6,0.01,14.1,8.7,23.5,91.0,0.4
2694,1.84,1.56,7.5,1.2,52.8,3.21,5.8,8.3,24.2,142.0,0.2
9412,7.89,1.68,4.0,5.59,38.8,0.7,9.1,15.3,26.1,0.0,1.2
17948,0.88,1.05,8.2,0.1,0.0,1.08,91.6,0.0,0.1,68.0,0.0
3976,58.85,1.37,0.5,3.7,5.1,0.09,0.4,0.2,89.9,51.0,0.2
14308,41.4,1.49,1.2,5.3,54.5,2.08,1.2,7.7,30.1,0.0,0.0
18133,6.57,1.1,12.3,1.0,1.5,2.11,82.0,0.9,2.0,0.0,0.3
10594,18.8,1.63,10.6,4.9,30.0,0.15,9.6,18.5,21.6,66.0,4.7
13122,39.4,1.51,1.3,7.3,22.8,0.16,1.4,4.4,64.0,20.0,0.2
10463,51.3,1.31,2.3,0.6,54.6,1.8,4.4,9.4,28.6,0.0,0.1
12236,85.5,1.39,1.0,2.5,55.5,0.72,3.7,14.3,22.7,0.0,0.3
289,53.9,1.4,0.6,5.9,7.6,0.07,0.9,0.4,84.6,64.0,0.0
12768,22.4,1.59,0.7,13.1,8.8,0.01,1.2,1.0,75.2,51.0,0.0
5679,23.7,1.47,1.3,16.2,10.0,0.13,2.6,1.0,68.9,58.0,0.0
10470,0.2,1.77,17.4,1.2,41.9,0.34,5.6,7.8,25.6,122.0,0.5
832,15.1,1.5,1.2,1.2,58.6,0.62,0.0,9.8,28.8,74.0,0.4
15830,68.4,1.3,0.4,1.8,14.3,0.38,0.8,0.6,82.1,0.0,0.0
6055,28.9,1.63,0.5,3.3,26.2,0.06,2.1,4.2,63.6,25.0,0.1
3398,91.35,1.5,1.5,0.6,61.1,0.19,0.4,6.2,30.1,53.0,0.1
16657,25.0,1.36,1.3,25.5,10.4,0.99,2.5,1.1,59.2,0.0,0.0
574,106.5,0.62,19.5,3.4,6.4,8.65,10.7,0.5,59.5,0.0,0.0
18368,2.06,1.6,1.5,9.4,5.5,1.85,1.5,0.4,81.7,137.0,0.0
8811,24.3,1.55,5.8,7.0,31.1,0.25,9.3,19.5,25.7,79.0,1.6
946,38.4,1.44,1.0,3.9,0.6,0.17,4.8,0.0,89.7,152.0,0.0
8172,7.62,1.64,2.3,14.5,22.9,0.29,4.1,6.6,49.0,198.0,0.6
5128,87.6,1.7,3.7,0.4,68.0,0.67,5.2,4.2,18.5,94.0,0.0
9353,12.2,1.52,0.8,21.0,0.5,0.11,2.4,0.0,75.3,96.0,0.0
3842,59.15,1.58,1.4,1.8,51.2,0.27,1.6,7.1,36.7,15.0,0.2
16083,2.14,1.54,26.4,10.5,15.0,1.04,15.2,1.1,31.7,30.0,0.1
12639,2.89,1.68,16.8,16.8,17.0,0.12,6.3,4.3,38.5,132.0,0.3
7979,0.04,1.69,50.5,16.4,4.9,0.03,14.1,3.2,10.3,178.0,0.6
11632,3.94,1.62,8.4,11.2,26.5,0.14,3.1,3.0,47.7,152.0,0.1
8106,19.1,1.52,1.9,13.2,19.3,0.04,3.5,3.4,58.5,102.0,0.2
12681,14.9,1.61,1.1,12.6,11.2,0.21,4.2,1.2,69.7,64.0,0.0
16627,0.59,1.71,11.5,1.4,34.1,0.14,2.5,2.7,47.8,119.0,0.0
2593,0.41,1.88,29.1,11.1,13.5,0.02,14.3,3.9,27.9,160.0,0.2
8499,0.27,1.59,0.6,3.6,47.6,0.08,1.6,3.2,43.4,102.0,0.0
17314,1.12,1.72,9.0,22.5,2.3,0.08,5.6,0.2,60.4,56.0,0.0
1707,0.08,1.57,24.3,12.0,1.2,0.72,51.5,0.5,10.4,10.0,0.1
5305,14.06,1.5,0.6,1.5,13.6,0.33,2.3,0.3,81.7,168.0,0.0
6416,12.15,1.4,0.6,14.2,3.4,0.67,4.4,0.1,77.3,18.0,0.0
12931,39.4,1.33,2.6,5.1,2.2,0.29,6.4,0.0,83.7,23.0,0.0
8107,0.26,1.58,22.9,11.0,20.3,0.05,10.5,7.4,26.8,109.0,1.1
12589,36.8,0.86,16.8,4.8,11.7,4.61,15.9,3.9,46.7,0.0,0.2
5581,248.5,1.1,3.3,3.7,44.1,1.68,1.5,4.6,42.7,0.0,0.1
2184,7.73,1.58,6.7,26.3,7.6,0.16,5.0,1.3,53.0,48.0,0.1
15910,101.0,1.26,1.0,2.0,16.8,0.27,1.1,1.6,77.4,36.0,0.1
12553,10.5,1.64,1.4,3.3,8.2,0.26,4.7,0.0,82.4,71.0,0.0
3353,40.8,1.57,0.5,2.8,31.6,0.12,0.5,4.2,60.2,20.0,0.2
11822,0.08,1.67,22.5,28.6,4.4,0.07,11.1,0.4,33.0,162.0,0.0
14478,0.02,1.67,38.5,11.0,9.2,0.15,4.3,1.0,36.0,162.0,0.0
3794,51.9,1.38,1.3,2.9,4.0,0.41,2.6,0.1,89.1,84.0,0.0
3321,3.68,1.36,2.2,11.7,2.4,0.76,4.1,0.1,79.5,20.0,0.0
12551,31.6,1.34,1.0,3.8,7.6,0.49,4.9,0.1,82.6,0.0,0.0
12497,26.3,1.43,0.8,4.0,4.6,0.04,0.7,0.3,89.6,122.0,0.0
15985,12.8,1.5,4.2,6.7,3.4,0.38,0.8,0.1,84.8,15.0,0.0
1716,44.7,1.36,55.5,4.3,0.7,0.5,37.5,0.1,1.9,114.0,0.0
12469,7.07,1.22,38.7,9.0,9.2,0.13,4.1,1.4,37.6,127.0,0.0
10980,51.3,1.38,0.8,0.8,70.6,0.02,0.0,1.1,26.6,162.0,0.1
8958,1.46,1.21,4.5,37.4,2.9,2.29,14.4,0.8,40.0,0.0,0.0
10404,18.4,1.38,0.5,6.2,31.3,1.09,3.5,1.7,56.8,0.0,0.0
5590,0.01,1.39,43.8,5.2,15.2,0.16,14.6,1.6,19.6,160.0,0.0
10180,86.8,1.37,1.6,3.7,53.2,0.48,2.0,4.2,35.3,5.0,0.0
10586,5.26,1.72,3.6,2.8,47.1,0.1,2.3,6.8,37.2,30.0,0.2
17112,11.6,1.62,3.3,6.1,38.1,0.68,4.6,4.8,43.0,68.0,0.1
18392,3.51,1.55,11.0,3.0,8.6,0.13,1.0,0.7,75.7,119.0,0.0
10395,112.0,1.15,0.2,1.7,69.1,0.79,1.9,12.4,14.6,8.0,0.1
16124,7.89,1.44,7.1,1.4,47.2,2.52,6.5,14.8,22.4,79.0,0.6
8401,7.89,1.65,4.3,4.9,4.8,0.19,0.9,1.8,84.0,25.0,0.3
11965,0.69,1.69,23.2,4.0,3.7,0.19,2.2,0.2,29.3,140.0,0.1
7057,0.01,1.64,31.6,28.5,0.6,0.23,11.0,0.3,27.8,84.0,0.2
396,0.1,1.64,38.5,11.0,9.2,0.15,4.3,1.0,36.0,162.0,0.0
14716,0.27,1.65,31.7,10.4,18.6,0.16,3.9,3.2,32.0,84.0,0.2
2485,1.18,1.56,35.3,7.2,16.0,0.37,3.9,1.2,36.4,36.0,0.0
8349,36.2,1.51,1.21,8.4,14.4,0.09,3.3,2.7,69.9,94.0,0.1
18277,89.4,1.42,0.8,1.1,12.1,0.06,0.0,1.0,85.0,96.0,0.0
13074,35.1,1.54,0.7,2.2,5.7,0.2,0.9,0.2,90.3,18.0,0.0
9385,28.9,1.63,1.1,0.4,57.5,0.16,1.7,6.7,32.5,117.0,0.1
6207,77.65,1.6,0.5,3.8,50.3,0.05,4.3,11.2,29.6,56.0,0.3
4050,18.0,1.54,1.0,1.1,2.4,0.82,0.6,0.1,94.8,175.0,0.0
7615,12.3,1.53,3.7,12.0,12.6,1.43,6.1,0.6,65.0,0.0,0.0
7340,1.36,1.86,0.9,10.9,30.6,0.18,5.2,3.9,48.4,165.0,0.1
10158,56.5,1.38,2.4,4.1,3.5,0.2,3.6,0.0,86.4,30.0,0.0
17606,23.7,1.48,4.6,10.8,26.9,0.73,10.9,11.3,34.3,0.0,1.2
2488,0.79,1.44,51.5,1.0,4.0,0.27,2.5,0.2,40.8,119.0,0.0
6494,36.15,1.32,1.4,2.6,11.7,1.23,1.3,1.4,81.6,0.0,0.0
14732,0.61,1.73,14.3,14.3,22.1,0.13,5.7,5.5,37.8,99.0,0.3
13831,74.9,1.52,0.5,1.0,61.9,0.12,0.0,5.3,31.3,5.0,0.0
2516,0.12,1.77,28.2,5.2,6.6,0.09,7.2,0.0,52.8,188.0,0.0
1839,0.51,1.51,3.1,43.1,10.2,0.96,12.7,2.4,28.5,41.0,0.0
8518,32.9,1.35,2.3,13.9,28.7,0.97,4.9,3.6,46.5,0.0,0.1
9130,3.94,1.65,2.5,5.9,30.3,0.14,1.5,4.7,55.0,53.0,0.1
4422,2.08,1.5,30.5,30.2,0.5,0.18,4.2,0.0,34.6,43.0,0.0
10189,118.0,0.74,5.8,2.9,0.7,5.61,3.7,0.1,86.8,0.0,0.0
11174,18.4,1.71,0.9,6.5,19.0,0.18,2.1,8.0,61.7,94.0,1.8
6226,4.39,1.75,11.0,17.0,18.6,0.05,10.2,7.0,35.4,81.0,0.8
8264,0.08,1.84,16.2,12.8,20.2,0.07,7.2,4.6,38.8,155.0,0.2
18685,68.4,1.37,0.4,29.8,5.7,1.15,6.3,0.6,57.2,0.0,0.0
15041,20.4,1.41,1.5,8.8,7.9,2.17,6.3,0.6,74.9,0.0,0.0
14162,13.1,1.5,1.8,9.5,3.2,0.49,2.1,0.3,83.1,0.0,0.0
10725,78.9,1.59,1.6,3.7,37.3,0.02,1.6,19.3,34.4,127.0,2.1
7459,0.48,1.73,2.5,41.2,10.9,0.95,2.9,1.3,41.1,140.0,0.1
11246,0.18,1.7,26.5,0.5,8.2,0.02,1.3,0.8,62.6,135.0,0.1
12448,4.77,1.4,1.2,7.6,10.3,0.75,5.1,0.7,75.1,8.0,0.0
13530,55.2,1.59,0.9,5.0,33.9,0.16,0.3,8.3,51.3,30.0,0.3
16090,0.23,1.68,10.4,1.5,50.0,0.08,2.6,15.0,20.0,25.0,0.5
14092,3.07,1.59,3.2,22.9,11.5,1.18,5.9,1.9,54.4,0.0,0.2
6171,284.0,1.41,3.8,1.6,37.4,0.22,2.6,44.6,6.4,168.0,3.6
17927,44.7,1.43,1.1,3.2,9.3,0.06,1.8,1.1,83.5,114.0,0.0
14542,39.4,1.52,1.4,6.2,9.9,0.07,0.8,0.3,81.4,48.0,0.0
11376,0.19,1.57,10.5,27.6,4.2,1.14,18.3,0.4,39.0,8.0,0.0
16899,88.1,1.33,0.0,2.5,1.0,0.04,1.6,0.0,94.9,76.0,0.0
11380,0.08,1.59,20.7,21.4,5.8,0.2,10.1,0.4,41.6,71.0,0.0
9683,27.8,1.62,1.1,4.0,29.5,0.32,0.6,4.0,60.8,30.0,0.0
13598,9.86,1.58,0.4,52.0,3.8,0.02,4.1,0.1,39.6,160.0,0.0
6210,33.9,1.41,6.5,20.9,20.8,1.58,10.1,9.0,32.0,0.0,0.7
101,0.2,1.25,6.4,5.1,25.5,4.72,8.1,2.1,52.8,104.0,0.0
8823,3.51,1.46,7.9,5.8,27.8,0.16,6.0,9.2,41.1,74.0,2.2
15977,17.1,1.37,4.1,5.6,0.5,0.07,2.5,0.0,87.3,18.0,0.0
5192,0.02,1.67,25.2,34.4,0.4,0.15,26.0,0.0,14.0,89.0,0.0
9592,22.3,1.5,0.8,18.1,6.3,0.05,0.8,0.1,73.9,68.0,0.0
10515,2.3,0.66,6.2,1.4,42.0,7.96,19.2,5.0,26.0,64.0,0.2
10248,86.8,1.39,1.5,1.7,15.6,0.03,1.6,0.9,78.7,81.0,0.0
9501,2.89,1.35,7.6,11.3,8.9,4.13,6.7,0.9,64.6,51.0,0.0
2811,0.33,1.61,17.3,10.4,1.5,0.1,4.6,0.0,66.2,127.0,0.0
14458,29.4,1.47,1.6,41.2,2.4,0.18,3.6,0.5,50.7,18.0,0.0
10182,47.3,1.55,1.6,3.6,51.9,0.1,1.7,4.3,36.9,61.0,0.0
5327,0.05,1.16,61.2,4.9,5.3,0.13,14.0,1.4,13.0,140.0,0.2
7168,0.83,1.74,21.4,7.1,23.9,0.07,1.0,2.6,44.0,147.0,0.0
2834,29.6,1.53,0.6,3.1,2.0,0.05,0.8,0.0,93.5,117.0,0.0
15200,0.61,1.73,19.4,14.1,10.7,0.07,13.1,5.0,36.5,71.0,1.2
3635,41.75,1.36,4.4,5.1,17.5,0.64,4.8,1.0,67.2,53.0,0.0
9024,3.16,1.53,10.6,6.7,13.7,1.37,5.9,1.0,62.1,178.0,0.0
16485,26.3,1.6,3.6,1.5,48.8,0.78,2.6,4.8,38.6,64.0,0.1
7709,0.08,1.73,30.8,3.8,10.2,0.15,2.5,0.3,52.4,135.0,0.0
1037,1.31,1.58,6.4,20.6,13.8,3.05,3.9,1.4,53.9,117.0,0.0
2281,26.95,1.33,1.9,21.4,2.7,0.57,1.9,0.6,71.4,0.0,0.1
16654,1.17,1.49,5.7,34.6,7.2,1.57,5.9,1.5,44.9,0.0,0.2
15888,1.16,1.61,3.4,9.1,0.2,0.05,1.1,0.0,86.2,132.0,0.0
12609,0.48,1.77,18.6,25.2,7.1,0.19,5.8,1.0,42.3,157.0,0.0
15216,21.7,1.59,1.8,3.0,46.9,1.29,3.0,10.0,35.1,0.0,0.2
2058,24.0,1.68,0.7,11.2,19.4,0.16,5.7,2.4,60.6,49.0,0.0
1380,2.95,1.66,3.1,30.0,6.0,0.07,3.2,0.6,57.1,117.0,0.0
10523,3.94,1.74,4.7,2.1,46.8,0.5,0.9,4.1,41.3,94.0,0.1
16511,1.29,1.47,23.5,15.9,10.1,0.09,7.5,4.0,38.1,36.0,0.9
527,43.4,1.47,4.8,0.2,66.3,1.7,5.9,5.5,17.3,53.0,0.0
7599,33.5,1.58,1.3,6.0,21.9,0.06,0.5,1.7,68.6,53.0,0.0
4775,0.37,1.67,19.6,12.1,5.6,0.2,3.0,0.6,59.1,107.0,0.0
6258,14.3,1.72,2.1,13.4,27.7,0.08,7.2,17.7,28.4,61.0,3.5
11283,59.2,1.25,1.3,1.4,53.1,0.52,5.0,18.9,19.9,5.0,0.4
16130,36.8,1.44,4.9,1.8,60.4,1.37,4.3,14.2,13.7,84.0,0.7
13210,25.0,1.58,1.9,4.6,29.9,0.22,2.5,1.2,59.9,18.0,0.0
4791,65.75,1.44,1.4,1.9,29.9,0.04,0.3,2.2,64.3,38.0,0.0
10636,2.89,1.56,8.8,35.4,0.2,0.08,12.3,0.0,43.3,107.0,0.0
8501,15.8,1.52,2.6,7.8,20.6,1.7,3.6,1.0,64.9,0.0,0.0
15943,1.02,1.17,6.4,1.7,2.2,4.19,6.4,0.1,83.2,46.0,0.0
11307,0.17,1.73,20.7,10.2,13.8,0.01,35.1,8.0,11.4,185.0,1.0
7961,0.04,1.84,20.0,15.3,17.9,0.07,7.9,13.6,20.3,142.0,5.0
6899,26.3,1.48,1.7,2.9,1.3,0.31,1.9,0.0,92.2,94.0,0.0
16459,11.2,1.42,5.6,18.2,5.0,1.25,7.5,0.5,63.2,64.0,0.0
1992,2.39,1.7,2.1,5.3,11.9,1.05,3.6,1.6,75.4,160.0,0.1
642,0.8,1.72,21.7,5.9,24.1,0.05,4.4,2.0,41.9,150.0,0.0
12555,2.25,1.54,3.3,1.3,9.4,2.12,0.4,0.0,85.6,135.0,0.0
6095,25.6,1.59,2.3,2.8,19.6,0.06,0.5,2.5,72.1,79.0,0.1
1948,6.03,1.32,9.2,19.5,6.6,3.28,13.3,0.8,50.7,0.0,0.0
633,28.6,1.69,0.9,5.4,37.0,0.08,0.3,5.4,50.8,30.0,0.2
15754,0.3,1.63,13.1,27.1,0.2,0.12,8.9,0.0,50.7,140.0,0.0
17901,19.7,1.58,1.5,17.9,11.3,0.15,4.2,0.4,64.7,68.0,0.0
4206,53.9,1.42,0.4,5.1,53.0,0.46,1.9,1.7,37.9,13.0,0.0
8775,28.5,1.23,0.1,7.6,12.6,1.17,3.7,0.2,75.8,0.0,0.0
2784,1.59,1.83,13.8,5.8,23.8,0.3,6.1,4.3,46.2,112.0,0.0
8018,3.19,1.61,31.0,7.0,18.1,0.03,5.2,16.4,16.2,178.0,6.1
9098,14.5,1.73,1.4,10.2,40.7,0.03,2.9,7.0,37.7,38.0,0.1
12137,1.71,1.55,24.0,5.8,23.3,0.05,4.7,5.0,37.0,96.0,0.2
7499,0.24,1.66,13.1,20.0,11.3,0.1,2.8,1.4,51.4,140.0,0.0
4516,18.7,1.43,2.6,12.9,30.1,1.06,2.5,2.8,49.1,0.0,0.0
9322,6.2,1.47,5.2,16.1,1.9,0.32,6.2,0.1,70.5,30.0,0.0
1594,6.41,1.45,14.0,10.5,20.8,1.7,20.8,13.4,18.3,0.0,2.2
9451,1.94,1.4,7.0,20.8,16.8,0.82,13.0,5.6,36.4,18.0,0.4
7663,14.3,1.42,4.1,14.8,13.1,0.82,4.1,1.0,62.9,79.0,0.0
15462,55.2,1.61,3.5,1.2,38.3,0.03,3.5,4.8,52.1,33.0,0.1
10987,0.01,1.66,34.0,16.8,1.8,0.24,7.6,0.2,39.6,20.0,0.0
12981,3.94,1.51,5.3,2.6,7.0,1.44,4.4,0.6,80.1,89.0,0.0
11911,0.83,1.66,28.8,9.2,8.4,0.16,3.1,0.6,49.8,173.0,0.0
18650,15.3,1.38,1.2,7.5,19.5,0.59,4.3,2.1,65.2,0.0,0.2
4257,0.1,1.74,13.3,21.1,15.5,0.05,5.5,0.9,43.7,188.0,0.0
18362,113.0,0.49,29.0,4.2,13.0,11.89,2.8,5.4,45.0,132.0,0.6
1088,21.0,1.64,2.4,5.2,27.1,0.07,1.1,3.2,60.9,28.0,0.1
17953,3.68,1.76,21.6,12.9,2.3,0.21,6.2,0.0,57.0,130.0,0.0
18049,14.0,1.57,3.0,28.0,11.0,1.86,6.0,1.5,50.4,28.0,0.1
15783,42.1,1.59,1.3,2.5,43.8,0.07,0.8,6.7,44.5,107.0,0.4
17189,16.1,1.42,1.9,26.1,4.9,0.04,12.3,0.7,54.1,56.0,0.0
2195,2.14,1.68,29.4,21.0,3.3,0.05,2.5,0.6,43.1,142.0,0.1
16362,5.55,1.76,0.9,7.2,22.5,0.26,2.7,7.2,58.7,142.0,0.8
4806,95.3,1.48,0.8,1.1,65.0,0.12,0.2,13.1,19.7,36.0,0.1
4441,14.8,1.55,8.2,12.3,24.5,0.36,12.5,9.0,33.1,18.0,0.4
6894,7.01,1.49,7.6,11.2,1.8,0.44,3.3,0.1,76.0,64.0,0.0
13759,36.8,1.48,4.5,26.0,17.5,1.09,3.6,4.1,44.0,46.0,0.3
14146,5.13,1.53,1.5,11.2,28.7,1.19,6.6,9.7,42.1,0.0,0.2
13890,85.5,1.53,1.0,0.4,61.3,0.09,0.3,3.1,33.8,46.0,0.1
14777,22.7,1.62,3.4,5.8,32.9,1.08,1.0,5.6,50.9,109.0,0.4
15107,46.0,1.06,3.3,17.2,2.0,1.65,4.8,0.1,72.6,0.0,0.0
1575,53.25,1.45,1.7,0.5,64.9,1.36,0.9,10.2,21.3,0.0,0.5
13996,42.1,1.28,3.4,18.3,15.1,1.03,4.5,2.3,56.3,0.0,0.1
12726,3.29,1.22,17.6,6.5,10.8,2.95,32.4,12.3,11.8,0.0,8.6
6228,0.59,1.68,22.6,7.0,29.4,0.01,8.2,12.2,19.4,147.0,1.2
8648,25.4,1.38,3.6,16.4,13.9,0.64,9.0,2.7,54.2,8.0,0.2
5231,4.47,1.63,17.0,1.4,36.0,0.07,3.8,30.6,7.6,188.0,3.6
8555,4.82,1.47,29.1,7.6,17.8,0.14,7.6,4.3,33.3,41.0,0.3
1268,15.65,1.5,1.0,15.3,14.9,0.48,3.0,0.7,65.0,8.0,0.1
10895,0.14,1.64,23.1,7.6,26.8,0.06,3.9,4.0,34.4,152.0,0.2
17750,0.13,1.78,10.4,20.0,6.1,0.17,1.5,0.2,61.8,150.0,0.0
8689,0.42,1.57,21.8,32.4,1.0,0.84,31.6,0.2,13.0,15.0,0.0
8299,26.3,1.25,2.6,19.3,13.1,2.02,4.4,3.9,56.5,0.0,0.2
14596,23.2,1.55,2.9,9.3,22.1,0.71,1.0,0.9,63.8,0.0,0.0
8509,65.1,1.59,0.6,0.2,73.4,0.04,0.3,2.3,23.2,155.0,0.0
15499,0.25,1.17,40.9,14.0,3.8,0.67,14.7,0.4,26.2,13.0,0.0
792,7.0,1.7,1.1,24.3,3.3,0.15,2.7,0.1,68.4,91.0,0.1
9638,53.9,1.56,0.5,1.0,39.1,0.95,0.0,5.3,53.9,46.0,0.2
5129,8.94,1.51,6.9,5.3,36.5,1.02,14.4,10.4,25.7,0.0,0.8
5261,0.03,1.75,28.5,11.6,16.1,0.06,2.5,0.9,40.4,142.0,0.0
2355,26.65,1.56,0.3,5.1,10.4,0.08,0.5,0.1,83.6,20.0,0.0
3778,109.0,1.44,0.2,1.3,63.7,0.22,0.7,8.8,25.3,0.0,0.0
12903,33.5,1.5,2.4,3.4,0.8,0.62,1.4,0.0,92.0,114.0,0.0
2370,8.32,1.53,6.9,24.1,12.7,0.06,3.3,1.8,51.1,112.0,0.1
8680,21.7,1.51,1.8,22.8,10.6,0.17,8.3,2.4,53.9,38.0,0.2
5448,0.05,1.59,27.9,8.2,27.7,0.02,13.6,5.0,17.5,193.0,0.1
17452,104.0,1.43,2.3,3.2,52.3,0.4,6.1,9.3,26.8,0.0,0.0
8544,14.5,1.46,3.5,20.4,15.3,1.26,6.7,2.8,51.2,0.0,0.1
13514,15.3,1.41,2.0,9.3,9.0,1.97,0.8,0.6,78.3,0.0,0.0
16280,26.3,1.37,0.3,9.2,28.6,0.94,2.6,1.9,57.4,13.0,0.0
12029,6.57,1.3,2.2,0.5,35.5,1.3,3.4,2.1,56.3,0.0,0.0
4235,89.4,1.48,0.4,1.2,48.9,0.17,0.2,8.9,40.0,41.0,0.4
16284,0.01,1.59,27.8,7.6,19.0,0.4,4.0,1.4,40.2,178.0,0.0
15904,10.1,1.56,3.5,5.6,3.4,0.82,3.9,0.2,83.4,2.0,0.0
8482,43.4,1.29,0.1,4.5,5.6,0.59,2.6,0.2,87.0,8.0,0.0
9229,2.72,1.52,23.2,9.8,0.7,0.28,10.7,0.1,55.5,74.0,0.0
10940,48.6,1.36,1.0,8.7,8.4,0.2,1.6,1.0,79.3,10.0,0.0
15852,46.0,1.47,2.5,4.3,3.4,0.15,3.5,0.0,86.3,117.0,0.0
3390,6.57,1.55,3.4,2.3,31.5,2.16,3.4,3.7,55.7,15.0,0.0
17669,7.23,1.72,2.2,10.1,30.3,0.83,11.3,10.0,34.9,0.0,1.2
17183,42.7,1.44,2.2,4.6,34.7,0.28,4.0,4.3,50.1,0.0,0.1
8408,45.1,1.38,0.6,6.4,17.7,0.98,0.0,2.2,73.1,0.0,0.0
12952,0.32,1.62,15.9,5.3,3.7,0.14,3.6,0.2,71.3,114.0,0.0
17690,31.6,1.64,6.1,9.4,30.2,0.07,11.5,17.2,24.0,28.0,1.6
7647,22.8,1.57,3.2,12.2,18.4,1.12,1.7,1.4,63.0,61.0,0.1
11199,12.2,1.6,5.4,8.6,28.9,0.07,7.3,10.9,37.3,76.0,1.6
8646,0.08,1.61,38.5,11.0,9.2,0.15,4.3,1.0,36.0,162.0,0.0
1523,93.35,1.59,0.9,1.8,64.3,0.18,0.1,13.5,19.1,20.0,0.3
2289,192.5,1.25,1.3,1.0,73.3,0.47,3.9,7.6,12.9,0.0,0.0
4487,9.04,1.45,0.6,16.5,13.9,1.18,7.6,0.7,60.7,10.0,0.0
4238,4.9,1.71,13.7,0.7,42.3,0.59,1.1,7.2,34.7,86.0,0.3
15535,35.9,1.58,2.2,5.1,18.3,0.2,1.7,1.1,71.6,112.0,0.0
14061,0.74,1.48,15.2,28.8,15.0,0.46,9.8,3.8,27.0,30.0,0.4
10566,30.9,1.6,2.4,2.8,60.5,0.21,2.9,14.0,16.5,104.0,0.9
5149,0.16,1.75,20.9,10.6,12.2,0.02,37.5,6.2,11.8,170.0,0.8
14196,0.32,1.62,37.2,13.2,6.4,0.15,16.0,2.2,25.0,165.0,0.0
15086,2.98,1.47,31.1,4.7,4.1,0.18,3.7,0.5,54.5,91.0,0.0
15071,113.0,1.39,0.5,0.4,46.3,0.05,0.5,19.6,30.3,104.0,2.4
6960,0.08,1.8,14.5,10.0,0.5,0.24,6.1,0.1,68.8,96.0,0.0
11815,6.31,1.56,1.0,31.1,7.6,0.04,3.8,1.1,55.4,81.0,0.0
10617,0.06,1.56,26.0,29.3,4.5,0.28,17.3,2.9,19.7,48.0,0.3
9394,5.04,1.62,9.8,7.7,29.8,0.27,11.5,12.6,27.6,20.0,1.0
11182,21.7,1.48,5.3,6.4,33.3,1.26,13.4,16.6,23.3,0.0,1.7
9530,27.6,1.55,0.8,16.1,13.0,0.08,0.2,1.4,68.5,20.0,0.0
6346,0.22,1.83,19.6,4.6,36.7,0.23,0.3,9.0,29.7,147.0,0.1
417,8.5,1.69,3.7,6.2,45.1,0.21,2.4,5.7,36.8,20.0,0.1
14877,0.17,1.73,10.8,6.0,45.4,0.09,5.5,5.8,26.5,107.0,0.0
13443,10.5,1.54,4.9,3.8,54.3,1.28,3.4,4.2,29.4,96.0,0.0
2930,71.65,1.44,0.8,2.7,5.2,0.09,1.2,0.3,89.8,152.0,0.0
13423,18.0,1.57,0.4,17.2,30.2,0.06,1.9,3.1,47.0,28.0,0.2
16999,0.01,1.74,22.2,9.5,20.3,0.13,4.6,1.8,41.6,104.0,0.0
13012,43.4,1.38,1.9,4.3,23.1,2.67,5.1,13.7,47.5,0.0,4.4
17718,0.9,1.61,11.4,6.6,21.0,0.07,28.4,5.4,26.8,175.0,0.4
15100,2.72,1.49,12.9,9.6,0.6,0.07,4.0,0.0,72.9,168.0,0.0
4996,19.7,1.55,1.0,26.2,7.4,0.32,3.2,1.1,61.1,56.0,0.0
15826,50.0,1.33,0.1,2.1,12.4,0.98,0.8,0.5,84.1,0.0,0.0
3194,26.05,1.54,1.3,12.0,10.0,0.27,1.4,1.2,74.1,71.0,0.0
1725,0.05,1.76,22.4,13.5,18.6,0.05,4.3,8.1,32.1,170.0,1.0
9681,3.16,1.62,37.6,2.4,14.8,0.44,9.4,2.4,28.5,81.0,0.1
11062,0.4,1.74,16.0,7.1,16.5,0.22,2.4,1.8,56.1,107.0,0.1
1067,1.92,1.68,1.2,44.2,10.9,0.65,5.8,1.1,36.8,86.0,0.0
15082,19.7,1.4,3.9,7.9,10.2,2.4,6.6,3.8,67.1,46.0,0.5
10888,28.3,1.39,0.8,13.0,32.2,1.04,3.7,5.3,44.8,0.0,0.2
5112,49.95,1.57,1.5,1.0,54.4,0.23,5.5,4.7,32.9,112.0,0.0
13547,54.6,1.29,0.0,11.5,11.7,0.64,2.4,0.5,73.9,0.0,0.0
9190,22.4,1.54,2.1,1.6,3.3,0.39,1.8,0.0,91.2,18.0,0.0
10767,46.0,1.6,0.5,6.6,43.1,0.2,2.4,4.6,42.7,43.0,0.1
3206,15.45,1.51,0.9,24.5,2.6,0.03,1.8,0.1,70.1,25.0,0.0
10630,11.2,1.11,5.5,31.7,1.9,1.99,20.9,0.4,39.5,0.0,0.1
2198,13.27,1.61,4.9,21.8,14.5,0.39,5.9,2.5,50.2,18.0,0.2
6807,43.4,1.4,1.2,16.9,10.9,0.24,2.2,1.3,67.5,150.0,0.0
17616,50.6,1.54,14.2,13.6,18.4,0.79,15.6,11.4,24.4,20.0,2.4
327,1.3,1.72,29.1,12.3,8.7,0.23,23.9,2.9,22.8,38.0,0.3
5746,6.9,1.68,6.2,22.0,3.0,0.06,6.4,0.2,62.2,56.0,0.0
9264,0.04,1.31,49.4,12.8,0.4,0.09,21.8,0.0,15.6,122.0,0.0
5281,0.37,1.71,22.7,16.0,15.4,0.16,5.7,1.0,39.2,112.0,0.0
17012,2.63,1.86,29.8,10.9,17.7,0.03,2.9,1.5,37.2,150.0,0.0
17962,9.53,1.54,1.6,45.4,0.7,0.4,9.3,0.1,42.9,10.0,0.0
8761,2.91,1.6,2.0,36.8,6.3,0.43,5.1,0.4,49.4,46.0,0.0
16824,0.4,1.55,19.0,38.0,0.4,0.2,21.6,0.0,21.0,74.0,0.0
15072,43.4,1.04,2.0,8.6,6.5,5.34,4.4,0.4,78.1,0.0,0.0
11618,0.35,1.73,26.5,3.4,27.1,0.05,2.4,2.2,38.4,190.0,0.0
17039,6.57,1.7,10.1,7.0,24.2,0.18,8.5,16.0,29.0,38.0,5.2
10622,0.09,1.58,22.1,27.3,0.5,0.47,36.4,0.1,13.8,15.0,0.0
6478,48.0,1.33,1.5,2.3,4.9,0.56,3.4,0.1,87.8,0.0,0.0
12180,0.4,1.75,48.6,6.6,10.0,0.04,12.6,8.2,11.0,127.0,3.0
8744,52.6,1.4,1.4,2.1,18.8,0.55,0.9,0.1,76.7,0.0,0.0
16677,0.66,1.71,13.5,23.1,6.0,0.17,3.1,0.9,53.4,147.0,0.0
2814,0.03,1.39,47.5,19.4,0.8,0.27,11.9,0.2,20.2,71.0,0.0
15413,28.9,1.55,2.0,0.9,38.5,0.71,1.3,5.8,51.3,94.0,0.2
2065,35.1,1.37,0.4,5.1,18.9,0.85,0.9,2.2,72.5,5.0,0.0
9634,46.0,1.61,0.5,0.5,59.0,0.17,0.7,10.6,28.6,45.0,0.1
8136,2.29,1.35,36.0,4.2,17.6,0.11,6.2,9.4,25.6,130.0,1.0
3936,9.72,1.62,4.2,0.9,16.6,0.14,1.6,0.9,75.8,157.0,0.0
2672,14.44,1.7,2.3,3.7,46.2,0.06,0.8,5.1,41.8,38.0,0.1
17933,19.1,1.55,0.8,4.4,5.0,0.22,3.7,0.2,85.9,96.0,0.0
8965,17.1,1.47,4.5,32.6,0.4,0.03,3.8,0.1,58.6,142.0,0.0
2299,30.9,1.44,7.2,15.9,14.1,0.21,5.5,1.9,55.3,53.0,0.1
13548,42.1,1.44,0.1,11.8,11.5,0.15,0.6,0.5,75.5,8.0,0.0
5313,11.72,1.5,1.0,10.4,3.0,0.16,6.8,1.0,77.2,8.0,0.6
10650,11.2,1.42,5.2,13.9,23.3,1.72,17.1,7.8,32.3,0.0,0.4
256,1.8,1.68,27.4,30.5,2.5,0.02,2.6,0.5,36.5,206.0,0.0
1799,52.6,1.25,2.1,9.6,28.5,1.39,3.0,3.3,53.3,0.0,0.2
16109,1.48,1.71,11.0,6.4,42.7,0.17,3.4,10.1,25.5,53.0,0.7
4486,25.0,1.11,2.1,16.4,14.0,2.74,5.1,0.5,61.9,0.0,0.0
2806,47.95,1.44,0.3,4.2,3.8,0.1,0.2,0.0,91.5,0.0,0.0
13714,180.0,1.4,0.4,0.4,73.1,0.37,0.1,16.1,9.9,0.0,0.0
5439,20.7,1.59,4.8,9.2,39.5,0.12,4.0,5.0,37.4,53.0,0.1
11478,0.08,1.64,16.2,3.0,9.8,0.42,3.4,1.1,66.4,127.0,0.1
12349,8.11,1.71,4.2,3.5,41.2,0.27,12.8,10.7,27.3,104.0,0.3
17826,19.7,1.42,0.7,5.3,32.3,0.72,2.4,1.1,58.2,8.0,0.0
4071,8.62,1.54,2.2,0.8,3.7,0.43,0.4,0.1,92.7,135.0,0.0
681,6.8,1.46,2.3,10.9,1.0,0.68,5.6,0.1,80.1,15.0,0.0
15252,1.22,1.24,9.1,13.3,11.1,1.64,26.4,1.0,39.0,0.0,0.1
5215,0.09,1.34,40.6,13.2,3.6,0.12,7.6,0.8,34.0,86.0,0.2
4143,85.45,1.73,1.6,0.3,62.5,0.1,0.4,12.7,22.0,140.0,0.5
3625,1.82,1.59,25.0,17.8,8.4,0.28,9.0,0.6,39.2,28.0,0.0
11443,17.1,1.65,1.7,2.3,3.8,0.17,3.2,0.5,88.4,81.0,0.1
3712,6.85,1.29,3.7,15.1,10.4,3.03,4.6,0.4,65.8,0.0,0.0
7952,17.1,1.68,15.2,7.4,26.4,0.12,4.7,18.6,21.3,89.0,6.4
6192,58.55,1.34,2.8,13.6,35.2,1.0,7.2,16.3,22.5,0.0,2.4
3199,12.0,1.52,9.1,27.0,14.3,2.29,10.3,3.1,35.9,84.0,0.3
16717,11.2,1.57,9.9,3.8,24.8,0.12,9.1,7.4,43.7,38.0,1.3
9999,9.2,1.63,3.1,9.3,27.6,0.41,2.9,1.2,55.9,150.0,0.0
13785,0.08,1.39,21.5,6.9,19.2,0.07,5.8,2.6,44.0,46.0,0.0
17812,37.5,1.35,0.1,2.1,41.4,0.49,1.9,1.1,53.4,0.0,0.0
13578,17.8,1.65,38.9,9.1,12.4,0.15,2.7,1.1,35.6,124.0,0.2
7173,50.95,1.56,1.4,1.9,40.8,0.1,0.2,0.9,54.8,102.0,0.0
12820,57.4,1.04,1.3,11.3,31.2,2.53,3.3,3.0,49.8,0.0,0.1
14373,7.89,1.61,6.0,29.1,6.7,0.18,4.2,1.1,52.8,33.0,0.1
4256,0.08,1.76,9.6,17.0,23.6,0.07,3.3,1.4,45.1,135.0,0.0
3584,23.95,1.42,1.2,31.8,14.5,0.6,4.9,0.5,47.1,8.0,0.0
12852,6.2,1.55,0.6,10.4,22.0,0.51,5.9,7.8,52.7,18.0,0.6
14258,227.0,1.39,1.4,3.4,11.5,0.15,5.3,3.2,73.2,38.0,2.0
7396,0.3,1.65,4.4,27.2,11.7,0.5,4.4,0.9,50.9,127.0,0.0
18196,31.6,1.61,3.7,19.5,12.8,1.19,4.8,1.4,57.8,74.0,0.0
9632,21.7,1.33,3.0,0.6,56.3,1.95,2.4,9.3,28.3,30.0,0.1
9126,1.07,1.71,12.4,3.7,36.2,0.44,5.2,12.7,29.0,107.0,0.8
835,14.4,1.44,0.7,26.4,11.3,0.0,6.7,3.0,51.7,15.0,0.2
16014,11.4,1.35,1.2,3.2,3.1,1.42,3.6,0.2,88.7,0.0,0.0
8780,32.9,1.56,2.9,8.6,10.7,0.22,0.1,0.2,77.5,101.0,0.0
17281,30.9,1.5,1.0,7.8,16.8,0.01,0.1,0.0,74.3,178.0,0.0
16411,17.5,1.64,1.1,13.1,31.8,0.54,4.3,5.9,43.5,0.0,0.3
13148,4.73,1.54,3.8,17.9,24.0,1.18,12.3,10.8,28.8,0.0,2.4
4424,3.01,1.53,12.7,35.3,0.2,0.09,12.0,0.0,39.8,79.0,0.0
9326,14.5,1.48,0.8,6.1,2.6,0.14,2.9,0.0,87.6,18.0,0.0
11395,14.5,1.53,2.7,11.6,27.3,0.05,4.3,2.3,51.8,79.0,0.0
18590,5.17,1.68,2.96,12.7,22.9,0.03,5.0,3.5,52.7,10.0,0.3
13296,32.2,1.54,1.7,8.2,16.9,0.09,4.8,2.4,65.7,94.0,0.3
11049,1.48,1.54,14.3,7.8,6.7,0.31,9.9,7.7,47.4,53.0,6.2
3605,163.5,1.19,2.6,6.2,20.0,2.14,0.9,1.0,69.3,0.0,0.0
12159,63.1,1.29,1.0,0.9,50.6,0.83,0.9,6.3,40.3,0.0,0.0
4372,15.9,1.43,19.0,9.9,18.9,0.3,10.0,4.5,27.4,15.0,0.3
18456,26.3,1.64,0.5,1.4,45.5,2.31,1.0,13.3,37.9,102.0,0.4
6189,123.5,1.4,1.6,2.2,55.6,0.13,5.2,9.4,25.9,15.0,0.1
15819,9.47,1.42,1.2,2.1,60.2,1.01,2.2,7.9,26.4,0.0,0.0
11041,0.38,1.47,16.7,7.5,1.1,2.2,3.8,0.2,70.6,38.0,0.1
14867,36.2,1.33,1.7,28.2,1.7,3.25,0.0,0.1,68.3,0.0,0.0
4915,31.9,1.46,0.4,4.8,10.5,0.13,2.0,0.7,81.6,15.0,0.0
15965,29.8,1.43,1.5,1.7,3.6,0.02,2.4,0.1,90.7,20.0,0.0
10420,189.0,1.31,0.5,0.6,72.3,0.63,1.2,7.2,18.1,0.0,0.1
13168,30.1,1.68,0.8,12.0,30.4,0.06,2.7,4.5,49.5,102.0,0.1
9233,35.5,1.31,4.5,2.2,3.5,1.92,2.4,0.1,87.3,89.0,0.0
1777,3.42,1.61,31.2,9.2,18.8,0.34,6.9,2.3,31.4,28.0,0.2
4955,3.42,1.64,19.8,2.0,31.6,0.08,9.6,16.4,17.8,155.0,2.8
17366,55.2,1.54,0.9,4.8,29.3,0.08,2.5,4.2,58.2,89.0,0.1
15429,108.0,1.43,0.8,0.4,61.4,1.67,3.2,4.3,29.6,0.0,0.3
1949,14.9,1.46,2.8,23.0,8.2,0.73,7.7,0.9,57.4,15.0,0.0
1861,10.18,1.56,0.4,14.0,5.2,0.26,2.1,0.9,77.4,15.0,0.0
12620,14.5,1.55,1.2,23.9,6.7,0.06,3.4,1.3,63.4,132.0,0.1
5478,64.5,1.52,1.6,3.3,37.5,0.2,2.7,3.9,50.8,18.0,0.2
10414,0.31,0.75,4.4,3.4,35.3,5.68,11.3,2.6,43.0,81.0,0.0
13454,31.6,1.14,30.6,4.8,19.6,3.26,11.4,4.2,29.2,41.0,0.2
17236,0.07,1.52,32.0,5.4,25.1,0.19,6.9,4.0,26.1,109.0,0.5
9159,0.04,1.6,24.1,8.1,1.4,0.22,2.5,0.0,63.9,142.0,0.0
2787,15.15,1.26,4.5,7.2,25.6,2.33,5.5,4.7,52.5,15.0,0.0
17613,10.1,1.72,35.4,8.8,16.4,0.09,10.0,6.8,22.0,61.0,0.6
8997,65.7,1.55,0.4,1.2,59.2,0.27,0.8,7.6,30.6,18.0,0.2
7983,0.53,1.76,22.4,13.8,14.3,0.1,8.0,14.2,20.6,79.0,6.7
11216,134.0,1.53,1.8,0.6,56.4,0.07,2.5,1.8,36.9,94.0,0.0
10451,105.0,1.43,1.8,2.3,63.8,0.8,1.3,15.4,15.1,0.0,0.3
16838,80.2,1.4,1.3,3.6,39.3,0.07,2.7,8.1,44.6,102.0,0.4
3448,0.2,1.56,2.3,2.0,25.3,2.63,2.4,3.4,63.5,56.0,0.1
17516,22.3,1.56,1.0,3.0,15.1,0.11,4.3,4.3,72.0,96.0,0.3
3600,46.45,1.54,0.6,5.3,26.8,0.06,1.0,0.7,65.6,81.0,0.0
3864,13.1,1.59,1.5,28.4,23.7,0.02,5.5,5.1,35.7,43.0,0.1
4652,41.75,1.49,0.8,5.1,10.2,0.25,1.8,0.9,81.2,18.0,0.0
4848,41.1,1.34,0.2,5.1,12.2,0.7,0.9,1.3,80.2,0.0,0.1
14010,3.45,1.68,27.2,14.2,10.8,0.22,9.2,2.0,36.4,30.0,0.2
5199,13.3,1.56,3.1,2.2,40.6,0.15,7.3,15.0,30.0,18.0,1.8
14299,22.0,1.7,1.6,5.0,45.8,0.33,0.0,5.1,42.4,58.0,0.1
12031,4.6,1.62,4.2,0.5,38.6,0.18,2.2,2.8,51.7,86.0,0.0
15394,23.2,1.68,1.6,2.9,29.4,0.06,0.8,5.4,59.6,137.0,0.3
17225,17.7,1.64,2.9,4.7,50.9,0.48,4.1,9.2,27.8,0.0,0.4
18434,9.99,1.59,20.7,0.9,39.4,0.62,3.0,12.1,23.3,152.0,0.6
15090,15.1,1.5,2.3,7.6,11.1,0.21,5.4,2.7,70.2,18.0,0.7
428,34.5,1.2,1.1,6.4,18.8,0.83,1.2,1.4,71.1,0.0,0.0
899,27.1,1.43,0.5,15.3,28.2,1.68,4.3,2.9,48.7,0.0,0.1
16758,74.9,1.51,0.4,0.0,72.7,0.05,0.0,3.2,23.7,13.0,0.0
15654,6.79,1.68,1.4,2.6,43.0,1.02,2.4,7.5,43.1,168.0,0.0
10197,20.0,1.45,2.4,7.4,2.0,0.36,2.8,0.1,85.3,15.0,0.0
10589,0.13,1.71,15.7,2.5,40.1,0.13,4.4,4.7,32.5,102.0,0.1
18029,0.22,1.76,17.3,25.8,7.1,0.31,5.6,1.0,43.2,132.0,0.0
5020,13.32,1.56,5.3,6.4,33.3,1.26,13.4,16.6,23.3,0.0,1.7
1520,30.9,1.38,1.4,9.4,24.7,0.04,8.0,4.1,52.2,155.0,0.2
4839,15.01,1.53,3.4,2.9,13.9,0.18,2.5,0.6,76.7,102.0,0.0
12571,0.02,1.6,36.2,9.7,1.8,0.05,16.5,0.1,36.7,112.0,0.0
8785,5.5,1.59,4.1,14.7,21.4,0.64,3.4,1.6,54.6,28.0,0.0
4226,0.8,1.53,11.7,9.0,48.2,0.23,3.7,10.7,16.2,122.0,0.5
8444,5.92,1.58,21.0,11.6,28.2,0.84,2.2,3.4,33.6,91.0,0.0
8837,0.2,1.64,56.2,25.6,1.6,0.05,6.4,0.4,9.8,157.0,0.0
13756,13.6,1.5,1.3,27.4,21.8,1.42,2.4,4.2,42.8,0.0,0.1
9204,13.8,1.53,1.0,3.7,3.1,0.72,0.3,0.0,91.9,178.0,0.0
2538,32.85,1.61,3.3,10.3,25.6,0.13,6.3,6.5,47.5,66.0,0.5
9709,0.33,1.51,26.2,24.7,2.9,0.42,6.2,0.1,39.9,76.0,0.0
15159,63.1,1.5,0.8,0.3,62.8,0.13,0.8,5.3,29.9,15.0,0.1
624,28.3,1.24,2.3,31.5,2.2,1.53,0.9,0.1,62.9,0.0,0.1
16364,42.1,1.56,2.8,7.1,24.3,0.6,2.4,7.2,55.7,13.0,0.5
17926,31.6,1.4,1.5,2.7,12.5,0.26,2.1,1.8,79.4,8.0,0.0
2667,0.29,1.31,4.6,0.6,57.0,4.14,4.8,4.9,28.0,155.0,0.1
1328,57.85,1.35,4.2,4.8,17.1,0.32,2.2,1.0,70.7,22.0,0.0
2082,39.9,1.58,0.4,3.7,16.7,0.09,0.8,0.5,77.9,18.0,0.0
10317,0.36,1.68,16.9,9.1,3.6,0.08,3.1,0.3,67.0,58.0,0.0
13854,0.0465,1.81,18.0,1.7,42.8,0.12,5.8,9.3,21.8,142.0,0.6
9824,21.14,1.36,2.4,19.2,18.7,0.95,3.2,0.6,55.9,41.0,0.0
9765,36.8,1.53,2.0,7.9,8.4,0.11,2.2,0.5,79.0,46.0,0.0
4030,44.9,1.27,0.2,1.6,2.8,0.13,0.7,0.2,94.5,10.0,0.0
10107,14.0,1.48,1.3,29.5,22.2,0.03,5.3,5.6,36.0,76.0,0.1
17322,2.1,1.5,7.7,17.9,10.3,2.28,7.3,1.0,55.7,0.0,0.1
9476,128.0,1.46,0.3,1.9,52.3,0.49,1.2,3.3,40.9,0.0,0.1
18084,2.15,1.29,22.3,9.7,16.0,0.03,11.9,2.1,37.8,61.0,0.2
8952,17.1,1.59,0.4,21.3,9.1,0.02,1.5,3.3,64.2,119.0,0.2
18382,35.9,1.5,0.2,1.3,16.2,0.57,2.9,0.6,78.8,0.0,0.0
13680,67.0,1.25,4.4,5.7,14.8,0.9,4.3,1.0,69.8,2.0,0.0
24,0.96,1.73,28.7,9.3,20.9,0.18,6.3,8.3,23.9,128.0,2.6
12857,36.8,1.36,4.4,3.0,2.1,1.16,2.3,0.1,88.1,112.0,0.0
11541,6.57,1.71,22.2,9.5,20.3,0.13,4.6,1.8,41.6,104.0,0.0
14588,0.39,1.82,9.4,11.6,20.7,0.13,6.6,2.3,49.4,71.0,0.0
4166,72.3,1.62,0.4,2.2,64.5,0.16,0.9,14.3,17.0,30.0,0.7
1371,17.1,1.51,2.1,32.2,3.8,0.03,2.0,0.2,59.7,41.0,0.0
51,21.06,0.93,18.03,6.75,13.55,3.06,22.6,12.23,18.87,0.0,7.97
8066,0.75,1.64,19.4,9.5,3.8,0.04,4.5,0.4,62.4,109.0,0.0
3373,29.25,1.54,5.0,1.0,36.8,1.83,0.9,5.9,50.2,132.0,0.2
11265,46.0,1.45,1.3,0.5,63.3,0.58,7.2,6.3,21.4,0.0,0.0
4880,0.94,1.56,18.3,7.9,2.5,0.19,10.0,2.2,58.2,58.0,0.9
9223,38.1,1.42,1.8,3.4,4.4,0.12,1.3,0.2,88.9,58.0,0.0
13751,40.8,1.52,0.9,11.2,41.7,0.95,1.8,4.1,40.3,0.0,0.0
2156,0.05,1.48,20.7,6.3,18.1,0.71,5.4,1.0,48.5,25.0,0.0
11262,0.01,1.42,44.8,16.1,2.7,0.15,13.2,2.0,18.7,68.0,2.5
9105,1.84,1.63,14.6,3.8,25.0,0.4,18.1,9.1,28.1,115.0,1.3
6208,0.39,1.9,1.7,2.2,45.8,0.06,14.7,10.2,25.2,132.0,0.2
8451,122.0,1.09,1.3,7.3,39.3,3.32,0.0,2.6,49.4,0.0,0.1
10923,14.0,1.16,1.9,16.7,4.7,4.4,11.3,0.4,65.0,0.0,0.0
17118,7.89,1.32,0.7,7.1,35.5,8.64,2.6,4.4,49.6,0.0,0.1
10831,40.8,1.76,0.9,7.2,22.5,0.26,2.7,7.2,58.7,142.0,0.8
10536,0.02,1.71,7.4,1.8,57.4,2.15,5.0,10.4,17.9,96.0,0.1
1947,0.55,1.67,27.7,16.2,9.6,0.08,3.1,3.8,39.0,124.0,0.6
958,61.1,1.62,0.4,0.3,57.9,0.08,0.0,26.5,14.2,8.0,0.7
2990,7.01,1.4,2.9,2.8,4.9,2.68,6.9,0.0,82.5,109.0,0.0
4340,1.0,1.61,12.8,9.9,30.8,0.29,4.3,3.5,38.4,56.0,0.3
18204,50.0,1.45,3.0,13.2,11.6,1.62,1.6,2.9,67.7,38.0,0.0
3607,59.5,1.45,3.3,4.8,18.4,0.17,2.5,1.0,70.0,71.0,0.0
9464,2.89,1.75,14.8,3.6,29.8,0.11,6.2,21.1,21.1,112.0,3.4
15173,31.6,1.57,3.7,1.5,56.3,1.02,5.8,12.2,20.4,0.0,0.1
3276,26.95,1.58,0.4,10.9,17.3,0.04,1.5,0.4,69.5,18.0,0.0
3447,10.3,1.64,0.3,1.9,26.6,0.06,1.2,3.3,66.6,18.0,0.1
11749,36.2,1.68,2.0,4.8,44.8,0.08,2.2,8.4,37.6,114.0,0.2
696,33.5,1.51,1.0,14.8,27.8,0.04,2.0,4.0,50.2,147.0,0.2
12865,36.8,1.46,0.4,1.4,1.0,0.14,1.5,0.0,95.7,20.0,0.0
9988,0.62,1.69,4.5,13.1,16.3,1.27,4.4,2.6,59.0,46.0,0.1
1858,0.1,1.82,18.4,17.2,12.0,0.28,5.4,1.8,45.0,66.0,0.2
2489,0.12,1.65,43.8,1.0,9.4,0.15,2.0,0.2,43.6,137.0,0.0
16447,0.41,1.72,16.2,2.9,30.9,0.04,4.6,5.1,40.0,81.0,0.3
7926,0.79,1.58,33.2,5.4,23.0,0.41,16.2,5.0,17.2,76.0,0.0
13226,20.2,1.66,2.9,11.5,8.4,0.02,1.4,1.2,74.6,114.0,0.0
773,24.6,1.62,0.5,6.6,33.7,0.18,2.4,3.5,53.1,28.0,0.2
1801,35.5,1.38,1.7,12.1,24.8,0.56,3.7,2.7,54.8,43.0,0.2
6437,24.3,1.37,2.4,2.9,37.2,0.74,3.5,1.5,52.5,5.0,0.0
5027,16.67,1.45,4.3,8.0,37.0,0.94,9.4,10.0,30.8,0.0,0.5
7832,52.6,1.57,0.8,3.7,54.9,0.01,0.3,2.6,37.7,10.0,0.0
2627,0.92,1.65,34.2,14.7,3.3,0.16,14.2,0.5,33.1,51.0,0.0
18455,0.01,1.74,12.2,42.0,0.6,0.88,20.0,0.2,25.0,8.0,0.0
7870,1.03,1.49,10.4,7.2,39.3,1.29,7.5,3.1,32.5,20.0,0.0
1571,123.5,1.64,0.7,1.5,61.9,0.01,0.2,16.0,19.5,8.0,0.2
441,3.4,1.35,7.9,18.0,12.1,1.78,21.0,3.5,37.2,0.0,0.3
16141,13.1,1.28,4.9,11.9,31.4,2.63,9.0,2.3,40.4,8.0,0.1
12929,35.5,1.31,2.6,5.1,1.9,1.42,8.6,0.0,81.8,0.0,0.0
11990,28.3,1.44,1.4,4.8,33.2,0.11,1.9,5.8,52.8,76.0,0.1
17655,92.0,1.43,1.0,1.5,57.8,0.24,4.1,8.6,27.0,53.0,0.0
14681,1.37,1.6,41.1,12.8,12.8,0.09,6.3,4.0,22.6,71.0,0.4
2450,2.99,1.34,54.8,6.4,7.1,0.43,7.9,0.6,23.1,79.0,0.1
11385,18.9,1.58,6.4,5.9,35.7,0.1,11.3,13.2,26.4,30.0,1.1
11719,0.03,1.8,22.2,4.6,33.5,0.12,3.9,4.1,31.6,127.0,0.1
17412,36.8,1.71,1.8,2.9,59.4,0.64,3.4,8.3,24.2,8.0,0.0
3216,56.9,1.66,28.4,27.1,11.2,0.2,2.8,1.4,29.1,140.0,0.0
6203,3.37,1.64,29.2,2.82,26.6,0.06,6.6,9.4,24.4,155.0,1.0
12217,78.9,1.48,0.8,2.0,54.8,0.07,3.4,8.0,30.9,84.0,0.1
625,20.4,1.35,1.0,33.0,1.8,0.81,4.0,0.1,60.1,8.0,0.0
2852,34.2,1.47,1.5,3.9,4.3,0.29,1.0,0.2,89.1,18.0,0.0
6683,25.95,1.38,6.5,19.0,18.5,1.51,7.4,4.6,43.8,0.0,0.2
13300,55.9,1.59,12.1,5.8,14.8,0.28,7.1,2.4,57.6,15.0,0.2
12218,80.2,1.54,1.4,1.7,54.4,0.07,4.5,4.5,30.5,119.0,0.0
5241,24.3,1.45,1.8,5.5,39.2,0.18,5.0,3.8,44.7,41.0,0.0
4307,1.31,1.68,8.8,5.1,41.2,0.2,2.4,5.8,36.6,145.0,0.1
8386,27.6,1.25,3.1,17.9,12.2,1.76,2.5,2.2,62.0,0.0,0.1
15615,0.13,1.7,45.5,8.8,13.8,0.2,2.9,0.8,28.2,132.0,0.0
597,4.3,1.72,6.8,5.0,35.4,0.13,4.5,5.1,43.0,38.0,0.2
2591,2.26,1.7,30.4,9.3,17.8,0.13,7.2,4.3,30.8,86.0,0.2
442,0.6,1.53,9.4,14.9,13.6,0.68,20.6,4.3,36.7,10.0,0.5
17181,19.7,1.61,1.3,7.8,34.6,0.09,2.1,6.8,47.2,89.0,0.2
265,27.9,1.33,1.3,9.9,8.4,1.13,1.4,2.0,77.0,0.0,0.0
1820,24.0,1.58,3.6,6.7,32.6,0.14,2.6,2.7,51.6,102.0,0.2
254,1.8,1.74,21.0,20.9,9.8,0.08,4.5,2.0,41.7,132.0,0.1
10845,42.1,1.63,2.5,7.0,27.8,0.09,1.9,11.7,47.5,64.0,1.6
10155,1.31,1.66,21.2,6.0,29.2,0.19,7.0,1.8,34.7,81.0,0.1
15998,3.09,1.58,11.3,6.5,5.0,0.15,3.2,0.2,73.8,94.0,0.0
2572,9.7,1.64,2.8,17.4,22.6,0.46,6.9,6.3,43.6,36.0,0.4
18631,3.07,1.69,9.8,7.8,32.0,0.1,6.0,12.8,30.2,58.0,1.4
8109,66.4,1.23,2.3,7.9,34.2,0.38,6.0,21.6,23.6,0.0,3.5
13869,0.26,1.49,33.4,5.6,23.2,0.27,15.0,5.2,17.4,124.0,0.2
16336,1.68,1.7,18.8,11.4,25.5,0.07,4.8,9.6,29.1,162.0,0.8
7088,0.19,1.62,8.9,12.7,9.4,0.12,9.3,6.3,49.2,76.0,4.2
3789,26.6,1.35,1.3,3.2,4.0,0.89,4.9,0.1,86.5,0.0,0.0
6888,6.9,1.47,3.0,21.5,0.4,0.12,7.0,0.1,68.0,36.0,0.0
7376,4.49,1.5,0.7,22.7,15.6,0.99,6.0,2.5,52.4,74.0,0.1
5217,0.69,1.18,43.9,22.6,0.6,0.11,13.7,0.2,18.8,175.0,0.2
11426,11.8,1.53,2.3,22.1,18.4,0.27,3.8,1.4,52.0,15.0,0.0
11029,0.75,1.21,19.5,2.9,6.2,0.45,26.9,1.0,43.4,33.0,0.1
14448,9.99,1.61,1.9,24.7,6.6,0.61,2.9,1.2,62.7,89.0,0.0
15982,3.67,1.58,7.0,3.8,0.4,0.3,4.2,0.0,84.5,114.0,0.1
5752,22.34,1.43,55.0,7.2,2.8,0.15,22.8,0.2,12.0,38.0,0.0
7015,1.34,1.61,11.9,8.7,5.0,2.28,1.4,0.3,72.7,152.0,0.0
10819,40.8,1.2,1.3,7.6,25.5,2.44,1.5,7.9,55.0,0.0,1.2
16554,1.68,1.27,28.1,8.1,4.8,0.62,12.8,4.7,39.5,33.0,2.0
12190,1.78,1.73,22.8,6.4,27.2,0.04,7.8,13.4,20.8,109.0,1.6
1335,30.9,1.53,0.7,13.1,11.8,0.04,2.6,0.9,70.9,112.0,0.0
150,47.3,1.46,0.6,4.0,15.3,0.05,0.8,1.6,77.7,66.0,0.0
15150,93.3,1.46,1.2,0.8,62.2,0.49,1.1,5.7,28.9,0.0,0.0
12753,27.6,1.61,0.8,9.0,20.1,0.11,0.4,3.2,66.5,15.0,0.0
10704,0.08,1.73,36.6,10.2,9.0,0.12,7.6,0.8,35.6,86.0,0.2
8489,1.84,1.37,17.4,8.7,27.8,1.66,5.8,3.7,36.6,20.0,0.0
1606,20.4,1.57,2.9,14.4,25.0,0.26,7.2,25.9,16.4,13.0,8.2
15497,7.89,1.7,24.2,1.2,34.8,0.11,3.8,4.6,31.4,109.0,0.0
27,23.67,1.25,9.5,10.2,23.6,1.2,11.1,4.8,38.5,0.0,2.3
2797,154.5,0.19,31.0,1.9,0.9,11.52,64.7,0.1,1.4,38.0,0.0
15220,3.29,1.43,5.8,18.2,6.0,0.85,41.6,1.7,26.6,13.0,0.1
14056,0.72,1.59,35.6,4.8,18.2,0.07,3.8,16.4,18.2,152.0,3.0
17233,14.5,1.7,2.4,7.7,37.6,0.19,4.3,6.5,40.3,20.0,1.2
1788,7.39,1.53,7.1,14.0,14.4,0.92,6.5,2.8,54.9,0.0,0.3
10811,27.6,1.62,1.0,8.08,14.7,0.12,1.2,3.1,71.8,18.0,0.2
4428,7.55,1.75,5.8,5.0,35.0,0.22,10.1,11.4,31.5,13.0,1.2
14045,14.5,1.57,3.0,17.2,12.4,0.17,2.8,1.8,62.8,178.0,0.0
9457,0.11,1.51,19.6,39.1,2.2,0.05,6.7,0.6,31.8,152.0,0.0
2253,8.76,1.34,5.5,24.3,10.8,0.76,8.1,2.4,48.7,36.0,0.2
1809,11.5,1.55,2.6,11.8,23.0,0.62,10.8,5.4,45.4,18.0,1.0
10933,12.5,1.45,2.2,14.8,7.3,0.66,6.2,0.4,69.1,5.0,0.0
9312,0.46,1.59,33.2,15.9,0.1,0.1,9.6,0.0,41.2,84.0,0.0
10605,0.46,1.69,9.9,35.3,1.0,0.58,26.0,0.1,27.7,15.0,0.0
16935,0.18,1.87,17.6,1.1,49.5,0.03,0.9,8.6,21.9,218.0,0.4
11552,0.7,1.85,20.9,12.8,18.0,0.08,4.6,1.6,42.0,107.0,0.1
14091,0.01,1.65,50.1,4.4,7.2,0.08,6.9,1.0,30.4,180.0,0.0
14857,0.19,1.55,14.4,10.2,4.8,0.25,5.0,1.5,64.1,76.0,0.0
18701,24.3,1.49,2.3,21.9,15.5,0.25,2.3,2.0,56.0,51.0,0.0
5098,30.25,1.57,1.1,1.6,49.4,0.06,4.1,15.1,27.1,79.0,1.6
13058,12.7,1.48,4.7,1.1,38.8,1.21,2.5,12.6,39.6,81.0,0.7
9164,24.3,1.39,1.3,9.2,3.1,0.04,3.4,0.2,82.8,104.0,0.0
18201,12.7,1.4,1.5,13.0,13.8,2.48,2.7,3.3,65.7,0.0,0.0
3195,1.36,1.48,7.3,10.4,8.3,1.14,5.1,0.6,68.3,135.0,0.0
8131,10.1,1.54,5.6,19.0,13.6,0.18,5.7,1.7,54.3,20.0,0.1
7089,7.63,1.5,14.7,4.8,15.8,0.16,14.5,13.0,33.4,122.0,3.8
7840,11.5,1.71,4.3,11.4,26.9,0.33,2.0,1.8,53.6,145.0,0.0
15944,0.2,1.47,4.2,1.5,2.3,2.47,4.2,0.1,87.7,56.0,0.0
15018,85.5,0.8,1.0,2.4,4.1,3.87,0.8,0.1,91.6,0.0,0.0
2822,35.5,1.36,0.5,4.1,1.0,1.84,0.6,0.0,93.8,0.0,0.0
9897,4.83,1.47,22.2,7.3,19.8,0.13,18.7,2.0,30.0,89.0,0.0
9884,14.5,1.12,8.2,33.9,0.4,8.28,7.5,0.0,30.0,0.0,0.0
8966,21.0,1.52,1.8,20.4,0.3,0.04,0.5,0.0,77.0,175.0,0.0
10089,25.0,1.39,0.4,3.4,5.4,0.77,1.9,0.1,88.8,0.0,0.0
4109,0.38,1.63,14.6,4.4,11.0,0.06,2.6,0.7,66.7,168.0,0.0
14154,6.57,1.53,46.4,9.4,9.4,0.11,6.4,1.4,26.8,64.0,0.2
10906,2.63,1.67,8.6,17.5,19.3,0.1,5.9,4.6,43.9,79.0,0.2
3523,0.23,1.61,34.8,5.8,8.4,0.13,3.6,0.6,46.8,183.0,0.0
8875,39.4,1.62,3.0,10.4,27.0,0.07,4.1,8.9,45.2,89.0,1.4
1374,25.35,1.29,1.1,25.3,5.6,1.33,1.3,0.3,66.4,0.0,0.0
5492,43.03,0.91,3.1,5.0,32.4,6.35,18.5,3.6,36.5,0.0,0.1
1432,0.88,1.44,16.9,7.8,19.6,1.24,7.6,2.6,45.5,8.0,0.0
17720,2.16,1.76,5.1,23.5,10.8,0.47,10.4,4.6,45.0,15.0,0.6
7159,7.62,1.44,0.1,25.0,8.1,1.14,12.6,1.0,53.2,0.0,0.0
11517,10.1,1.46,2.1,9.9,21.3,2.79,1.3,8.5,55.6,0.0,1.3
4583,48.0,1.57,4.4,6.3,27.1,0.05,1.9,3.2,57.0,160.0,0.1
11096,25.0,1.44,1.8,0.9,10.5,0.39,3.8,1.4,81.6,140.0,0.0
532,20.7,1.59,4.8,9.2,39.5,0.12,4.0,5.0,37.4,53.0,0.1
11002,23.09,1.51,16.1,2.6,11.0,0.1,4.7,0.5,65.1,152.0,0.0
15049,0.04,1.18,55.7,11.4,0.4,0.35,19.1,0.0,13.4,51.0,0.0
2209,7.89,1.71,36.6,6.1,18.7,0.1,2.9,4.5,30.7,102.0,0.5
12558,5.52,1.79,1.6,12.5,41.3,0.16,5.8,5.2,33.6,89.0,0.0
7414,16.4,1.59,0.6,12.1,26.1,0.16,5.4,6.9,48.7,15.0,0.2
16399,23.7,1.45,1.9,17.0,18.6,0.69,5.9,3.0,53.5,0.0,0.1
14593,2.63,1.14,75.5,2.0,3.0,0.53,9.6,0.2,9.6,104.0,0.0
18351,39.1,1.43,2.1,3.7,6.7,0.22,0.2,0.2,87.1,36.0,0.0
5739,20.05,1.35,3.6,23.2,2.5,0.88,7.4,0.2,63.1,0.0,0.0
15714,72.3,1.51,0.5,1.7,45.8,0.03,0.1,7.6,44.1,162.0,0.2
9122,9.53,1.13,11.2,4.4,30.8,7.03,9.8,11.6,31.1,0.0,1.1
3077,1.22,1.63,8.0,25.7,5.9,0.21,25.8,1.8,32.6,58.0,0.2
15960,18.7,1.41,5.8,2.3,13.8,0.79,4.1,0.5,73.5,71.0,0.0
15035,26.3,1.45,1.9,4.8,3.0,0.48,6.0,0.2,84.1,33.0,0.0
759,9.7,1.6,3.1,13.2,19.9,0.23,6.1,2.5,55.2,18.0,0.0
10403,71.0,1.61,0.3,4.6,56.6,0.04,1.0,11.5,25.9,48.0,0.1
13685,30.2,1.32,4.0,11.0,13.3,1.6,4.7,0.9,66.1,0.0,0.0
10931,0.26,1.75,26.5,12.6,2.7,0.18,3.4,0.2,54.6,124.0,0.0
1445,11.76,1.56,1.3,10.6,33.0,0.85,1.5,1.7,51.9,8.0,0.0
965,4.2,1.71,10.9,0.6,51.7,0.14,5.2,17.0,13.9,147.0,0.7
12860,58.5,1.39,1.7,3.2,2.4,0.71,1.2,0.1,91.4,186.0,0.0
1249,25.95,1.68,2.7,13.0,9.7,0.42,1.5,0.7,72.4,79.0,0.0
776,11.3,1.77,1.8,7.0,30.6,0.41,3.5,3.6,53.4,102.0,0.1
10730,11.0,1.63,5.0,12.7,26.3,0.02,2.3,3.3,50.3,112.0,0.1
5690,0.12,1.69,23.3,29.2,6.4,0.14,4.3,0.6,36.2,127.0,0.0
1079,56.5,1.52,0.6,3.0,35.8,0.02,1.1,11.2,48.0,20.0,0.3
17681,45.4,1.49,6.5,20.9,20.8,1.58,10.1,9.0,32.0,0.0,0.7
12863,50.6,1.43,0.8,2.7,1.8,0.17,1.6,0.0,93.1,20.0,0.0
2879,18.4,1.5,1.0,4.4,3.3,0.26,0.7,0.2,90.4,196.0,0.0
10340,20.4,1.57,4.0,7.3,4.5,0.15,2.7,0.2,81.3,76.0,0.0
16172,0.97,1.51,8.3,33.7,1.1,1.94,28.0,0.2,28.7,0.0,0.0
7241,3.9,1.25,8.3,20.2,1.7,0.98,2.0,0.3,67.4,0.0,0.1
939,27.6,1.66,1.9,2.1,45.9,0.23,0.8,3.6,45.6,109.0,0.1
18247,6.25,1.53,4.5,1.6,8.9,2.23,3.8,1.1,80.1,56.0,0.0
5883,9.76,1.75,3.6,1.4,48.3,0.04,12.1,11.5,23.0,185.0,0.1
14309,40.8,1.5,0.0,5.0,53.7,0.8,2.2,5.7,33.4,10.0,0.0
15794,13.8,1.29,3.7,6.2,15.7,3.8,6.9,2.9,64.5,0.0,0.1
12756,9.2,1.37,3.7,8.5,18.3,1.71,2.4,4.7,62.3,122.0,0.1
5497,28.25,1.57,0.3,7.5,34.4,0.22,3.3,6.1,48.1,20.0,0.3
10265,35.1,1.51,0.7,2.3,12.0,0.06,1.7,1.0,82.2,79.0,0.1
4145,0.13,0.49,24.6,5.5,28.8,5.18,5.6,1.7,33.7,0.0,0.1
10973,46.0,1.41,1.0,3.6,14.2,0.1,0.7,0.9,79.6,21.0,0.0
2705,0.45,1.65,11.6,3.9,30.0,0.14,23.2,2.7,28.6,81.0,0.0
6739,14.6,1.68,16.3,7.3,12.3,0.15,2.1,1.5,60.5,109.0,0.0
4434,0.13,1.34,64.4,4.3,0.9,0.34,16.6,0.3,3.4,41.0,0.1
7541,18.4,1.5,7.8,3.0,49.7,1.13,2.9,2.3,34.3,96.0,0.0
12994,0.28,1.46,29.8,17.4,0.2,0.1,12.6,0.0,40.0,132.0,0.0
10508,9.2,1.57,10.9,1.2,45.3,0.32,2.2,6.6,33.5,26.0,0.3
8114,29.6,1.58,6.0,8.0,27.0,0.05,8.7,21.0,23.2,160.0,6.2
17172,77.6,1.47,3.4,5.2,45.6,0.09,2.8,6.0,36.8,175.0,0.2
17840,23.7,1.54,1.0,9.2,16.0,0.12,1.5,0.6,71.7,8.0,0.0
8044,1.06,1.69,21.1,1.6,45.4,0.06,1.1,13.4,16.8,168.0,0.6
1862,1.75,1.39,3.7,12.1,5.3,2.05,0.6,0.8,70.3,41.0,0.0
10653,7.1,1.73,12.0,13.1,21.2,0.15,12.5,9.9,30.4,66.0,0.9
6191,91.95,1.48,0.5,2.3,56.1,0.04,2.7,8.5,29.8,170.0,0.1
9465,0.09,1.79,23.4,2.6,18.1,0.09,6.4,23.5,12.2,150.0,13.8
6702,3.27,1.52,1.9,6.1,10.5,1.55,7.8,0.7,73.0,165.0,0.0
12015,36.8,1.54,0.6,2.0,58.4,0.15,4.8,10.1,24.1,15.0,0.0
18188,21.0,1.64,0.6,13.8,13.2,0.09,0.8,2.4,69.2,15.0,0.0
9790,27.3,1.35,1.3,23.3,19.1,0.65,3.2,0.5,52.6,25.0,0.0
11084,0.08,1.94,16.2,13.2,18.0,0.14,9.7,4.3,38.3,68.0,0.3
12075,27.6,1.55,0.5,2.2,15.0,0.11,2.9,4.6,74.4,155.0,0.4
6155,42.05,1.35,7.2,12.8,25.9,0.7,9.6,12.4,30.6,0.0,1.5
456,21.0,1.56,3.8,7.1,41.8,0.76,2.3,4.1,40.8,10.0,0.1
3705,51.3,1.58,0.7,2.2,53.9,0.9,0.5,8.0,34.6,18.0,0.1
1327,55.85,1.38,3.7,5.0,15.6,0.66,3.5,1.0,71.2,12.0,0.0
11454,29.4,1.54,3.2,2.2,11.1,0.18,2.1,0.9,80.5,53.0,0.0
7402,15.1,1.51,2.8,21.2,19.1,0.44,5.2,1.3,50.4,8.0,0.0
17571,38.1,0.99,2.9,11.3,25.7,4.0,5.7,7.8,46.4,0.0,0.2
2614,28.95,1.62,0.9,9.1,33.3,0.02,1.5,19.8,33.9,157.0,1.5
1988,43.4,1.25,2.6,5.8,13.0,2.21,0.9,2.0,75.6,25.0,0.1
9069,21.0,1.49,0.5,14.2,2.6,0.25,1.4,0.2,81.1,10.0,0.0
11692,1.31,1.64,16.2,24.5,15.2,0.04,8.1,1.4,34.5,119.0,0.1
17765,1.74,1.8,6.6,9.9,44.0,0.16,2.5,5.0,31.9,89.0,0.1
1463,12.95,1.42,1.3,15.4,8.0,0.15,1.3,0.3,73.7,5.0,0.0
7598,33.5,1.5,1.2,6.6,20.9,0.09,0.5,1.4,69.4,20.0,0.0
3811,0.7,1.34,4.0,27.8,0.5,3.49,11.6,0.0,56.1,51.0,0.0
13414,0.01,1.53,28.3,17.3,9.5,1.4,11.4,1.5,32.0,89.0,0.0
8496,21.3,1.48,0.2,4.6,44.4,0.16,2.1,1.8,46.9,56.0,0.0
9185,38.1,1.43,2.5,4.5,1.2,0.17,1.6,0.0,90.2,58.0,0.0
2238,16.75,1.45,5.4,17.3,14.7,0.85,9.0,1.6,52.0,8.0,0.0
65,0.68,1.61,1.54,30.26,2.06,0.07,59.47,0.17,6.37,24.0,0.13
9712,32.2,1.26,2.5,24.0,3.3,1.74,2.2,0.1,67.9,0.0,0.0
7528,28.9,1.1,16.1,8.7,20.5,2.6,11.5,3.8,39.2,0.0,0.1
1395,0.42,1.57,14.3,26.8,7.6,0.13,9.3,2.4,38.0,152.0,1.6
6334,0.74,1.5,9.0,11.4,12.4,0.29,4.6,1.1,61.5,150.0,0.0
55,0.4,1.0,7.55,11.94,0.32,3.5,76.66,0.16,3.35,0.0,0.02
596,12.0,1.67,4.0,3.8,38.7,0.18,4.0,5.9,43.4,20.0,0.2
10377,0.35,1.03,16.6,5.6,29.7,1.81,5.7,1.8,40.6,15.0,0.0
12354,17.1,1.62,2.0,3.2,25.2,0.17,5.2,0.8,63.4,18.0,0.2
13585,0.04,1.68,33.8,13.6,10.8,0.21,1.8,0.7,39.2,152.0,0.1
16902,32.9,1.4,1.3,32.0,0.7,0.26,3.2,0.0,62.8,13.0,0.0
2079,17.4,1.58,2.6,4.2,10.6,0.63,0.7,1.0,80.9,117.0,0.0
11011,38.1,1.41,1.4,6.9,11.9,0.22,0.8,1.3,77.5,20.0,0.0
11352,4.51,1.49,13.9,17.2,0.2,0.06,3.7,0.0,66.0,175.0,0.0
17911,36.8,1.34,1.3,2.3,4.8,0.08,3.6,0.1,87.9,25.0,0.0
1315,19.7,1.29,4.8,5.9,12.8,1.9,4.2,0.4,71.9,66.0,0.0
17773,3.24,1.45,16.3,10.7,11.0,0.27,5.9,1.0,55.1,160.0,0.0
4613,38.35,1.33,1.9,7.8,13.2,1.26,1.5,1.6,74.0,0.0,0.0
13184,1.31,1.35,4.8,3.7,32.8,2.69,5.1,1.2,52.4,51.0,0.0
5732,11.51,1.56,1.9,26.9,2.0,1.32,10.7,0.2,58.3,10.0,0.0
9347,45.1,1.17,1.6,11.4,4.4,1.21,4.1,0.3,78.2,0.0,0.0
9716,2.56,1.42,3.1,23.9,3.2,0.97,4.1,0.1,65.5,66.0,0.1
5297,26.1,1.54,3.2,2.2,11.1,0.18,2.1,0.9,80.5,53.0,0.0
6686,18.05,1.49,9.7,16.2,21.6,0.11,6.2,5.2,41.0,56.0,0.1
9238,42.1,1.47,0.9,2.2,3.1,0.42,0.1,0.1,93.6,206.0,0.0
3528,1.24,1.6,25.8,11.2,7.6,0.27,2.0,0.8,52.6,71.0,0.0
970,0.1,1.67,7.9,8.3,42.4,0.15,2.1,10.8,27.9,28.0,0.7
6744,28.9,1.45,1.7,16.3,10.9,0.13,2.4,1.1,67.6,58.0,0.0
15968,0.93,1.5,5.7,1.0,3.7,1.74,3.4,0.1,86.1,76.0,0.0
14647,0.24,1.69,28.7,5.6,9.4,0.09,6.5,1.2,48.6,96.0,0.0
10548,27.0,1.2,0.9,14.3,15.9,1.19,2.9,1.2,64.8,0.0,0.0
9948,4.15,1.55,57.1,4.2,4.2,0.05,3.3,0.2,31.0,162.0,0.0
9252,0.61,1.44,3.2,3.1,2.1,2.01,3.1,0.0,88.5,137.0,0.0
14139,0.18,1.79,19.1,11.5,10.1,0.24,2.7,1.2,55.3,140.0,0.1
5156,2.47,1.65,16.5,6.6,23.4,0.07,4.1,3.0,46.4,178.0,0.0
6874,1.27,1.43,3.8,1.8,1.7,2.1,2.2,0.0,90.4,287.0,0.0
1162,0.67,1.75,6.5,4.0,39.7,0.2,2.9,8.6,38.1,46.0,0.2
1057,17.1,1.53,0.9,16.6,30.5,1.56,0.8,1.0,50.1,0.0,0.1
1586,13.2,1.62,2.3,8.9,32.5,0.61,6.5,21.7,23.6,0.0,4.5
8598,47.7,1.56,4.8,23.1,11.3,0.75,7.8,2.7,50.0,41.0,0.3
10591,7.45,1.71,7.9,5.4,33.6,1.02,11.7,14.9,25.7,0.0,0.8
13513,13.1,1.62,24.8,8.2,34.0,0.26,4.3,5.6,22.9,183.0,0.2
5178,0.09,1.7,21.0,13.2,17.2,0.07,11.6,3.0,33.8,99.0,0.2
15298,8.76,1.22,1.3,22.3,19.7,6.05,8.1,1.7,46.8,0.0,0.1
18708,0.33,1.7,17.2,24.1,10.5,0.17,2.2,1.3,44.7,152.0,0.0
2124,37.8,1.64,0.3,6.0,51.4,0.07,1.0,5.7,35.6,41.0,0.0
18091,3.24,1.47,14.8,27.4,4.8,0.18,6.8,1.2,45.0,74.0,0.0
11964,0.2,1.73,15.4,12.0,7.4,0.25,4.4,0.2,60.6,122.0,0.0
2795,10.18,0.98,15.3,41.1,1.8,0.76,26.5,0.3,15.0,23.0,0.0
7248,0.6,1.62,27.0,15.9,0.5,0.16,9.8,0.0,46.8,102.0,0.0
16230,11.5,1.59,5.2,1.1,66.6,0.72,9.2,9.5,8.0,30.0,0.4
8568,5.14,1.65,13.7,10.0,23.8,0.4,8.2,2.7,41.5,18.0,0.1
18566,0.55,1.73,15.9,4.0,23.5,0.02,2.6,1.3,52.7,104.0,0.0
14907,10.5,1.28,9.6,5.2,32.3,2.91,6.3,8.5,37.6,41.0,0.5
5309,65.3,1.43,0.8,2.8,6.3,0.09,0.4,0.3,89.4,74.0,0.0
14875,0.76,1.4,20.5,5.5,37.7,0.07,4.9,5.4,25.9,38.0,0.1
5213,0.09,1.42,44.5,16.6,2.4,0.56,11.5,0.6,24.2,28.0,0.2
8227,11.8,1.45,2.2,11.4,7.4,1.14,1.5,1.0,76.4,0.0,0.0
13091,2.43,1.55,18.2,0.8,36.6,0.99,4.1,10.4,29.7,104.0,0.2
33,0.3,1.87,19.3,4.6,32.4,0.09,2.8,11.1,26.0,178.0,3.8
2077,7.81,1.58,1.7,4.7,7.8,0.6,1.1,0.6,84.1,99.0,0.0
2525,26.95,1.56,0.1,13.7,30.0,0.76,6.1,13.5,35.3,0.0,1.3
17003,3.94,1.47,4.6,14.2,22.3,2.31,6.8,3.1,48.9,43.0,0.1
17888,0.0994,1.05,68.2,8.0,2.0,0.44,10.6,0.2,11.0,38.0,0.0
1512,0.28,1.63,17.2,10.0,27.2,0.15,2.8,4.0,38.8,119.0,0.0
3035,11.15,1.34,5.0,24.8,7.2,0.41,24.8,1.8,36.3,20.0,0.1
16067,86.8,1.57,0.0,4.4,56.7,0.08,1.5,4.9,32.5,41.0,0.0
1885,2.97,1.45,1.0,14.3,1.7,1.47,5.3,0.1,77.6,53.0,0.0
4888,28.9,0.89,17.1,15.2,4.1,7.43,25.2,0.3,38.9,0.0,0.0
12389,1.51,1.6,47.0,6.8,8.2,0.13,11.8,1.8,23.8,122.0,0.6
12593,22.6,1.67,2.9,7.4,22.4,0.23,3.8,2.5,61.0,38.0,0.0
1487,41.4,1.17,0.8,5.3,49.5,0.43,1.5,3.0,39.8,20.0,0.0
1667,2.74,1.62,31.5,11.5,17.7,0.22,7.7,8.5,22.2,23.0,0.9
6984,8.32,1.57,2.3,2.1,4.2,0.74,3.2,0.5,87.7,66.0,0.0
17771,13.1,1.51,1.2,11.6,12.9,0.38,2.3,1.2,70.8,142.0,0.0
8122,0.1,1.63,24.8,18.6,12.0,0.08,5.4,2.2,36.8,107.0,0.2
4809,52.6,1.33,1.0,3.2,13.6,0.27,1.0,0.9,80.3,5.0,0.0
10797,27.6,1.66,3.1,4.4,28.0,0.19,1.7,6.3,56.2,51.0,0.3
3384,13.1,1.65,1.9,9.3,8.0,0.72,1.8,0.5,78.5,0.0,0.0
6937,0.31,1.66,3.3,1.3,1.3,1.17,3.8,0.6,89.5,112.0,0.2
17364,36.8,1.65,1.1,5.0,30.2,0.2,2.9,3.9,56.9,30.0,0.0
11904,2.89,1.66,23.7,14.6,14.2,0.07,3.3,1.0,43.2,165.0,0.0
2068,28.7,1.46,0.4,10.0,8.2,0.38,1.2,0.4,79.8,13.0,0.0
10171,65.7,1.35,2.0,2.5,17.9,0.57,1.3,1.5,74.8,0.0,0.0
14829,174.0,1.38,3.1,0.2,68.4,0.16,1.8,10.1,16.4,33.0,0.0
7808,0.06,1.76,13.2,12.0,11.4,0.02,2.7,1.7,59.0,157.0,0.0
10529,12.7,1.4,6.3,1.1,56.0,3.73,10.8,7.8,18.0,122.0,0.0
1963,6.08,1.48,17.8,19.0,7.0,0.37,17.0,0.8,38.4,109.0,0.0
9492,72.3,1.27,3.2,6.6,14.0,4.04,8.5,1.7,65.9,0.0,0.1
8520,30.9,1.55,2.2,14.3,29.0,0.36,2.4,3.9,48.0,25.0,0.2
3796,25.3,1.54,0.8,3.3,3.9,0.08,1.4,0.1,90.5,152.0,0.0
6694,8.78,1.73,2.3,5.2,14.2,0.21,8.6,1.5,68.2,142.0,0.0
859,0.4,1.78,22.7,5.1,27.7,0.22,5.9,3.3,35.2,122.0,0.1
15781,80.2,1.57,2.0,2.0,49.7,0.16,0.7,6.0,39.4,38.0,0.2
1066,9.59,1.63,0.0,44.8,10.4,0.03,2.9,1.1,40.7,48.0,0.1
3038,19.87,1.41,4.7,0.4,54.2,1.34,4.7,6.6,29.4,66.0,0.0
3250,4.7,1.57,1.7,14.4,2.2,0.87,3.6,0.2,77.9,36.0,0.0
7174,56.05,1.62,1.0,1.9,40.9,0.07,0.3,0.6,55.3,152.0,0.0
9510,73.0,1.43,32.2,17.8,1.6,0.21,13.4,0.0,35.0,135.0,0.0
18052,0.13,1.84,11.8,34.2,8.2,0.22,6.8,0.8,38.2,94.0,0.0
13952,23.0,1.69,7.8,9.7,24.4,0.08,7.7,20.0,25.1,66.0,5.3
10115,5.04,1.08,10.9,3.4,7.4,1.81,9.6,0.6,68.1,20.0,0.0
15880,57.4,1.48,0.4,3.0,0.2,0.01,0.3,0.0,96.1,84.0,0.0
9911,20.4,1.5,0.7,17.5,24.9,0.43,4.9,1.5,50.5,13.0,0.0
3102,1.04,1.64,24.4,22.6,6.1,0.04,25.5,1.3,20.0,112.0,0.1
8734,23.7,1.52,3.2,6.9,9.9,0.86,1.4,0.2,78.4,0.0,0.0
11728,14.9,1.57,2.7,6.0,42.2,0.19,5.8,10.3,32.7,20.0,0.3
7451,0.17,1.8,11.0,13.5,30.1,0.12,4.9,3.3,37.0,112.0,0.2
5788,33.55,1.67,0.6,1.8,50.6,0.7,2.1,5.1,39.8,145.0,0.0
945,42.1,1.31,1.4,4.5,1.5,0.19,4.3,0.0,88.3,104.0,0.0
5730,0.23,1.75,28.9,22.2,1.4,0.12,6.5,0.0,41.0,145.0,0.0
16162,1.04,1.65,32.4,8.6,22.0,0.11,9.0,6.8,20.9,76.0,0.3
12851,3.23,1.67,15.0,2.3,29.8,0.12,2.7,3.3,46.8,183.0,0.1
10752,19.1,1.3,1.8,6.3,39.4,4.23,0.8,2.9,48.8,0.0,0.0
9309,80.2,1.25,2.5,23.7,1.0,1.38,8.5,0.2,64.1,0.0,0.0
12966,10.8,1.2,2.5,10.4,1.1,3.58,9.2,0.2,76.6,0.0,0.0
5978,0.05,1.68,33.4,23.2,3.0,0.09,11.0,0.2,29.2,142.0,0.0
8869,51.3,1.52,1.5,14.8,27.2,0.31,4.8,13.0,36.1,8.0,2.6
4138,134.0,1.47,0.8,0.7,70.8,0.53,1.3,9.1,17.2,13.0,0.1
1758,16.45,1.54,3.0,19.3,14.5,0.45,5.4,2.2,55.5,23.0,0.1
6351,16.75,1.55,8.5,3.8,22.2,0.1,1.9,0.4,63.2,66.0,0.0
4111,18.4,1.31,5.7,6.1,1.8,1.72,3.7,0.0,82.7,33.0,0.0
5697,12.45,1.54,1.5,21.9,9.3,0.25,2.9,0.7,63.7,18.0,0.0
4255,0.28,1.72,14.3,15.3,11.6,0.23,6.9,1.1,45.8,127.0,0.0
10723,121.0,1.46,1.1,3.7,41.2,0.14,0.0,18.7,33.6,20.0,1.7
10362,11.0,1.59,3.0,2.6,2.6,0.14,2.4,0.1,89.3,84.0,0.0
853,18.2,1.19,3.9,11.2,16.9,2.39,28.1,3.3,36.4,0.0,0.2
3846,27.65,1.63,1.2,1.7,48.1,0.06,0.8,8.1,39.5,173.0,0.6
10598,4.77,1.63,23.6,4.3,29.5,0.18,3.9,17.7,18.8,104.0,2.1
1220,45.7,1.54,43.2,10.0,8.6,0.28,1.6,0.5,36.1,94.0,0.0
12538,0.27,1.81,23.4,15.7,1.7,0.12,6.5,0.0,52.7,152.0,0.0
404,8.3,1.58,4.3,13.7,10.6,0.13,9.2,3.8,58.0,20.0,0.4
11166,44.7,1.61,1.4,3.0,29.1,0.33,3.0,19.0,40.1,13.0,4.4
4465,6.35,1.4,3.3,13.3,11.4,0.81,10.5,3.2,58.1,10.0,0.2
1526,68.4,1.55,1.1,1.7,62.0,0.34,0.4,14.6,20.0,33.0,0.2
14615,13.1,1.4,6.2,5.5,32.7,1.15,9.6,8.5,36.4,10.0,1.1
6347,31.6,1.4,2.1,3.1,25.7,1.1,1.4,0.6,67.1,0.0,0.0
11819,0.05,1.76,23.3,29.2,6.4,0.14,4.3,0.6,36.2,127.0,0.0
10220,44.7,1.46,0.7,5.7,7.4,0.02,0.9,1.3,83.9,76.0,0.1
14887,25.6,1.61,0.6,10.2,45.9,0.1,2.6,6.4,34.2,13.0,0.1
13852,22.4,1.8,23.4,1.3,41.3,0.22,9.5,10.5,13.6,102.0,0.4
69,12.72,1.28,2.7,8.76,32.41,0.07,8.28,5.26,41.35,38.0,1.24
13630,24.5,1.62,1.6,7.7,15.0,0.13,0.6,1.6,73.4,61.0,0.1
13206,69.7,1.57,1.4,1.9,39.0,0.16,2.0,1.9,53.8,71.0,0.0
11839,57.9,1.47,2.0,5.0,47.9,0.23,2.1,3.7,39.3,8.0,0.0
14280,27.0,1.45,0.6,6.5,8.0,1.02,0.2,0.5,84.2,0.0,0.0
2953,0.59,1.65,24.4,7.1,3.4,0.11,2.9,0.3,60.3,127.0,0.0
653,0.4,1.75,41.8,11.1,11.0,0.11,10.8,5.1,19.2,41.0,1.0
1187,24.0,1.52,1.3,15.6,14.8,0.06,2.1,0.8,65.4,20.0,0.0
12599,16.1,1.37,2.3,24.0,10.3,1.51,2.9,1.1,59.3,0.0,0.1
13970,0.05,1.19,79.6,2.8,3.2,0.81,7.8,1.0,5.4,13.0,0.2
15639,40.8,1.51,4.2,11.8,28.1,0.14,5.7,3.5,46.6,89.0,0.1
4673,25.7,1.58,0.4,7.8,6.9,0.22,2.5,4.8,76.1,112.0,1.5
4165,91.75,1.53,0.6,1.7,66.6,0.31,1.8,13.3,15.7,18.0,0.3
7971,11.1,1.66,1.5,11.4,25.7,0.03,5.8,20.4,24.8,91.0,10.4
1368,82.2,1.56,0.3,1.0,66.8,0.05,0.0,2.0,29.9,86.0,0.0
18538,24.4,1.58,3.2,3.4,35.9,1.13,3.7,1.4,52.4,61.0,0.0
8492,9.86,1.63,7.2,15.8,24.0,0.12,1.8,1.5,49.7,160.0,0.0
4883,68.35,1.32,2.0,8.3,2.5,1.4,6.3,0.2,80.7,8.0,0.0
10953,71.0,1.5,0.7,1.5,33.4,0.12,0.6,2.5,61.3,15.0,0.0
8717,17.7,1.58,1.5,24.5,15.6,0.07,3.3,2.1,52.9,53.0,0.1
1301,25.6,1.47,0.8,15.9,23.7,0.41,1.7,1.6,56.3,8.0,0.0
12618,16.9,1.54,1.6,20.7,7.6,0.18,3.4,1.3,65.3,69.0,0.1
14459,23.7,1.38,1.3,36.3,2.4,0.04,3.0,0.4,56.6,61.0,0.0
17834,0.76,1.61,0.3,10.0,16.8,2.55,0.1,1.2,71.6,68.0,0.0
17667,2.43,1.66,18.9,10.0,26.6,0.11,8.1,16.8,16.6,117.0,3.0
9976,3.59,1.35,3.5,14.0,13.9,4.3,4.6,0.7,63.3,0.0,0.0
10967,310.0,1.14,1.5,0.7,69.9,1.17,1.6,10.2,16.0,0.0,0.1
16094,6.35,1.78,15.1,0.8,45.0,0.18,6.7,17.8,13.1,107.0,1.5
16543,123.0,1.4,0.9,1.0,51.2,0.09,1.0,15.7,29.5,51.0,0.7
9248,22.4,1.55,1.8,4.4,3.3,0.34,4.9,0.2,85.4,48.0,0.0
11223,22.3,1.58,24.2,2.6,27.3,0.03,3.2,22.0,13.7,175.0,7.0
18588,0.14,1.8,17.9,3.1,26.0,0.03,3.2,1.9,47.8,170.0,0.1
14210,17.1,1.39,2.6,8.2,16.8,1.06,2.6,2.8,66.8,0.0,0.1
2297,15.75,1.45,4.8,16.4,13.9,0.67,6.5,1.9,56.4,18.0,0.1
848,107.5,0.03,0.8,0.2,65.7,0.13,0.3,4.1,28.8,99.0,0.1
4464,25.0,1.26,4.5,11.5,12.0,1.49,7.6,2.9,58.8,0.0,0.1
17099,12.7,1.61,1.6,26.5,19.7,0.23,5.8,2.1,44.3,20.0,0.0
9444,1.55,1.48,16.1,22.4,6.9,0.58,31.3,1.4,21.8,13.0,0.1
4939,34.15,1.58,0.1,2.4,41.5,0.31,1.4,3.6,51.0,15.0,0.0
15428,30.9,1.34,4.5,1.9,31.0,3.43,5.5,3.2,53.8,0.0,0.1
15893,0.36,1.42,22.3,10.1,1.1,0.16,14.9,0.1,51.5,99.0,0.0
1722,0.01,1.54,40.8,18.8,3.0,0.16,15.4,0.8,21.0,86.0,0.2
13149,3.94,1.74,3.1,18.7,25.4,0.35,11.6,11.3,27.9,18.0,2.0
5625,54.55,1.54,2.6,2.6,44.5,0.12,3.3,7.7,39.1,84.0,0.2
14823,130.0,1.55,0.3,0.8,63.4,0.12,0.1,10.6,24.7,13.0,0.1
6085,172.0,1.07,0.4,0.3,52.6,1.22,0.4,12.1,34.1,0.0,0.1
4384,78.9,1.6,3.2,4.0,39.8,0.6,5.9,14.4,31.6,15.0,1.1
17653,104.0,1.42,1.0,1.6,59.8,0.77,3.3,9.9,24.3,0.0,0.1
1175,9.01,1.68,3.0,3.8,21.3,0.11,0.2,2.8,68.8,68.0,0.1
9968,1.21,1.73,8.3,9.6,29.6,0.11,3.9,2.6,46.0,190.0,0.0
7377,8.48,1.63,1.6,23.6,15.8,0.33,3.6,2.9,52.4,86.0,0.1
2151,0.05,1.48,0.5,5.4,46.5,0.28,2.3,2.7,42.6,56.0,0.0
14147,4.38,1.5,4.7,7.8,31.4,1.02,6.3,18.2,30.8,25.0,0.8
14876,0.4,1.83,25.4,3.8,26.1,0.08,21.3,4.3,19.0,66.0,0.1
9828,32.2,1.32,1.6,30.5,14.6,0.9,4.6,0.5,48.2,0.0,0.0
14483,0.86,1.65,32.9,25.4,5.2,0.07,9.9,1.0,25.4,109.0,0.2
10989,0.42,1.59,33.3,21.1,2.3,0.06,0.8,0.0,42.5,56.0,0.0
13336,4.49,1.48,3.4,24.9,6.1,1.14,2.5,0.6,62.5,0.0,0.0
13799,5.26,1.73,4.4,11.6,28.3,0.29,2.3,1.8,51.6,96.0,0.0
15895,15.5,0.84,26.6,3.2,3.7,5.9,8.0,0.4,58.1,8.0,0.0
8632,19.4,1.52,0.8,24.2,22.7,0.04,2.6,5.1,44.3,140.0,0.3
13914,5.26,1.59,23.2,6.6,24.5,0.4,2.7,19.6,17.9,155.0,5.5
13977,0.08,1.78,32.2,11.9,17.3,0.02,5.8,8.5,22.6,124.0,1.7
12838,1.89,1.63,10.7,2.1,4.2,0.08,2.6,0.2,80.2,206.0,0.0
9682,12.0,1.53,2.3,4.5,27.6,1.08,2.5,3.5,59.5,0.0,0.1
922,14.9,1.44,2.9,25.7,4.3,1.21,6.0,0.1,61.0,58.0,0.0
12107,0.05,1.67,33.4,23.2,3.0,0.09,11.0,0.2,29.2,142.0,0.0
2071,19.25,1.57,0.6,9.2,8.6,0.11,1.1,0.5,80.0,74.0,0.0
278,7.9,1.63,21.9,4.3,29.0,0.03,1.9,2.4,40.5,190.0,0.0
18235,16.4,1.3,3.4,15.2,7.7,2.49,0.9,0.6,72.2,0.0,0.0
5218,0.29,1.47,8.7,27.6,3.9,1.93,18.0,0.4,41.3,0.0,0.1
13251,30.9,1.53,1.8,18.5,7.0,0.04,1.9,3.1,67.3,66.0,0.4
5100,5.11,1.38,13.0,21.4,3.5,1.68,30.6,2.3,27.8,0.0,1.4
7965,16.2,1.55,7.8,11.1,25.6,0.35,12.6,17.5,21.3,58.0,4.1
841,4.5,1.65,2.4,23.4,11.8,0.4,8.5,3.0,50.6,99.0,0.3
11741,0.01,1.8,11.9,3.8,26.2,0.06,13.9,3.6,41.4,142.0,0.2
14646,0.39,1.64,25.9,6.4,13.6,0.15,6.5,3.0,44.4,79.0,0.2
9115,2.93,1.62,11.3,5.5,32.8,3.79,4.1,10.1,35.8,0.0,0.4
8000,8.18,1.76,7.4,4.4,42.9,0.1,5.0,11.0,28.7,74.0,0.5
12648,3.62,1.63,3.4,15.5,17.4,0.67,7.2,4.0,52.2,130.0,0.3
12955,23.7,1.38,0.8,12.4,1.2,0.02,3.3,0.0,82.3,122.0,0.0
0,17.13,1.49,6.1,15.8,23.8,0.93,8.8,9.9,33.1,0.0,2.5
4565,0.27,0.96,19.9,10.0,12.2,0.34,33.5,4.6,19.0,56.0,0.8
13787,0.14,1.67,7.9,8.4,20.6,0.03,1.4,4.2,57.3,145.0,0.2
8504,7.01,1.4,33.6,14.6,8.8,0.25,5.5,1.6,35.8,38.0,0.1
7253,26.0,1.38,2.5,19.1,7.5,0.68,3.1,3.5,63.9,30.0,0.4
16356,65.1,1.34,0.9,6.3,27.5,1.98,1.2,8.2,55.5,0.0,0.4
15835,53.9,1.25,2.9,2.8,46.1,1.06,2.5,4.2,41.4,0.0,0.1
768,11.8,1.47,3.0,12.3,24.6,1.0,4.8,2.8,52.4,53.0,0.1
15288,3.29,0.79,26.8,11.7,1.4,4.96,27.9,0.3,31.9,66.0,0.0
10363,6.95,1.59,5.4,2.8,2.4,0.15,1.8,0.1,87.5,107.0,0.0
10866,26.6,1.52,11.2,10.9,21.5,0.09,3.8,4.8,47.6,114.0,0.2
18139,92.0,1.05,31.8,0.6,0.6,3.08,65.6,0.3,1.0,0.0,0.1
11033,2.52,1.2,25.7,7.5,2.6,0.86,9.6,1.6,52.4,18.0,0.6
17543,14.5,1.58,3.7,32.4,6.8,0.19,6.9,1.0,49.2,20.0,0.0
15320,4.93,1.64,6.0,8.7,24.8,0.01,1.6,0.9,60.0,162.0,0.0
9511,2.41,0.85,6.1,15.2,2.3,7.44,12.4,0.1,63.9,0.0,0.0
2274,0.04,1.78,20.2,30.6,6.0,0.28,2.8,1.0,38.4,137.0,0.0
2747,0.28,1.72,15.2,4.2,31.9,0.07,11.5,3.4,33.7,155.0,0.1
8263,0.12,1.73,20.7,11.4,20.4,0.12,7.7,6.4,33.2,129.0,0.2
12856,41.4,1.16,9.9,3.3,2.4,1.45,3.3,0.1,81.0,99.0,0.0
8916,2.96,1.88,2.2,18.7,20.4,0.13,6.4,6.0,45.7,56.0,0.6
13698,90.7,1.54,1.6,1.0,57.4,0.2,0.2,4.3,35.5,150.0,0.0
14143,0.86,1.59,19.2,18.4,11.2,0.08,5.1,2.2,43.9,56.0,0.0
2449,0.97,1.42,49.0,7.4,8.5,0.24,6.8,0.6,27.7,46.0,0.0
13287,5.48,1.73,0.4,6.0,36.1,0.72,7.3,14.5,32.4,165.0,3.3
5434,0.2,1.7,17.6,6.1,25.5,0.08,4.3,2.5,44.0,132.0,0.0
14345,50.6,1.57,0.7,1.7,43.3,0.03,0.2,1.7,52.3,145.0,0.1
16537,35.5,1.52,3.0,1.7,43.5,0.53,2.1,3.7,45.9,96.0,0.1
11334,2.32,1.65,17.5,12.6,19.2,0.09,10.1,3.8,36.4,71.0,0.4
2565,3.18,1.66,1.6,19.7,18.1,0.32,5.3,5.7,49.3,53.0,0.3
16282,9.64,1.57,3.2,11.6,21.1,1.31,2.4,2.7,58.4,96.0,0.6
