Var1,Ksat_cmhr,Db,Clay,VFS,MS,OC,Silt,COS,FS,Depth_cm_Top,VCOS
149,61.1,1.34,1,4.7,14.7,0.18,0.7,1.4,77.5,25,0
13812,4.6,1.27,25.1,7.7,10.9,2.32,26.6,5.9,21.7,15,2.1
16023,152,1.49,0.8,0.7,70.8,0.53,1.3,9.1,17.2,13,0.1
13535,21.7,1.23,4.3,3.9,22,7.1,0,2.6,67.2,0,0
6221,4.42,1.75,14.8,8.6,26.6,0.1,9.6,14.2,24.4,86,1.8
15609,41.4,1.16,2.6,14.6,24.5,2.81,9.5,1.6,47.2,0,0
13405,13.6,1.19,8.7,28.2,10.2,3.11,5.3,0.6,47,0,0
2451,4.4,1.1,75.5,2,3,0.53,9.6,0.2,9.6,104,0
4624,1.26,1.26,33.3,5.8,17.6,0.4,5.1,4.8,33,132,0.4
3124,0.34,1.62,8.9,12.7,11.5,0.68,26.7,1.2,38.9,12,0.1
1841,11.15,1.64,0.9,9.6,6.2,0.11,0.5,0.7,82,160,0
14807,0.0613,1.76,17.8,2.7,38.9,0.18,1.7,4.5,34.3,91,0.1
4613,38.35,1.33,1.9,7.8,13.2,1.26,1.5,1.6,74,0,0
6117,22.15,1.1,5.4,4,0.4,1.26,88.6,0,1.6,53,0
5159,28.6,1.5,2.5,4.9,21.4,0.27,6.9,25.2,31,15,8.1
1324,0.84,1.63,34.5,8,6.2,0.1,7.6,7,26.6,99,10.1
8302,17.1,1.52,0.8,13.1,4.7,0.1,2.2,0.5,78.7,25,0
17466,69.7,1.56,1.3,0.7,41.6,0.05,1.6,0.9,53.9,127,0
15683,145,1.54,0.5,2.4,60.4,0.1,0.5,5,31.2,46,0
4515,21.7,1.61,0.9,10.7,24.9,0.11,2.1,2.3,59.1,43,0
2553,0.26,1.57,60.6,6.8,9.4,0.03,5.6,2.2,15.2,104,0.2
13679,0.24,1.28,10.2,19.7,10.3,2.6,13.2,0.9,45.6,0,0.1
17823,2.78,1.5,11,12.3,12.7,2.42,3.9,1,58.9,0,0.2
8920,0.2,1.71,18.5,15.4,18.4,0.08,4.9,5.2,37.3,160,0.3
8378,28.9,1.41,0.8,22,12.2,1.13,2.8,2.1,60,0,0.1
1069,0.7,1.7,2.5,41.2,10.9,0.95,2.9,1.3,41.1,140,0.1
10060,0.24,1.61,18.9,22.1,0.1,0.13,2.2,0,56.7,185,0
13783,36.8,0.76,25.1,6.5,15.7,7.72,14.3,1.8,36.6,0,0
17984,2.87,1.58,2.3,17.4,7.2,0.37,18.5,0.4,54.2,15,0
1887,1.38,1.58,6,17.3,1.4,1.66,3.2,0.1,72,135,0
404,8.3,1.58,4.3,13.7,10.6,0.13,9.2,3.8,58,20,0.4
11388,4.73,1.65,17,1.4,36,0.07,3.8,30.6,7.6,188,3.6
4561,0.02,1.57,21.6,9.9,17.9,1.96,11.1,1.7,37.6,0,0.2
5,0.24,1.91,26.2,9.2,22.9,0.11,5.2,10.3,24.3,160,1.9
3200,2.76,0.7,26.8,11.7,1.4,4.96,27.9,0.3,31.9,66,0
10544,2.3,1.69,11,6.4,42.7,0.17,3.4,10.1,25.5,53,0.7
13819,23.7,1.54,0.9,5.9,47.8,0.22,1,3.1,41.3,33,0
17015,9.2,1.67,3.2,11.6,7.5,0.19,1,1,75.7,102,0
11572,19.1,1.32,6,7.3,28.3,2.97,0,3,55.3,0,0.1
7128,27.65,1.59,2.6,3.1,30.4,0.67,4.8,11.4,46,48,1.7
4092,1.6,1.62,14.6,5.1,2,0.04,2.5,0.1,75.7,135,0
3821,1.44,1.5,3.7,16.8,0.8,0.7,7.5,0.2,71,89,0
6114,0.05,1.13,28.9,2.7,2.5,2.52,60.3,1,4.4,0,0.2
15380,0.87,1.78,21.6,6.2,28.2,0.31,1.4,3.1,39.5,130,0
3565,0.15,1.83,19,3.6,29,0.04,0,17.6,30.4,185,0.4
2287,21.35,1.5,1,22.7,24.6,0.06,3.5,6,41.9,102,0.3
17286,55.2,1.55,2.1,5.5,43.1,0.05,1.7,3.5,44,140,0.1
18479,23,1.62,1.6,4.1,29.8,0.49,3.2,15.4,41,43,4.9
4559,18.43,1.47,16.9,4.4,40.1,1,3.7,5.2,29.6,119,0.1
11164,0.39,1.74,14.9,16.4,8.8,0.11,6.3,1.8,51.7,170,0.1
4591,16,1.56,2.4,26.2,9.7,0.16,5.8,2.1,53.5,71,0.3
609,20.2,1.08,2.3,9.5,10.7,1.97,15.2,3.9,54.9,0,0.3
2795,10.18,0.98,15.3,41.1,1.8,0.76,26.5,0.3,15,23,0
2961,0.18,1.71,19.6,1.7,12.5,0.1,2.1,0.7,63.4,145,0
10844,30.9,1.61,2.1,6.8,28.5,0.22,2.8,10.8,48.1,23,0.9
14483,0.86,1.65,32.9,25.4,5.2,0.07,9.9,1,25.4,109,0.2
13092,6.84,1.5,2.9,1.6,27.9,0.25,3.6,25.5,23.5,117,15
6940,0.34,1.49,10.1,8.5,8.3,8.65,21.8,0.9,50.3,0,0.1
16974,6.76,1.4,1.5,10.7,22.7,1.32,4.5,7.7,52.3,0,0.6
6103,841,0.62,3.5,3.8,25.6,1.33,5.4,5.2,56.2,36,0.3
6672,1.25,1.63,20.4,26.6,4,0.14,7,0.8,41.2,94,0
16946,21,1.16,43,9.2,9.2,0.1,6.7,2,29.5,104,0.4
16549,0.24,1.29,19.5,2.9,6.2,0.45,26.9,1,43.4,33,0.1
6342,0.07,1.49,6.4,3.7,46.8,2.42,2.8,11.5,28.7,56,0.1
11590,0.365,1.72,17.6,6.1,25.5,0.08,4.3,2.5,44,132,0
6723,11.19,1.22,17.6,6.5,10.8,2.95,32.4,12.3,11.8,0,8.6
1666,4.42,1.63,13.8,17.7,19.9,0.51,9.9,7.1,30.9,0,0.7
9164,24.3,1.39,1.3,9.2,3.1,0.04,3.4,0.2,82.8,104,0
18131,0.64,1.63,22.2,9.4,6,0.13,3,0.4,59,130,0
7433,0.01,1.63,17.8,19.6,13.5,0.3,2.8,2.6,43.7,51,0
12700,25.4,1.56,0.3,7.8,15.9,0.1,1.2,1,73.8,20,0
12698,7.01,1.58,1.3,5.6,17,1.07,8.7,1.1,66.3,165,0
6993,0.05,1.52,28.9,31.8,0.1,0.09,15.4,0,23.8,178,0
6817,41.2,1.11,1.3,11.3,31.2,2.53,3.3,3,49.8,0,0.1
4438,0.2,1.25,67.1,0.7,0.2,0.14,31.5,0.1,0.4,152,0
15811,5.92,1.24,10.9,3.4,7.4,1.81,9.6,0.6,68.1,20,0
16653,0.02,1.13,39,22.4,3.8,0.67,10.2,0.6,24,23,0
14461,51.9,1.38,1.4,21.6,26,0.31,4.2,5.2,41.5,10,0.1
7631,23,1.42,5.4,13.1,11.1,0.55,3.5,0.9,66,10,0
5214,0.05,1.33,47.4,13.2,3.4,0.2,8.4,0.6,27,43,0
5721,7.25,1.39,2.8,2.9,56.6,2.31,5.3,7,25.4,53,0
15142,0.11,1.62,28,8.3,22.1,0.11,11.9,8,20.9,160,0.8
4065,78.7,0.97,2.7,1.2,4.5,15.61,9.2,0.2,82.2,0,0
18626,35.5,1.64,2,11.4,28.1,0.04,3.1,14.8,38.6,142,2
10419,3.44,1.64,7,3.9,33.3,0.14,1.6,2.4,51.8,168,0
5628,1.68,1.58,14.6,15.6,4.9,0.35,41.8,1.5,21.4,33,0.2
10775,0.36,0.99,29.9,8.6,9.6,0.89,32.1,2.8,16.8,36,0.2
5100,5.11,1.38,13,21.4,3.5,1.68,30.6,2.3,27.8,0,1.4
6165,122.05,1.48,1.4,1.3,65.2,0.34,2.2,15.8,14,183,0.1
3079,0.22,1.79,13.8,23.2,7.2,0.07,20.8,3.2,31.4,91,0.4
5205,43.4,1.38,0.6,2.9,44.6,0.13,2.1,8.6,41,8,0.2
8757,6.84,1.29,4.8,12.2,12.3,3.9,4.9,0.5,65.3,0,0
6990,0.09,1.56,27.8,18.6,0.1,0.1,13.2,0,40.3,112,0
11520,3.29,1.87,2,5.3,39.8,2.12,5.4,3.3,44.2,0,0
5849,77.55,1.57,1.3,4.6,46.3,0.05,1.5,5.1,41.2,104,0
12816,2.08,1.24,24.2,10.8,16.6,0.69,9.7,2,36.5,18,0.2
10557,89.4,1.48,0.4,1.9,54.4,0.14,1.2,15.3,26.3,43,0.5
4729,14.8,1.66,1.1,13.6,29.2,0.08,3.5,6.3,45.9,74,0.4
637,0.1,1.77,12.2,5.2,32.2,0.26,1.3,4.8,43.8,157,0.5
434,0.1,1.66,19.4,6.8,14.6,0.11,1.6,1,56.6,198,0
5944,13.78,1.55,1.4,2.6,16.1,0.12,6.3,4.2,69.2,68,0.2
14453,18.4,1.51,0.5,31.9,1.5,0.04,2.8,0.2,63.1,25,0
2327,3.77,1.37,49,7.4,11.8,0.63,8.9,3.6,18.8,18,0.4
16208,0.18,1.49,31,17.8,2.8,0.88,30.5,1.1,16.4,18,0.4
18326,9.2,1.57,7.8,5.4,0.8,0.06,1.7,0.1,84.2,162,0
12449,1.14,1.51,4.6,14.3,19.8,0.61,8.5,7,45.1,28,0.7
1065,9.33,1.61,1,43.6,11.2,0.09,2.3,1,40.9,30,0
4873,16.01,1.43,25.5,7.8,7.4,0.34,6.9,10.4,35.6,51,6.4
3122,0.66,1.79,23.4,2.6,18.1,0.09,6.4,23.5,12.2,150,13.8
12362,27,1.62,2,2.8,33.8,0.05,0.8,1,59.6,89,0
10318,0.14,1.65,17.5,9.1,3.9,0.07,3.2,0.2,66.1,71,0
1827,0.05,1.28,28,3.2,1.2,0.07,65.6,0.4,1.6,178,0
11676,14.9,1.39,4.5,4.6,41.2,2.76,6.7,2.5,40.5,0,0
860,2.8,1.17,2.4,11,0.4,2.75,17.3,0.1,68.8,0,0
5949,70.35,1.51,1.5,0.7,57.6,0.05,1.9,9.4,28.7,96,0.2
5915,17.5,1.22,3.8,15.7,21.2,1.29,7,8.1,43,0,1.2
12241,44.7,1.53,2.5,1.1,57.7,1.23,2.4,7.7,28.6,147,0
10977,10.8,1.58,4,3,11.4,0.29,1.5,0.8,79.3,132,0
10896,16.4,1.38,6.8,16.4,17,1.71,7,4.8,47.5,0,0.5
83,14.5,1.25,2.3,17.7,0.2,0.01,4.8,0,75,99,0
2168,0.45,1.83,12.2,18.7,26.2,0.04,14.1,6.5,22,127,0.3
6212,10.8,1.66,5.4,20.6,21.4,0.15,11.8,10,29.2,28,1.6
1902,1.15,1.54,1.8,13,12.3,1.08,3.6,2.1,67.2,74,0
8586,0.24,1.74,24.4,15.6,11,0.13,6.2,1.4,41.4,109,0
2774,30.41,0.97,11.2,4.4,30.8,7.03,9.8,11.6,31.1,0,1.1
10560,12.3,1.56,7.1,0.7,53.4,1,1.4,17.2,19.6,94,0.6
1713,2.63,1.18,67.7,1,0.3,1.05,29.9,0,1.1,25,0
16851,0.03,1.73,14.6,24.4,4.8,0.06,6.2,0.4,49.6,165,0
13101,5.79,0.72,13.2,37.1,0.7,8.28,20,0.1,28.9,0,0
2132,40.75,1.33,1.9,7.1,42.5,2.01,4.1,5.1,39.3,109,0
2986,14.13,1.5,1.4,5.3,4.5,0.66,5.5,0.1,83.2,28,0
11386,3.68,1.61,11.5,6,30.1,0.1,11.1,14.5,24.9,66,1.9
13941,0.39,1.72,34.2,1,29.7,0.14,5.8,10.3,13.8,130,5.2
4989,17.75,1.64,0.8,29,19.7,0.11,1.2,8,39.7,112,1.6
17265,21.7,1.48,1,27.2,10,0.1,3.3,2.1,56.3,58,0.1
8897,0.122,1.54,61.7,8.2,8.4,0.08,4.5,2,15,147,0.2
17898,0.879,1.48,40.3,8.8,8.4,0.12,6.5,0.4,35.6,165,0
12596,0.02,1.63,30.4,9.8,9.8,0.19,4.8,0.4,44.8,91,0
14106,0.22,1.64,29.2,12.8,7.6,0.51,21.1,1.4,27.8,23,0
24,0.96,1.73,28.7,9.3,20.9,0.18,6.3,8.3,23.9,128,2.6
18507,11.5,1.61,3,13.3,24.9,0.06,8.3,12.1,36.3,64,2.1
4148,34.15,1.48,2.3,6,43.4,0.91,3.3,5.1,39.8,0,0.1
2137,26.49,1.44,3.1,3.9,5.5,2.27,4.7,0.1,82.7,66,0
17872,30.7,1.52,2.5,2.7,38.4,0.42,2,1.4,53,13,0
14908,0.369,1.44,9.4,4.7,34.4,1.57,5.4,12.4,32.9,66,0.8
996,0.9,1.38,9.5,14.1,8.1,5.06,32.3,1.5,34.4,0,0.1
15444,4.82,1.4,7.7,2.4,33.5,0.14,7,7.1,39.4,25,2.9
13910,12.5,1.59,2.3,10.3,28.4,0.34,5.7,20.8,24.8,48,7.7
1025,13.8,1.62,0.6,12.1,26.1,0.16,5.4,6.9,48.7,15,0.2
721,0.5,1.4,2.6,33,1,5,35,60,2.3,99,0.1
17728,0.01,1.83,7.8,16.4,20.6,0.07,11,2.2,41.6,74,0.4
9179,28.9,1.49,1.6,4.4,2.1,0.09,1.9,0,90,74,0
5870,0.17,1.6,34.1,19,1,0.28,14.5,0,31.4,66,0
4376,1,1.7,32.6,10,18.2,0.1,5.6,4.6,28.7,142,0.3
3123,0.88,1.18,9.1,13.3,11.1,1.64,26.4,1,39,0,0.1
652,0.4,1.76,9.5,17.3,18.6,0.19,13.9,9,30.6,36,1.1
7100,3.09,1.13,13.2,37.1,0.7,8.28,20,0.1,28.9,0,0
17065,2.21,1.55,17,9,22.6,0.32,9,4.2,38.2,23,0
8134,2.89,1.55,18.6,9.7,19.2,0.22,5.9,8.3,37.4,86,0.9
2389,16.9,1.08,22,10.6,16.5,5.62,8.7,1.1,41.1,0,0
0,17.13,1.49,6.1,15.8,23.8,0.93,8.8,9.9,33.1,0,2.5
411,0.6,1.59,51.1,11,7.6,0.19,10.3,2.4,17.1,28,0.3
12669,19.6,1.55,59.8,5.2,4,0.77,19,1.2,10.4,175,0.4
5373,5.75,1.43,26.8,17,11.8,0.68,14.7,13.8,10.3,165,5.6
4904,16.85,1.44,3.1,10.3,13.9,1.98,4.3,0.9,67.5,0,0
9143,14,1.32,11.2,10.5,3.4,0.97,65.4,1.2,8.2,0,0.1
12003,38.4,1.55,1.6,3.3,46.2,0.25,6.5,10.5,31.7,25,0.2
602,4.2,1.68,3,7.8,35.5,0.58,5.7,5.3,42.6,20,0.1
18464,2.81,1.66,9.4,23.3,6.1,0.05,11.1,0.9,49.1,81,0.1
7977,4.16,1.82,3.1,13.6,22.5,0.08,7.2,26.6,15.6,63,11.4
264,0.1,1.32,46.2,13.7,0.7,0.04,18.2,0.1,21.1,173,0
3775,82.2,1.53,1.2,1.4,49.2,0.07,1.3,6,40.9,15,0
478,92,1.47,3.5,1.7,47.2,0.09,1,21.6,23.8,58,1.2
1482,22.65,1.09,3.5,14.7,5.8,2.31,3.3,1.6,70.4,0,0.2
7008,80.15,0.65,29,4.2,13,11.89,2.8,5.4,45,132,0.6
13841,32.9,1.43,2.2,4.9,18.4,0.42,0.4,0.3,73.8,23,0
10192,108,0.61,19.5,3.4,6.4,8.65,10.7,0.5,59.5,0,0
1547,125.35,1.59,0.5,0.7,60.5,0.06,0,23.3,14.7,140,0.3
5396,26.25,1.37,3.6,12.6,8.3,2.39,3,0.9,71.6,0,0
11304,1.31,1.76,15.3,7.2,22.6,0.07,18.3,14,18.2,74,4.4
17358,43.4,1.72,0.9,2.9,53.3,0.05,2.5,7.7,32.7,79,0
1180,36.85,1.5,0.8,7.5,22.9,0.22,1.4,1,66.4,23,0
4713,19.5,1.61,2.2,15.7,18.4,0.07,5.3,4.3,54,91,0.1
17391,28.5,1.41,0.6,14.5,8.4,0.8,3.2,0.1,73.2,0,0
8329,6.9,1.46,17.8,19,7,0.37,17,0.8,38.4,109,0
6310,1.81,1.44,7.3,6.2,11.5,6.23,2.7,0.7,71.6,145,0
17021,21.7,1.63,0.5,6.6,33.7,0.18,2.4,3.5,53.1,28,0.2
14108,0.14,1.56,48.8,10.4,7.2,0.16,7.2,1.4,24.8,91,0.2
15077,3.47,1.52,21.4,4.8,5.5,0.6,5.2,0.4,62.7,109,0
7773,31.6,1.06,2,23.6,17.3,1.26,0.9,2,54.2,0,0
2801,168.5,1.16,2.8,0.7,35.4,0.29,3.1,19.8,34.6,173,3.6
5805,8.1,2.03,3.2,5.2,43.7,1.15,11.3,5.6,31,66,0
18588,0.14,1.8,17.9,3.1,26,0.03,3.2,1.9,47.8,170,0.1
8142,13.6,1.41,11.7,10.1,29.4,1.14,5.4,4.1,39,0,0.3
2512,0.89,1.6,25.9,6.4,13.6,0.15,6.5,3,44.4,79,0.2
502,13.8,1.47,3.6,3.8,26.8,1.26,3.5,1.6,60.7,107,0
14165,21.9,1.24,2.6,19.3,13.1,2.02,4.4,3.9,56.5,0,0.2
6537,1.18,1.61,22.8,47.3,0.2,0.08,11.6,0,18.1,66,0
384,41.1,1.61,1,0.9,70.6,0.07,4.6,7.3,15.5,137,0.1
5626,0.83,1.54,43.7,7,13.4,0.26,5.3,1.4,29.2,46,0
3034,33.05,1.25,4.9,25.9,7.4,1.71,23.4,2,36.2,0,0.2
17548,5.7,1.24,6.1,23.5,13.9,4.74,18.1,2,36.2,0,0.2
7278,29.6,1.6,7.5,8,33.2,0.16,6.1,14.8,28.6,23,1.8
18286,6.79,1.48,3,21.5,0.4,0.12,7,0.1,68,36,0
5145,3.46,1.75,9,8.6,22.6,0.08,22.4,14.8,18.8,43,0
17707,0.17,1.42,48.2,7,4.4,0.51,30.6,2.2,7.2,36,0.4
14010,3.45,1.68,27.2,14.2,10.8,0.22,9.2,2,36.4,30,0.2
18454,0.39,1.54,13.2,37.1,0.7,8.28,20,0.1,28.9,0,0
6148,2.46,1.74,48.6,6.6,10,0.04,12.6,8.2,11,127,3
101,0.2,1.25,6.4,5.1,25.5,4.72,8.1,2.1,52.8,104,0
15433,113,1.39,0.6,0.4,65.2,0.66,0.9,5.3,27.5,0,0.1
8708,2.08,1.72,14.2,21.6,14.4,0.09,4.2,2.8,42.4,89,0.4
4859,151.5,1.34,0.8,1.1,51.6,0.72,1.6,15.3,29.1,0,0.5
8006,57.2,1.57,2.3,2.3,56.4,0.03,1.2,15,19.8,102,3
18320,1.84,1.37,4.8,10.9,1,1.26,6.4,0.1,76.8,28,0
244,60.5,1.36,2.8,6.6,32.7,0.14,8.5,24.5,20.9,20,4
13904,10.5,1.52,12,11.2,23,0.81,16.1,14.8,20.3,43,2.6
547,26.1,1.38,1.3,36.3,2.4,0.04,3,0.4,56.6,61,0
9464,2.89,1.75,14.8,3.6,29.8,0.11,6.2,21.1,21.1,112,3.4
18141,21,0.97,10.6,0.2,0.2,1.98,88.7,0.1,0.2,40,0
13297,5.04,1.74,11.4,5.4,16.2,0.07,12.6,1.8,52.4,145,0.2
7471,23,1.49,1.1,12,30.6,0.18,3.8,2.6,49.9,13,0
15675,5.26,1.48,2.2,13.9,14.3,1.5,6.2,0.6,62.8,10,0
6772,12.5,1.74,2.9,14.5,10.9,0.12,2.1,1.1,68.5,74,0
16783,0.3,1.76,20.9,10.6,12.2,0.02,37.5,6.2,11.8,170,0.8
9411,0.08,1.68,27.5,14.8,14.2,0.04,14.5,4.2,24.6,152,0.2
103,59.4,1.41,0.2,4,45.1,0.45,1.4,2.6,46.7,10,0
1037,1.31,1.58,6.4,20.6,13.8,3.05,3.9,1.4,53.9,117,0
12633,0.15,1.79,11.8,34.2,8.2,0.22,6.8,0.8,38.2,94,0
15217,94.7,1.58,0.8,1.5,49.4,0.08,1.4,8.1,38.6,114,0.2
236,37.3,0.75,51.9,3,5.8,5.32,6.3,0.5,32.5,46,0
14737,3.01,1.6,17.9,12.9,17.7,0.2,6.2,5.6,39.2,89,0.5
14129,1.07,1.63,21.4,11,19.2,1.82,8.3,6,33.7,109,0.4
6332,31.55,0.71,2.71,9.4,10.2,7.26,19,1.2,57.3,135,0.2
3591,26.45,1.28,1.8,47.3,0.8,2.73,0.7,0,49.4,0,0
4833,8.67,1.29,5,2.1,2.9,3.65,7.5,0.2,82.3,51,0
7661,14.2,1.51,1,15.3,14.9,0.48,3,0.7,65,8,0.1
14808,0.483,1.25,11.1,8,34.5,2.06,8.3,4,34,53,0.1
7476,1.16,1.74,25.7,7.8,20.4,0.26,14.1,2,29.8,91,0.2
17889,0.01,1.13,61,11.4,1.6,0.15,12.8,0.2,13,53,0
1627,24,1.54,2,16.2,14.2,0.04,2.8,2.2,62.4,99,0.2
46,11.91,0.73,16.51,6.26,8.29,7.92,41.35,8.92,9.23,0,9.44
15567,0.12,1.4,15.4,19.5,9.1,7.2,7.7,0.5,47.8,0,0
4687,17.4,1.61,1.2,7.3,6.4,0.31,2.7,5.8,74.6,99,2
4416,4.64,1.62,29.2,9.5,19.5,0.22,13.5,6.6,21.4,20,0.3
9589,21,1.21,2.8,17.6,6.6,2.18,6.3,0.2,66.5,0,0
856,8.9,0.97,0.7,7.1,35.5,8.64,2.6,4.4,49.6,0,0.1
16684,55.2,1.58,1.4,3,29.1,0.33,3,19,40.1,13,4.4
6780,44.05,1.04,2.2,19.4,16.5,5.86,0.5,1.4,60,0,0
586,0.1,1.63,12.2,9.1,28.2,0.15,4.3,3.1,43,104,0.1
16822,4.86,1.38,4.9,38.6,0.9,0.25,19.6,0.1,35.9,30,0
5697,12.45,1.54,1.5,21.9,9.3,0.25,2.9,0.7,63.7,18,0
5421,51.6,1.35,2.8,6.5,27.7,0.54,6.5,2.6,53.8,180,0.1
6968,30.2,0.67,17.9,4.1,16.3,11.26,0.1,7.1,54.4,0,0.1
14609,9.02,1.58,6.4,5.5,33.5,0.26,6.4,22.1,24,147,2.1
616,2,1.69,4,3.8,31.7,0.01,0.9,11.8,46.3,145,1.5
7146,52.25,1.5,2.2,3.7,31,0.14,2,5,55.9,13,0.2
4391,0.18,1.6,19.9,27.6,0.4,0.36,32.2,0.1,19.7,23,0.1
8973,6.57,1.56,9.6,12.8,2.9,0.2,2,0.1,72.6,142,0
2787,15.15,1.26,4.5,7.2,25.6,2.33,5.5,4.7,52.5,15,0
8529,7.23,1.56,3.4,26.8,8.4,1.02,7.5,1.6,52.2,0,0.1
12442,28,1.31,2.4,2.9,37.2,0.74,3.5,1.5,52.5,5,0
6269,0.2,1.38,50.1,19,0.4,0.23,24.9,0.2,5.4,74,0
16979,5.7,1.53,2.1,9.9,21.3,2.79,1.3,8.5,55.6,0,1.3
3704,34.95,1.36,0.4,1.4,57.1,1.71,1.7,9.1,30.9,0,0
2667,0.29,1.31,4.6,0.6,57,4.14,4.8,4.9,28,155,0.1
7980,5.78,1.57,8.8,15.6,16.8,0.45,11.4,15.2,23.8,20,8.4
479,87.4,1.45,2,2.3,43.5,0.06,1.5,20.3,28.9,104,1.5
15812,2.7,1.58,15.2,3.4,8.2,0.3,6,0.5,66.7,33,0
789,2.4,1.44,4,21.6,3.3,1.38,5.5,0.1,65.4,56,0.1
11432,0.8,1.48,18.2,13.8,0.3,0.06,7.5,0.1,60.1,152,0
16689,38.1,1.47,0.3,3.9,36.4,3.12,0.3,11.9,46.6,0,0.6
6160,65.05,1.45,1.4,2.4,54.4,0.7,5.2,9.9,26.6,0,0.1
10608,1.17,1.6,18,31.9,0.8,0.2,24.7,0.1,24.5,43,0
8832,0.22,1.61,43.8,1,9.4,0.15,2,0.2,43.6,137,0
780,9.6,1.51,2.7,13.1,25.7,1.32,4,3.5,50.9,61,0.1
7937,0.31,1.77,19,3.8,27.6,0.08,21,7.6,20,94,1
3080,0.33,1.73,8.9,33.6,5.2,0.11,25.6,1.9,24.6,119,0.2
8337,14,1.59,1.6,12.5,5,0.08,4,0.6,76.3,45,0
2125,0.44,1.64,4.6,6.7,41.8,3.34,3.6,5.3,38,91,0
5497,28.25,1.57,0.3,7.5,34.4,0.22,3.3,6.1,48.1,20,0.3
16943,0.0646,1.41,34,7.2,8.8,0.13,6.8,1,42,66,0.2
9979,4.11,1.57,1.3,13.8,14.8,0.47,4.3,0.6,65.2,48,0
3960,23.15,0.67,26.6,3.2,3.7,5.9,8,0.4,58.1,8,0
12064,23,1.41,2.2,3.7,19.1,0.84,7.4,3.4,64.1,10,0.1
4640,19.7,1.65,2.8,8.4,20.4,0.89,3,11.4,51.7,74,2.3
15182,42.1,1.59,23.3,7,24.2,0.13,8.1,12.8,22.8,76,1.8
6120,2.41,1.6,4.6,2,28.8,0.54,2.2,5.4,56.9,104,0.1
3564,0.13,1.75,19.6,11.8,21.6,0.06,4,4.8,38,130,0.2
16204,7.89,1.45,5.4,4.1,36.4,2.05,14.2,10.9,28.5,0,0.5
3929,69.65,1.39,2,2.5,17.9,0.57,1.3,1.5,74.8,0,0
17177,6.2,1.7,1.3,4.2,38.6,0.87,7.1,12.2,36,132,0.6
6247,1.38,1.63,11.4,6.6,21,0.07,28.4,5.4,26.8,175,0.4
2174,34.2,1.59,2.4,14.5,27.8,0.08,1.9,3.7,49.5,71,0.2
11761,0.09,1.74,33.7,7.1,17.7,0.06,6.5,2,33,196,0
9104,0.01,1.54,22.4,5.1,19,0.49,22.4,4.3,26.7,69,0.1
7953,28,1.61,11.4,6.9,28.3,0.07,4,20.8,20.9,140,7.7
16444,4.82,1.56,6.3,13.2,22,1,6,3.9,48.4,0,0.2
2519,30.55,1.63,4.3,9.8,28.6,0.12,5.7,11.8,38.6,58,1.2
13979,0.72,1.74,41.8,11.1,11,0.11,10.8,5.1,19.2,41,1
2312,10.2,1.51,13.7,28.7,5.7,0.23,10.8,0.8,40.2,28,0.1
7871,219,1.59,11.7,6.91,37.5,1.06,10.4,3.4,30.1,41,0
717,27.7,0.61,17.6,14.3,0.6,11.55,23.1,0,44.4,0,0
11495,1.31,1.39,26.5,10.4,19.5,0.13,7.1,1.9,34.6,79,0
14890,0.04,1.84,17.6,6.2,39.1,0.18,3.1,6.7,27.2,107,0.1
12189,1.39,1.82,15.6,10.4,22,0.04,10,11.8,27.4,64,2.8
15933,0.64,1.5,4.8,1.9,1.2,4.47,6.3,0.1,85.6,180,0.1
17017,4.93,1.65,11,5.1,32.3,0.11,5.5,5.2,40.7,53,0.2
6365,6.24,1.52,4.8,8.9,15.4,0.83,3.3,0.8,66.8,0,0
2308,1.69,1.67,20.1,12.6,11.4,0.11,11.3,2.4,42,99,0.2
8591,56.5,1.52,1.6,5.9,41.4,0.08,1.8,7.7,41.4,28,0.2
4822,40.8,1.43,1.6,6.9,21.2,1.61,2,8.2,59,0,1.1
16164,6.84,1.69,18,5.3,31.1,0.18,4.2,17,22.5,152,1.8
14017,0.02,1.66,30.7,2.6,30.6,0.08,2.9,4.8,28,76,0.4
11042,0.97,1.49,18.3,7.9,2.5,0.19,10,2.2,58.2,58,0.9
1815,9.36,1.2,15,6.6,26.2,4.93,5,21.4,23.2,0,2.6
17084,16.4,1.66,0.8,12.6,27.4,0.08,3.3,3.5,52.4,81,0
4905,23.8,1.43,0.6,11.9,12.3,0.29,2.9,0.8,71.5,18,0
12454,3.94,1.5,30.2,6.8,7.8,0.13,5.2,0.4,49.6,84,0
2930,71.65,1.44,0.8,2.7,5.2,0.09,1.2,0.3,89.8,152,0
14698,1.18,1.72,3.4,19.2,18.2,0.86,9.2,4.4,45.4,41,0.2
96,17.9,1.42,0.5,6.2,31.3,1.09,3.5,1.7,56.8,0,0
1158,102,0.97,1.53,5.44,40,2.17,0.5,7.8,44.6,0,0.2
13949,44.7,1.51,4,9.7,27.1,0.58,7.8,21.1,25.5,0,4.8
7306,4.28,1.5,24.1,4.8,13,0.26,3.9,2.6,48.2,28,0.2
15939,0.18,1.71,8.7,5.2,2,0.1,2.6,2,68.5,132,0.1
1377,0.58,1.64,5.2,31.7,5.6,0.18,3.7,0.7,53.1,53,0
5288,78.15,1.3,0.8,4.4,44,1.28,6.6,4.4,39.8,0,0
10005,32.9,1.51,2.1,6,16.5,0.27,1.5,0.9,73,76,0
3860,0.4,1.64,15.3,5.8,14.6,0.05,7.1,3.7,53.1,99,0.4
9957,9.9,1.09,3.7,15.1,10.4,3.03,4.6,0.4,65.8,0,0
6514,15.55,1.22,4.1,15.4,2.8,2.1,7.1,0.1,70.5,48,0
5123,74.25,1.39,0.2,0.1,71.7,0.04,0,2.4,25.6,56,0
6388,78.9,0.47,0.8,12.3,18.6,4.64,3.3,1,64,0,0
5341,47.3,1.37,3.1,0.5,36.2,1.17,4.4,0.8,54.9,64,0
18169,23.7,1.46,2.5,7.6,20.8,0.68,0.7,5.1,63.2,132,0.1
4038,11.4,1.4,3.9,4.6,3.3,2.42,9.3,3.3,61.2,56,0
7102,22.15,1.64,0.5,1.4,45.5,2.31,1,13.3,37.9,102,0.4
16853,4.34,1.66,4.8,5.9,37.4,0.22,11.2,12.5,26.9,13,1.3
14816,11.6,1.5,5.2,7.2,15.8,0.54,3.3,1.2,67.3,188,0
71,5.11,1.04,1.64,31.9,0.51,0.66,47.52,0.06,18.36,14,0.01
8281,4.6,1.47,4.7,7.8,31.4,1.02,6.3,18.2,30.8,25,0.8
14477,0.03,1.58,34.2,11.8,10.4,0.16,3.8,1.2,38.6,124,0
776,11.3,1.77,1.8,7,30.6,0.41,3.5,3.6,53.4,102,0.1
3996,23.7,1.57,4.5,5.2,1.6,0.1,2.6,0.1,86,112,0
11803,0.55,1.34,27.8,27.2,1.2,0.14,6.4,0.4,37,147,0
5039,20.4,1.54,3.7,7,33.6,0.18,7.4,12.2,34.6,18,1.5
965,4.2,1.71,10.9,0.6,51.7,0.14,5.2,17,13.9,147,0.7
12440,29.6,1.56,0.7,6.3,16.2,0.04,0.9,0.6,75.3,183,0
15802,13.1,1.58,1.5,28.4,23.7,0.02,5.5,5.1,35.7,43,0.1
11721,179,1.05,3.7,6,47.3,1.09,3.5,5.2,34.2,0,0.1
3549,51.3,1.34,1.7,2.7,4.2,0.97,3.1,0.1,88.2,74,0
4560,0.09,1.64,4,3.9,44.4,0.41,1.5,5.4,40.7,145,0.1
8188,5.26,1.25,1.5,29.8,18,2.74,14.1,4.2,32,0,0.4
582,13.4,1.52,16.5,11,27.3,0.47,6.1,2.7,36.2,33,0.2
15236,3.32,1.45,7,20.8,16.8,0.82,13,5.6,36.4,18,0.4
1961,4.51,1.18,25.3,15.3,6.9,3.68,22.9,1.4,28.2,71,0
6570,0.08,1.78,6.8,21.8,2,0.45,24.2,0.4,44.6,15,0.2
12959,2.44,1.36,2.9,11.1,0.4,0.85,9.1,0,76.5,36,0
15650,46,1.63,0.6,2.6,52.3,0.03,1,7.7,35.7,46,0.1
791,7,1.61,1.3,20.5,3.4,0.22,2.6,0.1,72,81,0.1
4453,8.05,1.48,2.6,1.3,62.6,1.7,11.6,11,10.4,0,0.5
9926,90.7,1.46,1.6,4.3,40.3,0.11,2.9,6,44.7,96,0.2
17455,17.1,1.7,3.6,1.4,48.3,0.04,12.1,11.5,23,185,0.1
3128,8.62,1.5,4,14.3,24.8,0.78,13.6,8.7,33.8,0,0.8
13106,0.11,1.68,36.6,29,0.2,0.1,20.2,0,14,130,0
7310,90.5,1.39,11,6.2,16.4,1.82,12.5,3.9,49.8,0,0.2
1816,31.2,1.47,28.6,6,19.2,0.35,8.2,14.8,20.4,18,2.8
10600,7.1,1.21,11,29.2,0.7,3.28,36.5,0.2,22.3,0,0.1
16162,1.04,1.65,32.4,8.6,22,0.11,9,6.8,20.9,76,0.3
4277,9.2,1.57,10.9,1.2,45.3,0.32,2.2,6.6,33.5,26,0.3
17441,47.3,1.07,16.5,22.5,1.3,5.43,26.8,0,32.9,20,0
17033,69.7,1.21,3,6.5,28.1,0.57,8.2,2.8,51.3,86,0.1
12025,61.8,1.49,0.6,0.7,53.7,0.42,1.8,1.4,41.8,0,0
11825,92,1.53,2.4,2.8,47.2,0.33,4.3,20.9,20,13,2.4
286,125,1.28,1.7,1.7,28.2,0.68,1.7,4.9,61.4,30,0.4
14442,0.04,1.64,41,25.4,3.8,0.09,5.8,0.8,23.2,135,0
52,3.7,1.2,16.35,4.05,3.91,2.82,56.86,6.25,3.44,0,9.14
9878,16.7,1.32,5.1,6.3,16.8,2.08,3.3,1,67.5,0,0
3795,42.1,1.46,0.6,3.2,3.8,0.16,1.8,0.1,90.5,102,0
2505,1.43,1.68,22.6,8.2,20.6,0.06,4.8,7.8,34.2,86,1.8
533,1.7,1.56,15.7,8.1,30.8,0.14,9.5,4.3,31.4,79,0.2
7015,1.34,1.61,11.9,8.7,5,2.28,1.4,0.3,72.7,152,0
5126,42.05,1.5,1.8,0.3,54.6,0.18,4.6,23.7,13.8,10,1.2
5557,2.3,1.18,5.1,14.1,18.4,1.21,40.2,1.5,20.6,23,0.1
6250,1.17,1.74,4.4,32.6,16,0.45,16,1,29.2,28,0.8
10258,23.7,1.38,1.5,7,0.5,0.32,4.5,0.1,86.4,20,0
2663,76.25,1.52,0.4,0.3,69.4,0.7,0.9,3.8,25.2,10,0
17313,7.89,1.68,3.4,24.4,2.3,0.09,6.5,0.2,63.2,25,0
16475,36.8,1.45,1.5,5.4,10.2,0.72,1.3,0.5,81.1,0,0
3676,0.9,1.63,17.6,5.4,19.8,0.16,2.2,1.5,53.5,130,0.1
14234,1.39,1.64,20,8.8,14.6,0.02,17.2,5.4,31.4,130,2.6
9436,0.41,1.66,30.9,8.7,6.2,0.24,32.2,0.9,21.1,61,0
1603,0.98,1.75,8.4,9.1,26,0.07,6.7,20.3,21.1,135,8.4
2398,35.5,1.51,1.4,6.2,9.9,0.07,0.8,0.3,81.4,48,0
2478,14,1.4,6.2,5.5,32.7,1.15,9.6,8.5,36.4,10,1.1
5956,19.7,1.68,6,0.6,30.4,0.04,2,33.6,7.8,142,19.6
977,22.3,1.24,4.9,11.9,31.4,2.63,9,2.3,40.2,8,0.1
450,1.8,1.56,7.5,1.2,52.8,3.21,5.8,8.3,24.2,142,0.2
15893,0.36,1.42,22.3,10.1,1.1,0.16,14.9,0.1,51.5,99,0
396,0.1,1.64,38.5,11,9.2,0.15,4.3,1,36,162,0
16339,38.1,1.6,1.4,7.5,15.2,0.15,1.7,3.3,70.5,23,0.4
12143,6.9,1.74,9.8,14.3,21,0.7,14.3,5.5,34.6,15,0.5
11527,30.9,1.71,2.4,3.2,29.2,0.24,4.6,18.7,34.9,81,7
4194,69.7,1.3,0.5,1.4,68.8,0.48,1.9,6.6,20.8,5,0
9018,0.173,1.31,22.6,7.1,31.4,1.01,7.1,4.3,27.4,73,0.1
8899,6.05,1.63,8.7,11.8,28.6,0.79,5.1,7.9,36.7,0,1.2
17723,0.41,1.51,34.3,30,6,0.23,19.1,1.6,8.8,53,0.2
6717,244.7,0.2,57.4,3.2,1.7,4.86,26.6,0.1,11,38,0
10575,16.4,1.12,6.3,12.5,31.5,5.62,8,2.3,39.2,0,0.2
8492,9.86,1.63,7.2,15.8,24,0.12,1.8,1.5,49.7,160,0
5493,14.8,1.55,1.9,6.3,39.8,0.49,5.4,4.5,42,30,0.1
224,0.2,1.31,51.8,11.2,3.2,0.17,6.7,0.8,26.1,152,0.2
7643,42.1,1.56,2,13,10.2,0.14,1.1,0.8,72.9,94,0
863,0.1,1.79,14.5,10,0.5,0.24,6.1,0.1,68.8,96,0
4758,0.32,1.8,18.9,14.5,16.6,0.05,5.3,4.6,39.8,107,0.3
727,0.8,1.57,13.1,18.7,0.4,0.1,7.8,0,60,53,0
6563,4.6,1.38,7.2,20,3.1,1.77,16.3,0.2,53.2,0,0
8200,0.22,1.65,17.4,42.4,2.6,0.07,8,0.6,29,178,0
831,2.3,0.66,6.2,1.4,42,7.96,19.2,5,26,64,0.2
9884,14.5,1.12,8.2,33.9,0.4,8.28,7.5,0,30,0,0
712,9.2,1.59,11.7,14,18.6,0.15,13.7,4.6,36.8,30,0.6
282,124.8,1.38,0.5,1.5,19.4,0.04,1.4,16.2,57.5,91,3.5
6475,33.55,1.36,1,10.2,2.8,0.01,2.7,0.2,83.1,51,0
16380,42.1,1.59,0.8,4.6,11.1,0.04,0.6,1.2,81.6,107,0.1
2349,1.86,1.56,44.8,20,1,0.16,23.8,0.2,10.2,89,0
3542,29.6,1.37,0.8,19.5,19.5,1.98,6.2,0.5,53.5,8,0
1526,68.4,1.55,1.1,1.7,62,0.34,0.4,14.6,20,33,0.2
1797,26,1.49,2.1,12.2,21,0.06,2.6,3.1,58.7,102,0.3
1801,35.5,1.38,1.7,12.1,24.8,0.56,3.7,2.7,54.8,43,0.2
8167,57.8,1.36,1.7,11.2,25.8,0.83,4.5,2.9,53.8,18,0.1
4548,0.24,1.44,37.1,5.4,6.8,0.17,23.1,8.8,7.6,109,11.2
10988,0.42,1.52,23.5,15.9,10.1,0.09,7.5,4,38.1,36,0.9
16372,23.7,1.73,1.8,9.4,20.1,0.45,3.4,9.8,54.1,104,1.4
2617,7.37,1.5,5.2,36.1,2.6,0.31,13,0.8,42.2,38,0.1
9213,32.9,1.46,0.4,3.2,4.5,0.2,1.7,0.2,90,15,0
8342,19.7,1.68,3.9,7.4,18.2,0.81,5.9,4.2,60,71,0.4
6897,120,1.11,3.2,3.5,1.5,2.16,5.1,0,86.7,0,0
14387,1.64,1.66,27.4,30.5,2.5,0.02,2.6,0.5,36.5,206,0
18384,8.68,1.61,0.9,3,9.1,0.12,1.5,0.8,84.7,33,0
5491,0.09,1.67,29.6,5,25.8,0.08,1.3,2.4,35.8,157,0.1
14376,0.3,1.64,27.8,21,4.9,0.12,3.6,1,41.6,91,0.1
4725,23,1.44,0.8,13,32.2,1.04,3.7,5.3,44.8,0,0.2
1648,3.5,1.68,25.9,7,21.2,0.06,4.6,18.7,17.5,140,5.1
17410,0.42,1.67,16.6,5.4,2.2,0.14,1.2,0.1,33.4,178,0
12251,25.6,1.7,6.1,9.4,30.2,0.07,11.5,17.2,24,28,1.6
13825,2.3,1.47,11.9,9.6,14.2,0.71,5.7,8.3,48.5,30,1.8
741,4.3,1.57,5.6,2.2,54.9,1.68,8.2,13.2,15.2,71,0.7
7924,171,1.47,0.8,0.9,59.9,0.14,2.2,7.6,28.5,180,0.1
16880,11,1.66,2.8,23.8,14.6,0.23,4,1.4,52.5,84,0
6519,3.18,1.18,15.8,0.3,0.3,1.45,82.8,0.1,0.7,91,0
14916,0.669,1.75,12.4,3.7,36.2,0.44,5.2,12.7,29,107,0.8
14884,0.09,1.72,14,4.8,41.5,0.13,7.5,5.1,27,117,0.1
335,8.9,1.69,13.5,4.5,31.7,0.06,3.3,2.9,44.1,150,0
1134,5.45,1.66,15.7,3.8,15.2,0.05,24.1,12.8,18,178,10.4
8278,0.07,1.62,28.3,13.2,14,0.05,6.7,1.8,35.8,152,0.2
106,0.2,0.99,4.4,3.4,35.3,5.68,11.3,2.6,43,81,0
9488,72.3,1.55,2.6,2,51.7,0.1,0.8,4.8,37.9,152,0.2
10970,69.7,1.56,1.4,1.4,62,0.2,0.1,12.2,22.6,61,0.3
17700,17.7,1.14,24.7,18.6,4.6,4.22,39.1,4.4,8.2,0,0.4
492,106,1.49,0.8,0.1,74.2,0.06,1.4,4.3,19.2,140,0
565,23.3,1.6,0.6,10.2,45.9,0.1,2.6,6.4,34.2,13,0.1
15847,1.75,1.71,6.7,7.9,32.4,0.13,8.7,2.4,41.7,68,0.2
10783,14,1.55,5.3,7.6,25.9,0.34,3.9,3.3,53.9,23,0.1
6171,284,1.41,3.8,1.6,37.4,0.22,2.6,44.6,6.4,168,3.6
9339,13.6,1.23,2.7,22.8,1.2,1.1,7.5,0.1,65.7,0,0
461,0.5,1.13,57.4,4.4,8.4,0.27,15.8,1.2,12.8,102,0
12435,21,1.54,1.1,6.1,17.3,0.51,1.4,0.8,73.3,0,0
173,1.9,1.59,30,6.3,8.5,14.41,12,1.5,41.6,15,0.1
11573,39.4,1.16,2.2,6.9,26.1,1.45,11,2.4,51.3,25,0.1
1323,24.95,1.64,44.8,8.9,4.9,0.32,3.8,0.6,36.9,43,0.1
4421,3.42,1.61,6.6,33.1,1.6,0.41,16.7,0.3,41.7,25,0
587,43,0.91,3.1,5,32.4,6.35,18.5,3.6,36.5,0,0.1
3634,39.1,1.36,4.6,6.3,15.7,1.24,5.9,0.8,66.7,23,0
11373,0.21,1.33,41,20.8,1,0.1,10,0.4,26.8,130,0
8916,2.96,1.88,2.2,18.7,20.4,0.13,6.4,6,45.7,56,0.6
18555,23.7,1.55,2.1,8.8,7.5,0.68,0.2,0.1,81.2,0,0
2800,110.5,1.25,2.4,0.4,29.6,0.23,2,11.6,52.4,89,1.6
1854,0.04,1.53,50.1,4.4,7.2,0.08,6.9,1,30.4,180,0
16336,1.68,1.7,18.8,11.4,25.5,0.07,4.8,9.6,29.1,162,0.8
15475,0.02,1.69,33.3,6.6,8.6,0.14,4.3,0.6,46.6,122,0
17490,0.1,1.57,10.8,12.8,22,0.16,7.4,8.4,37.6,114,1
17505,21.7,1.5,1.6,2.2,22.8,0.09,3,5.3,64.7,155,0.4
7958,15.2,1.64,3.9,11,27.6,0.18,9.3,19.3,23.9,58,5
756,0.1,1.53,14.4,10.2,4.8,0.25,5,1.5,64.1,76,0
546,28,1.45,1.6,41.2,2.4,18,3.6,0.5,50.7,18,0
847,126,0.02,0.4,0.6,68.3,0.14,0.4,5.2,25,43,0.1
11309,56.5,1.4,1.7,0.3,66.9,0.27,4,13,13.7,13,0.4
7962,0.03,1.56,42.3,11.8,13.4,0.11,6,8.2,16.9,162,1.4
2540,1.56,1.81,15.9,6.5,24.4,0.07,5.3,11.6,34.6,127,1.7
907,14.7,1.49,1.3,7.7,34,1.78,5.8,3.3,47.9,0,0
1349,71.65,1.55,1.7,0.7,60.5,0.2,0,5.8,31.3,114,0
2640,0.55,0.03,35,5,30.7,0.55,4.2,8,16.7,74,0.4
1028,5.63,1.36,4.7,22.3,16.7,2.65,5.6,1.4,49.3,53,0
4227,51.3,1.34,0.6,6,19.2,0.77,2.6,1.2,70.4,0,0
9954,7.23,1.65,0.7,2.2,47.3,0.34,2,8.3,39.4,147,0.1
10546,3.68,1.55,21.1,10.5,31.3,0.07,11.2,8.4,16.5,122,1.1
1024,0.04,1.72,27.7,11.5,16.7,0.14,3.3,1,39.8,152,0
351,0.9,1.66,5.9,24.9,12.5,0.72,8.3,7.5,37.8,0,3.1
3170,66.6,1.45,0.8,12.2,36.6,0.05,0.4,9.1,40.3,20,0.6
16862,40.8,1.55,2.7,7.2,34,0.1,2.4,3.5,50.1,66,0.1
12961,0.244,1.73,13.7,10.6,0.3,0.23,8.2,0.1,67.1,66,0
10558,7.45,1.38,4.4,1.3,48.9,2.48,7.8,15.3,21.8,64,0.5
12483,53.9,1.3,1.5,2.3,4.9,0.56,3.4,0.1,87.8,0,0
8300,82.8,0.66,3.1,12.1,5.1,3.42,4.7,0.3,74.7,2,0
18349,28.3,1.36,2,5.3,6.1,5.66,2.7,0.2,83.7,0,0
10993,18,1.46,2,3.6,1.6,1.46,3.7,0.2,88.9,10,0
7848,21,1.52,2.7,15.1,7.4,0.21,1.8,0.3,72.7,66,0
4373,20.2,1.48,28.6,9.4,15.5,0.1,15.4,4.3,26.4,30,0.4
2466,15.75,1.3,8.2,4.5,34.1,1.72,6,24.3,20,28,2.9
4863,10.23,1.6,26,1,34.7,0.36,1,7.7,29,114,0.6
8324,10.7,1.13,19.5,22.1,4.4,2.72,15.4,0.7,37.9,0,0
3862,17.75,1.42,1,30.3,22,0.42,6.7,5.2,34.7,0,0.1
9627,1.25,1.71,9,4.7,26.4,0.18,3.8,2.8,53.2,61,0.1
2938,361.7,0.99,2,8.6,6.5,5.34,4.4,0.4,78.1,0,0
7130,8.13,1.75,15.1,2.8,27.3,0.03,5.1,10,38.9,84,0.8
17828,3.23,1.39,0.1,9.6,16.5,1.91,4.2,1.2,68.4,56,0
16093,0.42,1.74,11.8,0.7,46.2,0.14,7.8,17.8,14.6,81,1.1
9457,0.11,1.51,19.6,39.1,2.2,0.05,6.7,0.6,31.8,152,0
16688,34.2,1.65,1.2,1.7,49.9,0.2,2.1,17.4,24.5,140,3.2
15070,129,1.57,0.5,0.4,47.2,0.07,0.1,11.7,39.5,66,0.6
14530,0.15,1.53,33,10.6,10.4,0.25,7.1,1.2,37.6,20,0.1
521,31.5,1.38,7.8,13.3,20.4,0.11,7.8,6.1,44,48,0.6
9869,0.54,1.52,16.5,21.1,7.5,0.89,10.5,0.4,44,15,0
6929,78.45,1.24,1.4,50.1,0.9,0.99,6,0,41.6,0,0
12981,3.94,1.51,5.3,2.6,7,1.44,4.4,0.6,80.1,89,0
5105,0.01,1.18,69.8,3.8,1,0.3,21,0.6,3.4,89,0.4
326,1.8,1.54,8.1,16.1,13.5,0.52,22.1,4.6,35.1,20,0.5
10820,28.5,1.56,1,6.9,23.3,0.28,1.6,7.2,59.1,15,0.9
5867,97.3,0.57,19.7,24.3,1.2,7.4,26.9,0,28,13,0
18667,0.48,1.08,5.7,24.4,11.1,7.77,11.4,0.5,46.9,0,0
7500,1.93,1.62,13.5,7.2,30.9,0.11,2.5,5.1,40.8,173,0
48,15.15,1.24,12.23,4.52,9.91,3.14,29.12,19.26,7.53,0,17.43
3683,1.35,1.62,26.2,2.6,29.2,0.26,3.2,4.2,34.4,145,0.2
905,1.7,1.86,20.9,12.8,18,0.08,4.6,1.6,42,107,0.1
4970,0.58,1.53,15.6,28.7,5.7,0.17,4.5,1.3,44.1,64,0.1
8004,29.6,1.6,3.1,2.2,57.1,0.08,3.5,14,18,20,2.1
1894,0.87,1.56,5.7,14.4,20.4,1.69,13.3,4.5,41.5,53,0.2
9868,2.23,0.93,15.4,19.5,9.1,7.2,7.7,0.5,47.8,0,0
18030,0.26,1.75,18.6,25.2,7.1,0.19,5.8,1,42.3,157,0
4742,9.36,1.66,5.4,18.9,19.9,0.2,6.3,4.3,45.1,58,0.1
5058,134,1.53,1.8,0.6,56.4,0.07,2.5,1.8,36.9,94,0
849,26.9,1.08,3.3,4.2,0.5,4.08,1.1,0.1,90.8,0,0
2892,4.76,1.58,7.7,3.9,2.2,5.53,9.7,0,76.5,28,0
17806,2.37,1.59,21.8,6.6,11.2,0.2,3,0.6,56.8,165,0
1395,0.42,1.57,14.3,26.8,7.6,0.13,9.3,2.4,38,152,1.6
5957,6.18,1.67,14.2,0.8,32.6,0.25,1.6,27.2,11.2,152,12.4
1519,20.7,1.42,1.5,5.1,17.1,0.1,2.1,0.8,73.3,124,0
8377,0.97,1.64,1.8,8,13.1,0.69,3,1.2,72.8,165,0.1
13277,40.8,1.45,2,4.8,43.5,0.69,5,18.7,24.1,0,1.9
15159,63.1,1.5,0.8,0.3,62.8,0.13,0.8,5.3,29.9,15,0.1
17393,14.5,1.44,4,14.8,7.2,1.47,4.6,0.1,69.3,46,0
744,6.9,1.72,16.4,2.1,52.9,0.41,4,11.6,12.5,117,0.5
794,13.1,1.32,2.9,29.5,3.2,1.8,2,0.1,62.3,0,0
16636,3.33,1.68,19.8,2,31.6,0.08,9.6,16.4,17.8,155,2.8
3269,8.48,1.23,1.5,8.2,26.9,4.39,9,2.8,51.5,0,0.1
2797,154.5,0.19,31,1.9,0.9,11.52,64.7,0.1,1.4,38,0
54,6.21,1.24,8.88,5.06,14.85,0.16,29.17,21.48,8.76,2,11.8
3389,53.55,1.25,4.5,1.9,31,3.43,5.5,3.2,53.8,0,0.1
9554,10.8,1.53,1.9,2.9,28.7,0.49,3.9,9.8,52.5,13,0.3
2631,20.95,1.48,2.9,24.2,1.4,0.17,1.3,0.2,70,165,0
644,9.9,1.38,2.6,8.4,3.2,0.9,6.2,0.1,79.5,13,0
6256,12.3,1.41,3.1,12.2,32.1,0.96,9.3,15.7,25.4,0,2.2
13997,15.8,1.53,3,19.3,14.5,0.45,5.4,2.2,55.5,23,0.1
14553,0.14,1.73,20.6,10.9,11.1,0.13,2.3,0.6,54.5,137,0
12450,0.06,1.56,5.2,8.2,9.8,0.49,5,0.8,71,43,0
7914,93.3,1.5,2.4,1,61.2,0.1,0.4,7.8,27.2,89,0
17860,5,1.3,7.1,4.4,19.2,3.07,12.7,1.5,55.1,0,0
14020,10.5,1.59,4.3,14.8,14.6,0.24,6,2.3,57.8,20,0.2
18075,0.05,1.61,50.6,20,2.8,0.04,5.8,0.4,20.4,173,0
5099,30.25,1.56,1,1.2,53.4,0.03,2.3,14.2,26.5,114,1.4
6228,0.59,1.68,22.6,7,29.4,0.01,8.2,12.2,19.4,147,1.2
1583,13.6,1.68,15.2,7.4,26.4,0.12,4.7,18.6,21.3,89,6.4
5092,7.89,1.75,5,0.8,41.1,0.06,8.5,31.5,11.1,56,2
9610,0.2,1.56,6.6,8.3,7.5,2.11,3.6,0.8,73.2,84,0
5566,0.01,1.53,34.1,15.8,6.1,0.41,9.9,0.7,33.4,170,0
2039,86.2,1.57,2.1,3.9,36.1,0.1,2.7,14.2,37.8,69,3.2
18462,69.7,1.52,0.3,2.1,29.1,0.09,0.5,2.4,65.9,99,0
13813,3.94,1.43,24.9,8.4,11.1,1,21,8.6,19.9,51,6.2
1615,0.58,1.69,22.7,11.5,15.4,0.05,5.9,16.6,17.8,102,10.1
6150,21.7,1.53,5,14,25.2,0.46,9.3,10.7,34.4,0,1.4
5185,0.01,1.55,18.6,31,1,0.15,14.6,0.2,34.6,71,0
10637,3.68,1.56,7.5,35.9,0.2,0.06,11.2,0,45.2,124,0
16293,28.9,1.48,1.8,8.4,23.5,0.45,2.8,1.4,62.1,13,0
3961,0.02,1.43,24.6,3,3.9,0.98,10.9,0.4,57,23,0
6849,11.8,1.52,0.6,10.4,22,0.51,5.9,7.8,52.7,18,0.6
9443,3.33,1.26,12.2,23,8,2.63,30.8,1.6,24.3,0,0.1
18264,59.2,1.19,2.1,3.2,1,1,2.3,0,91.4,0,0
18591,0.02,1.42,36.6,7.4,13.9,0.17,8.2,1.3,32.6,28,0
4155,0.28,1.49,6,5.6,43.8,3.98,5.3,1.6,37.7,71,0
8793,5,1.36,54.8,6.4,7.1,0.43,7.9,0.6,23.1,79,0.1
12565,0.1,1.59,36.6,10,3.8,0.08,21,0.2,28.4,114,0
8824,11.4,1.62,4.6,5,32.3,0.09,2.4,11.2,40.6,147,3.9
7444,27.6,1.54,1.1,22.3,18.4,0.21,1.4,2.4,54.3,127,0.1
2793,2.97,1.36,38.9,16,0.8,0.82,40.4,0.4,3.5,10,0
4986,7.67,1.61,1.3,27.3,18.7,0.71,2.7,5.8,43.6,0,0.6
1524,1.97,0.94,3.8,1.6,59.1,7.28,2.9,13.7,18.4,56,0.5
4514,66.4,1.61,1.6,3.7,37.3,0.02,1.6,19.3,34.4,127,2.1
18515,44.2,1.6,1.4,4.2,30.4,0.11,1.8,4.7,57.4,91,0.1
6722,46,1.18,18.2,6.9,10.7,3.03,33,10.7,14.2,0,6.3
17590,1.14,0.96,4.2,9.4,0.6,1.63,83.4,0,2.4,71,0
14733,0.09,1.83,10.8,15.6,22.9,0.08,5,5.9,39.4,140,0.4
2798,130.5,1.01,6.8,0.7,18.6,1.15,2.7,0.6,70.6,0,0
2543,16.14,1.46,7.3,23.4,17.3,1.18,6.3,6,38.9,0,0.8
14670,22.8,1.51,2.4,9.2,28.7,1.03,6.3,7.4,45.5,0,0.5
11844,1.86,1.55,5,3,53,5.01,6.6,7.2,25.2,43,0
13991,18.4,1.53,6.2,15.4,14.9,0.12,6.6,2.5,54.2,46,0.2
14439,6.31,1.55,6.8,22.8,9.8,0.15,5.4,1.9,53.2,46,0.1
1942,5.43,1.78,3.8,19.7,29.6,0.04,14.2,8.3,24.2,53,0.2
10361,40.8,1.37,1.9,2.4,2.9,0.15,2.5,0.1,90.2,66,0
6744,28.9,1.45,1.7,16.3,10.9,0.13,2.4,1.1,67.6,58,0
10354,9.64,1.37,5.9,4.5,1.9,1.38,3.5,0.1,84.1,51,0
11817,22.4,1.65,1.9,15.2,30.7,0.15,3.8,14.6,31,79,2.8
7398,27.6,1.15,0.1,22.6,21.1,4.39,0,1.7,54.5,0,0
171,0.3,1.49,10.1,8.5,8.3,17.16,21.8,0.9,50.3,0,0.1
4113,10.07,1.43,5.6,5.8,2.2,0.75,2.8,0.1,83.5,58,0
6253,0.51,1.72,16.9,14.2,33.4,0.11,7.7,1.4,12.6,119,0.8
10615,0.62,1.62,8,35.3,7,0.5,17.4,4.4,27.5,25,0.4
6967,5.13,1.69,5.9,14.7,14.7,0.33,2.4,6,55.4,150,0.9
11785,0.61,1.45,27.3,4.9,33.5,0.28,5.6,6.1,22.4,71,0.2
14473,15.3,1.44,4.8,16.4,13.9,0.67,6.5,1.9,56.4,18,0.1
13230,4.77,1.6,2.3,8.6,27.1,0.73,5,1.5,55.4,64,0
14760,2.85,1.62,20.3,17.1,6.8,0.26,12.2,1.7,41.8,30,0.1
3964,0.07,1.49,11.3,3,5.8,0.08,4.5,0.7,74.7,135,0
10590,0.13,1.76,16,2.7,39.4,0.15,4.9,5.5,31.4,124,0.1
11337,2.41,1.18,6.4,35.2,1.4,2.23,19.1,0.3,37.6,0,0
16166,1.14,1.38,16.8,28.8,0.4,0.83,32.9,0.1,20.9,10,0.1
276,6.7,1.55,3.2,11.1,27,0.59,4.9,2.2,51.5,0,0.1
15975,0.99,2.58,14,9.5,3.8,0.05,3.5,0.2,69,86,0
6808,41.1,1.47,0.9,17.7,10.9,1.3,0.1,1.4,69,170,0
2880,1.11,1.01,13.7,11.1,0.7,6.72,18.3,0.1,56.1,36,0
2057,15.09,1.72,0.9,11,21.6,0.14,2.5,2.3,61.7,33,0
3391,23,1.49,2.2,2.2,32.1,0.9,1.3,3.8,58.4,23,0
2507,1.89,1.6,31,6,22,0.08,3.4,7.6,28.8,162,1.2
5366,82.2,0.65,22.2,4.3,14.7,14.32,0.8,6.7,50.3,23,1
689,3.5,1.53,29.1,7.6,17.8,0.14,7.6,4.3,33.3,41,0.3
15489,13.8,1.45,0.8,21.5,20.3,0.56,3.6,0.5,53.3,13,0
13266,38.1,1.63,1.1,6,26.2,0.02,0.1,4.8,61.7,56,0.1
16884,0.76,1.78,22.1,12.4,15.8,0.02,1.6,1,47.1,173,0
3640,7.88,1.45,0.3,45.1,1.3,0.55,2.9,0.1,50.3,10,0
14216,30.2,1.46,0.9,5.6,15.1,1.52,3.4,1.8,73.2,0,0
8891,0.21,1.64,43,10.4,13.4,0.11,8.4,4.4,19.6,102,0.8
5941,0.48,1.65,19.8,2,16.8,0.27,4.6,2.8,53.8,160,0.2
5572,10.55,1.66,3.8,12.2,15.2,0.22,4.6,1.1,63.1,20,0
11937,21.9,1.75,6,1.2,53.3,0.63,5.8,10,23.6,175,0.1
16117,18.4,1.6,0.7,17.3,13.6,0.05,2.1,1.3,65,61,0
12716,8.87,1.07,12.3,1,1.5,2.11,82,0.9,2,0,0.3
4494,0.63,1.64,24.6,8.4,9,0.08,18.2,7.8,22.6,152,9.4
3568,28.95,1.56,1.1,18,27.1,0.16,3.3,2.2,48.3,20,0
280,162.1,1.44,1.4,3.4,11.5,0.15,5.3,3.2,73.2,38,2
3425,5.68,1.54,35.6,2.9,16.4,0.52,9.4,2.6,33,66,0.1
15376,0.52,1.68,7.6,10.6,23.8,3.4,8.7,2.9,46.3,81,0.1
13591,0.19,1.69,13.3,10.4,11.9,0.07,1,0.6,62.8,157,0
4402,4.05,1.28,4.4,37.1,7,1.48,19.2,4.7,27.1,0,0.5
4030,44.9,1.27,0.2,1.6,2.8,0.13,0.7,0.2,94.5,10,0
6584,21.68,1,17.7,3.8,11.8,4.08,35.4,1.8,29.5,0,0
4632,43.4,1.4,2.6,6.4,25.4,1.39,2.1,7.8,55.1,0,0.6
4408,35.19,1.5,4.4,21.8,19,0.2,7.3,15.3,30.8,96,1.4
129,11.7,1.63,6.2,11.3,12.9,0.03,1,0.6,68,137,0
6170,167,1.48,1,2.2,47.6,0.02,3.8,27.9,14,150,3.5
3360,17.75,1.12,3.3,0.5,34.3,6.6,8,4.4,49.4,0,0.1
15996,4.73,1.6,4,7.3,4.5,0.15,2.7,0.2,81.3,76,0
17273,63.1,1.6,1.4,5.4,28.9,0.17,1.8,9.9,51.4,86,1.2
3185,9.14,1.3,6.2,6.8,11,3.48,4.9,0.6,70.4,69,0
17350,21,1.58,2,11.4,16,0.13,4.7,1.3,64.6,18,0
4517,17.3,1.6,1.9,13.7,28.1,0.18,2.9,2.8,50.5,13,0.1
12379,26.3,1.53,2.9,5.1,19.4,0.05,0.7,0.8,71.1,142,0
1459,27.95,1.52,1.9,5.4,42,1.07,2.2,3.5,45,119,0
362,6.6,1.7,12.6,23.3,1.8,0.04,3,0.1,59,89,0.2
1807,12.5,1.61,3,17.2,12.4,0.17,2.8,1.8,62.8,178,0
8026,2.1,1.5,26.4,12.5,17,0.29,10.3,8.2,23.9,30,1.7
14941,14.5,0.97,27.9,11.6,2,2.77,54.5,1.4,2.9,13,0.3
11358,2.3,1.72,3.9,2.4,36.2,0.12,9.5,13.2,33.2,114,1.6
10971,43.4,1.3,1.3,3.2,13.9,0.65,2.3,0.8,78.5,0,0
17779,48.6,1.59,0.5,2.8,53.5,0.17,4,14.5,27.5,23,0.2
3117,0.55,1.56,5.4,23.7,1.7,0.04,18.3,0.3,50.6,152,0
7313,0.36,1.55,32.2,4,7.8,1.3,5.9,0.9,49.2,112,0
13369,1.21,1.53,4.3,22.9,15.2,1.56,4.4,2.5,50.6,56,0.1
8945,15.4,1.54,10.1,14.2,19.1,0.16,6.2,5.6,44.4,76,0.4
3922,14.13,1.51,1.9,6.9,6.7,0.08,5.9,0.9,77.7,13,0
5143,1.42,1.55,7.5,9,23.2,0.6,23.9,13.6,20.8,23,2
4659,50,1.51,1,6.3,7.8,0.03,1.8,1.2,81.9,81,0
12415,11.2,1.48,1.6,17.6,1.9,0.42,6.5,0.1,72.3,15,0
10573,0.44,1.65,12.4,8,30,0.17,4.1,3.2,42.1,83,0.2
11168,71,1.61,2.2,3,45,0.14,4.6,20.8,20.7,53,3.7
14313,2.1,1.66,6,4.9,45.3,2.3,5.2,4.6,34,127,0
13089,0.08,1.59,8.9,12.7,9.4,0.12,9.3,6.3,49.2,76,4.2
3926,11.6,1.35,24.7,4.1,6,0.54,4.3,0.8,59.9,96,0.2
9688,52.6,1.55,0.7,2.2,23.8,0.03,0.6,2.2,70.5,36,0
2753,7.03,1.19,8.2,5.6,34,4.37,0.3,7.2,44.5,8,0.2
15542,23,1.62,1.1,6.4,22.8,0.66,1.4,0.6,67.7,8,0
5060,8.13,1.41,13.9,5,28.5,0.4,15.6,10.4,25.6,25,1
5032,2.71,1.71,15.6,5.9,33.8,0.09,2.4,13.5,27.5,137,1.3
14173,2.63,1.91,3.8,19.7,29.6,0.04,14.2,8.3,24.2,53,0.2
9841,14.2,1.55,1,42,1,0.07,4.6,0,51.4,183,0
16655,1.22,1.46,28.5,23.2,5.3,0.34,9.9,1.5,31.4,25,0.2
732,85.5,1.21,0.2,2.1,61.7,0.12,0.8,7.6,27.5,56,0.1
7172,67.4,1.54,1.7,1.4,42.7,0.2,0.9,0.9,52.4,64,0
15083,6.79,1.46,0.5,8.1,9.2,1.3,8.3,3.4,68.1,56,0.4
1215,28.8,1.26,60.9,9.4,3.9,0.08,6.7,1.1,17.3,160,0.7
5084,7.89,1.62,10.6,4.5,29.3,0.1,9.1,9.4,35.6,41,1.5
6582,36.2,1.5,1.9,6.4,24.2,0.5,2.9,4.8,59.7,8,0.1
16668,15.8,1.61,1,29.4,17.2,0.1,2.5,5.6,43.2,76,1.1
15825,0.6,1.65,20.8,56.4,5,0.04,5,0.8,12,157,0
14409,9.2,1.7,4.6,13.1,20.3,0.12,6,2.4,53.5,71,0.1
6625,0.17,1.73,21,11,16.4,0.11,2.5,1.6,47.5,147,0
5042,13.8,1.58,5.7,7.1,26.7,0.09,8.2,10.1,40.6,99,1.5
14037,42.1,1.26,2.1,9.6,28.5,1.39,3,3.3,53.3,0,0.2
1087,24.95,1.61,0.4,5.4,28,0.07,1,3.6,61.6,13,0
8494,7.1,0.88,3.6,4.6,39.5,4.64,2.8,2,47.5,0,0
8019,3.19,1.73,8.5,15.5,20.9,0.68,14.7,11.4,27.3,0,1.7
933,2.2,1.4,5,0.7,57.1,4.98,5.1,10.5,21.2,119,0.4
17135,0.73,1.65,34,14.4,8.6,0.12,5.6,1.4,35.9,79,0.1
8834,2.52,1.33,67.9,6.4,7,0.16,5.9,1.8,10.8,61,0.2
13284,56.5,1.62,2.8,5,41.9,0.18,6.1,16.7,26,48,1.5
12447,15.8,1.1,4.5,10,10.5,3.94,3.7,0.6,70.6,0,0
10562,48,1.23,1.1,2.4,62.7,2.64,3.2,13.7,16.6,0,0.3
5192,0.02,1.67,25.2,34.4,0.4,0.15,26,0,14,89,0
971,0.9,1.52,14.4,7.1,42.1,0.18,1.3,8.1,26.2,38,0.7
18545,1.22,1.43,1.9,5.1,31.4,2.4,0.8,2.3,58.5,53,0
1848,1.6,1.47,16.4,14.9,9.2,2.95,17.3,1.5,42.6,0,0.1
11295,12.5,1.57,4.2,3.2,31.4,0.12,7.4,7,46.4,33,0.4
16834,50,1.55,1.5,2.5,38.4,0.45,1.7,14.2,39.4,185,2.3
1847,38.1,1.46,2.5,5.8,37.1,0.82,5.1,3.8,45.5,20,0.2
16068,6.57,1.73,6.1,3.3,53.1,1.4,4.5,5.5,27.5,74,0
15238,1,1.73,9.8,23.1,15,0.12,10.2,3.1,38.8,61,0
6159,1.07,1.69,21.6,1.8,38,0.05,5.4,14,17.8,170,1.4
1970,0.01,1.32,23.5,11,3.6,0.12,5.9,0.2,55.8,45,0
12819,0.3,1.64,6.6,2,19.4,0.17,1.8,5.6,61.8,165,2.8
14940,49.1,0.87,6,10.9,0.9,4.59,80.3,0.5,1.4,0,0.1
18255,61.8,0.94,2.9,3.4,2.4,3.3,6.4,0.1,84.8,0,0
2635,33.85,1.56,4.3,11.2,23.8,0.14,3.8,7.8,48.3,135,0.8
11177,32.2,1.55,2,2,54.7,0.25,5.6,8.9,26.7,10,0.1
11409,46.7,1.37,0.6,3.3,2.6,0.2,1.5,0.1,91.9,33,0
3626,0.01,1.55,28,18.6,7,0.36,13.6,0.4,32.4,64,0
8766,0.61,1.46,24.1,30.2,5.5,0.4,3.8,0.3,36.1,81,0
1641,30.45,1.57,15.3,2.2,40.6,0.1,0.7,14.6,23.7,145,2.9
16212,0.09,1.31,83.5,1.1,0.2,0.42,14.1,0.1,0.9,86,0.1
14397,7.45,1.75,5.8,19.8,10.4,0.06,4.7,2,57.1,119,0.2
480,67.7,1.59,3.6,2,44.1,0.05,1.1,21.1,26.7,155,1.4
17764,1.23,1.76,6,10,43.9,0.14,2,4.6,33.5,74,0
2991,1.19,1.38,2.2,3.3,3.4,3.1,4.4,0,86.7,170,0
13385,0.21,1.71,18.8,18.6,14.4,0.18,4.2,1.1,42.9,112,0
7212,1.68,1.67,3.9,6.1,21.8,0.05,1.4,4.8,61.6,122,0.4
16359,30.7,1.58,1.8,7,21.1,1.67,5.8,7,56.3,64,1
445,0.8,1.64,15.4,4,30.4,0.02,1.5,11.7,36.5,147,0.5
1843,0.12,1.59,19.4,42,7.2,0.13,11,1.6,18.8,76,0
6096,31.6,1.64,3.3,2.7,20.5,0.08,0.4,2.8,71.1,102,0.1
9252,0.61,1.44,3.2,3.1,2.1,2.01,3.1,0,88.5,137,0
18289,15.8,1.45,2.7,11.2,2.1,0.48,4,0.1,79.9,13,0
1232,15.15,1.51,1.1,52.1,4.6,0.09,4.1,0.1,38,61,0
9198,32.9,1.41,1.5,3.9,4.4,0.63,1.5,0.1,88.6,8,0
511,15.4,1.64,3.7,0.7,54.9,0.48,0.4,18.6,21,107,0.7
17471,26.3,1.41,2.3,0.8,52.1,0.36,3.6,1.4,39.8,91,0
2397,39.45,1.52,1.4,6.3,9.6,0.19,1.2,0.1,81.4,20,0
968,38.8,1.52,0.8,9.3,43.1,0.29,1.5,10.9,33.7,8,0.8
7985,1.31,1.65,35.6,11.6,16.1,0.08,7.6,8.3,19.5,89,1.3
9377,22.4,1.58,2.5,0.4,59,0.31,3.9,5,29.2,86,0
18663,4.47,1.7,26.5,4.3,14.7,1.45,8.5,2.7,43.1,23,0.2
427,0.1,1.73,13.3,21.1,15.5,0.05,5.5,0.9,43.7,188,0
17928,23.7,1.48,1.9,2.9,9.5,0.09,1.5,1,83.2,145,0
13858,112,1.56,1.9,1.1,60.1,0.06,0.5,9.3,27,145,0.1
13811,13.8,0.91,15.1,8.9,19.6,5.68,13.2,6.5,35.6,0,1.1
16623,16.7,1.64,1.7,1.9,39.4,0.27,2.1,3.4,51.4,74,0.1
10723,121,1.46,1.1,3.7,41.2,0.14,0,18.7,33.6,20,1.7
2460,0.24,1.42,56.6,2,4.3,0.22,10.4,0.2,10,132,0
2307,2.88,1.69,14.6,7.4,13,0.16,17,2.8,45,74,0.2
7938,1.29,1.66,20,5.2,24.4,0.02,15.4,10,19.6,135,5.4
7562,29.6,1.61,1,4.2,31.5,0.73,3,9.7,50.2,127,0.4
3263,70.55,0.93,11.8,3.4,14.6,6.84,26.9,1.3,42,0,0
12976,13.8,1.38,1.3,4.9,6.7,2.18,6.3,0.7,80.1,0,0
2344,0.14,1.43,15.4,38.6,1.4,2.07,27.1,0.3,17.2,0,0
16903,36.8,1.33,1.1,12.6,0.9,0.06,2.9,0,82.5,6,0
208,0.8,1.53,11.7,9,48.2,0.23,3.7,10.7,16.2,122,0.5
292,25.9,0.09,2.6,2.9,11.8,0.08,0,4.3,77.7,38,0.7
9258,18.4,1.6,1,8.8,7.5,0.08,11.5,0.6,78.1,91,0
13515,38.1,1.44,0.7,8.3,9.8,0.22,1.1,0.7,79.4,10,0
2278,5.13,1.61,2.4,39.9,1.3,0.66,5.2,0.2,51,64,0
9233,35.5,1.31,4.5,2.2,3.5,1.92,2.4,0.1,87.3,89,0
3068,11.19,1.65,4,5.59,38.8,0.7,9.1,15.3,26.1,0,1.2
3857,15.1,1.53,1.2,6.5,17,0.34,4.2,3.8,67.1,15,0.2
8857,27.6,1.62,5.3,9.8,32,0.12,8.2,5.6,38.6,127,0.5
9888,6.05,1.56,2.4,26.2,3.2,0.1,3,0.1,65.1,79,0
11457,27.6,1.63,2,5.6,38.5,0.12,2.7,5.4,45.8,81,0
14518,19.7,1.57,1,22.4,16.8,0.04,3,2.4,54.3,81,0.1
7701,2.07,1.53,19.5,12,10.6,0.51,4.8,3,49.8,38,0.3
17607,8.91,1.68,11.9,9.4,23.2,0.15,11.5,13.6,28,25,2.4
18683,1.49,1.43,4.1,11.3,17.4,0.37,17.5,3,46.6,162,0.1
397,17.9,1.47,0.9,8.5,30.6,1.17,11.8,3.9,44.2,0,0.1
2524,13.65,1.67,8,8,29.8,0.01,5.2,12.4,34.4,185,2.2
471,32.9,1.35,1.3,32,0.7,0.26,3.2,0,62.8,13,0
18390,0.55,1.64,17.1,2.8,8.1,0.23,0.8,0.6,70.6,84,0
8130,31.2,1.28,5.2,22.5,14.2,0.81,6.3,1.6,50.1,0,0.1
12651,8.33,1.42,3,31.5,8.9,1,4.7,1.5,50.3,0,0.1
13526,0.86,1.71,6.5,4,39.7,0.2,2.9,8.6,38.1,46,0.2
89,11.2,1.66,1.5,11.4,25.7,0.03,5.8,20.4,24.8,91,10.4
6756,5,1.36,6.6,10.3,6.4,2.36,4.7,0.8,71.2,119,0
17614,0.46,1.72,30.5,11.2,18.2,0.03,6.9,7.6,24.8,127,0.8
15237,2.72,1.62,8.5,22.2,15.5,0.29,10.7,5.5,37.2,30,0.4
16765,0.87,1.7,21,4.6,27.2,0.18,15.6,13,17,28,1.6
8505,0.27,1.59,11.5,7.4,21.2,0.29,3.7,1.2,55,46,0
157,25.4,1.62,1.6,7.7,15,0.13,0.6,1.6,73.4,61,0.1
18056,14.2,1.56,4.7,17.3,21.8,0.22,6.6,4.9,44.4,20,0.3
13328,0.31,1.64,3.3,11.7,19,0.67,8.7,3.9,53.1,175,0.3
15350,8.38,1.54,5.3,10.2,20.9,2.24,6.5,3.3,53.7,74,0.1
15924,0.99,1.53,4,1.3,7.2,1.4,2.2,0.3,85,175,0
2821,90.1,1.43,0.5,0.7,63.7,0.18,2.6,7,25.5,15,0
8530,5.92,1.56,4.6,29.9,6.8,0.31,5.7,1.1,51.8,20,0.1
2889,37.5,1.51,1.6,2.3,3.8,0.14,1.9,0.1,90.3,137,0
15414,14.5,1.45,5.3,1.1,35.3,2.48,1.6,5.1,51.4,114,0.2
227,24,1.52,1.3,15.6,14.8,0.06,2.1,0.8,65.4,20,0
12982,3.94,1.58,5.6,1.3,5.1,0.56,2.3,0.2,85.5,122,0
1571,123.5,1.64,0.7,1.5,61.9,0.01,0.2,16,19.5,8,0.2
16448,0.41,1.71,22.1,3.5,28.6,0.07,4.3,2.9,38.5,117,0.1
11976,56.5,1.52,1.4,4.1,50,0.33,2.4,5.8,36.3,8,0
17697,6.14,1.73,11,17,18.6,0.05,10.2,7,35.4,81,0.8
4907,0.65,1.78,5.9,11.6,9.2,1.56,6.6,0.8,65.9,61,0
6679,1.86,1.66,3.2,12.2,11.6,0.98,5.1,1.1,66.8,89,0
634,0.7,1.74,4.2,5.1,35.2,2,2.6,5.1,47.5,81,0.3
17102,6.9,1.55,1.2,7,34.2,1.12,7.3,6.6,43.4,61,0.3
10264,28.9,1.49,1.7,2.6,11.5,0.11,2.5,0.8,80.9,48,0
13875,2.31,1.62,24.2,3.4,35.8,0.23,5.5,8.2,22.7,51,0.2
1771,1.77,1.75,27.2,14.2,10.8,0.22,9.2,2,36.4,30,0.2
1754,3.72,1.58,19.9,15.4,10.9,0.12,5,2.09,46.7,86,0.1
53,11.29,1,8.76,5.42,15.82,3.19,28.72,22.17,9.08,0,10.03
13869,0.26,1.49,33.4,5.6,23.2,0.27,15,5.2,17.4,124,0.2
17099,12.7,1.61,1.6,26.5,19.7,0.23,5.8,2.1,44.3,20,0
9877,28.9,1.62,1,9.2,17.3,0.13,1.5,1.2,69.8,109,0
7009,34.2,1.43,1.9,4.3,23.1,2.67,5.1,13.7,47.5,0,4.4
18166,22.4,1.48,1.1,15,11.7,0.01,1.4,1.1,69.7,170,0
9552,26.3,1.55,0.5,13,1.8,0.06,0.9,0.1,83.7,127,0
13598,9.86,1.58,0.4,52,3.8,0.02,4.1,0.1,39.6,160,0
193,17.5,1.25,1.9,16.7,4.7,4.4,11.3,0.4,65,0,0
9956,1.42,1.58,4.3,3.18,43.9,2.36,6.3,7.6,34.8,190,0
5295,19.05,1.39,4.1,6,32.5,1.85,6.3,3.7,47.4,41,0
10758,0.00102,1.52,47.9,6.2,8,0.26,13.7,4,18,76,2.2
18070,28,1.49,3.2,30.3,10.2,0.52,5.8,1.7,48.8,23,0
12269,0.04,1.44,46.4,7.2,3.8,0.21,34,1.8,6.4,91,0.4
6609,9.63,1.48,2.6,26,2.8,0.82,6,0.2,62.4,13,0
16709,4.47,1.69,5.8,7.2,34.7,0.26,10.3,11.6,29.7,28,0.7
5316,69.7,1.3,1,1.2,44.8,1.35,1.5,11.6,39.5,0,0.4
15123,3.07,1.59,2.7,4.1,5.6,0.61,5.1,0.1,82.4,86,0
6331,0.04,1.65,13.9,13.6,8.5,0.19,4.1,0.8,59.1,99,0
3500,1.84,1.61,20.2,1.2,7.8,0.04,2.8,0.4,67.6,178,0
4913,0.02,1.2,59.8,9.4,0.6,0.3,16.9,0,13.3,218,0
3073,17.97,1.67,22.2,5,28.2,0.12,7.2,12.4,23,122,2
308,9.4,0.77,7,7.6,25.2,7.08,30.1,3.9,26.2,0,0
6501,19.05,1.2,4.8,4.2,4.9,2.43,5.7,0.1,80.3,71,0
3333,9.2,1.62,19.3,2.1,32.8,0.7,2,3.9,39.9,91,0
7446,19.7,1.46,0.9,16.6,30.5,1.56,0.8,1,50.1,0,0.1
9088,54.6,1.18,2.6,7.1,46.9,3.46,4.8,5,33.5,0,0.1
8338,1.31,0.9,1.2,6,22.8,3.14,4.5,4.8,60.6,0,0.1
6641,11.3,1.52,0.4,17,18.1,0.07,4,4.1,56,61,0.4
15579,36.8,1.37,4.4,5.1,17.5,0.64,4.8,1,67.2,53,0
1373,15.45,1.62,0.9,26.7,4.6,0.03,1.7,0.3,65.8,130,0
12270,0.02,1.43,47.4,7,3.8,0.21,33.2,1.8,6.4,147,0.4
8677,0.13,1.71,28.4,20.8,4.8,0.09,4.2,0.4,41.4,137,0
5996,29.93,1.59,2.4,7.6,44.2,0.44,7.5,3,35.3,91,0
13800,8.87,1.76,4.3,11.1,27.9,0.27,2.3,1.8,52.6,124,0
10400,6.95,1.26,2.4,2.2,55.4,4.28,9.6,11.7,18.6,0,0.1
8509,65.1,1.59,0.6,0.2,73.4,0.04,0.3,2.3,23.2,155,0
15590,0.01,1.8,24.7,20.3,2.3,0.08,3.8,0.1,48.8,145,0
9917,8.08,1.59,2.1,7.3,26,0.94,2.7,1.5,60.3,0,0.1
1814,0.28,1.8,9.6,13.2,12,0.08,16.4,7.2,40,183,1.6
17325,7.89,1.44,55,7.2,2.8,0.15,22.8,0.2,12,38,0
7152,19.3,1.65,1.8,14.3,27.5,0.21,7.5,9.5,38.5,18,0.9
4983,23.35,1.56,1.7,12.1,36.8,0.54,4.8,12.7,29.8,0,2.1
16955,4.73,1.65,16.2,11.3,23.4,0.15,6.6,2.5,40,66,0
3227,12.5,1.65,6,1.7,12.5,2.15,4.3,0.9,74.5,117,0.1
9077,22.3,1.33,0.6,25.6,2.4,0.63,2.3,0.3,68.8,18,0
17650,18.8,1.6,17.6,6.8,28.4,0.14,8.6,15,21.6,86,2
9325,72.3,0.96,0.8,6,2.1,0.99,4.5,0.1,86.5,0,0
16029,134,1.64,0.7,0.3,62.3,0.06,0.5,12.9,23,193,0.3
4683,28,1.43,2,6.8,7.4,0.67,0.6,5.9,75.8,0,1.5
6718,48,0.97,18.7,1.6,3.2,3.76,67.7,3.8,3.1,0,1.9
14532,23.7,1.57,1.2,29.3,9.2,0.04,1.7,0.7,57.9,155,0
10323,1.45,1.31,10.9,4.8,0.4,2.78,4.8,0,79.1,46,0
3392,96.05,1.41,0.8,0.4,61.4,1.67,3.2,4.3,29.6,0,0.3
1610,0.04,1.74,50.5,16.4,4.9,0.03,14.1,3.2,10.3,178,0.6
14606,3.01,1.52,3.9,4.9,35.5,2,9.2,23.6,20.6,0,2.3
4635,41.45,1.7,2.2,7.2,22.5,0.12,1,7.2,59.1,64,0.8
16630,21.7,1.44,4.8,9.5,18.2,0.31,7.6,2.2,57.6,15,0.1
11471,0.02,1.8,22.2,5.5,38.3,0.03,1.2,6.9,25.6,162,0.3
11499,0.01,1.72,17.9,10.7,23.8,0.05,6.7,2.4,38.5,183,0
715,7,1.67,21.6,13.8,18.3,0.04,10.6,5.5,29.3,66,0.9
5052,0.2,1.73,18.1,10.8,18.9,0.04,19.2,6.6,25.5,152,0.9
2591,2.26,1.7,30.4,9.3,17.8,0.13,7.2,4.3,30.8,86,0.2
9441,1.22,1.65,24,6.9,6.4,0.06,7.1,0.6,54.9,150,0.1
13267,9.2,1.71,4.7,9.4,31.2,0.06,4.3,13.6,34,147,2.8
4145,0.13,0.49,24.6,5.5,28.8,5.18,5.6,1.7,33.7,0,0.1
6873,7.23,1.47,3.6,2,1.1,0.68,0.9,0,92.4,208,0
11692,1.31,1.64,16.2,24.5,15.2,0.04,8.1,1.4,34.5,119,0.1
11236,0.13,1.61,26.3,0.7,16.3,0.06,1.3,1.4,54,102,0
5664,0.23,1.56,40.8,3.4,19.6,0.08,7.8,4.8,21.4,127,2.2
6176,38.8,1.41,4.7,6.8,35.2,1.28,8.8,18.7,22.4,0,3.4
919,9.5,1.58,1.4,24.2,4.8,0.34,2.5,0.2,66.9,20,0
7660,14.2,1.3,1.8,13.6,15.4,1.3,4.8,0.7,63.7,0,0
696,33.5,1.51,1,14.8,27.8,0.04,2,4,50.2,147,0.2
5742,1.09,1.74,19.1,20.4,2.2,0.08,7.9,0.2,50.2,71,0
14909,0.517,1.57,14.2,4.3,30.7,0.9,9.1,11.6,28.6,104,1.5
1493,20.35,1.39,3.6,12.9,14.1,1.64,3,4.8,61.1,0,0.5
3508,0.07,1.71,32.4,5.4,7.6,0.05,5,0.6,49,175,0
17782,5.92,1.74,4.2,3.5,41.2,0.27,12.8,10.7,27.3,104,0.3
12513,36.2,1.53,1.1,2.8,4.3,0.15,3,0.2,88.6,25,0
16453,0.14,1.84,18.7,8.9,18.9,0.05,6,4.2,43,168,0.3
4756,9.06,1.53,4.6,19.3,18.7,0.97,3.5,5,48.5,0,0.4
18433,133,1.55,1.3,0.9,53,0.09,2.2,16.4,24.8,51,1.4
6887,62.9,1.52,2,2.9,0.9,0.12,0.5,0,93.7,64,0
6798,4.11,1.62,4.2,16.9,7.3,0.21,2.8,0.8,68,23,0
9390,43.4,1.6,2.4,1.4,59.1,0.05,3.2,11.8,22,124,0.1
14811,36.8,1.25,1.1,6.4,18.8,0.83,1.2,1.4,71.1,0,0
15211,71.7,1.19,2.5,1.5,60.9,1.59,5.6,11.2,18.3,0,0
3639,20.75,1.03,8.2,33.9,0.4,8.28,7.5,0,30,0,0
14348,175,1.29,3.2,1.7,48.7,0.89,2.6,21.2,21.9,0,0.7
400,25.3,1.52,9.6,9,28.9,0.07,4.2,3.6,44.6,74,0.1
1774,1.64,1.58,45.5,10.2,8.8,0.13,8.1,1.8,25.6,155,0
16215,20.6,1.35,5.2,13.9,23.3,1.72,17.1,7.8,32.3,0,0.4
16156,4.82,1.69,7.9,5.4,33.6,1.02,11.7,14.9,25.7,0,0.8
8290,30.2,1.27,45.4,8,9,0.06,9.6,1.6,26,132,0.4
1052,13.4,1.52,1.3,8.3,22.5,0.99,8.4,3.5,54.2,0,1.8
1478,27.4,1.59,12.4,8.2,25.5,0.07,8.4,13.5,28.5,84,3.5
17187,9.2,1.46,1.8,24,6.2,0.54,12,1,55,15,0
5443,66.4,1.58,0.4,1.3,39.9,0.25,0.6,10.9,46.9,8,0
998,0.3,1.28,40,14.7,0.1,1.16,16.5,0,28.7,18,0
12399,4.6,1.61,17,14.8,8.2,0.1,2.4,0.4,57.2,173,0
2372,13.17,1.65,1.6,22.5,16.3,0.11,3.5,2.4,53.7,20,0
17533,2.96,1.78,2.6,11.3,22.4,0.3,9.7,8.4,45.2,99,0.4
15189,0.24,1.61,25.8,12.3,3.7,0.3,42.3,1.1,14.7,41,0.1
2865,37.5,1.32,0.6,3.3,4.5,1.1,1.3,0.3,90,0,0
748,14.4,1.7,2.3,3.7,46.2,0.06,0.8,5.1,41.8,38,0.1
3015,11.75,1.41,1.2,15.6,0.4,0.08,4.4,0,78.4,56,0
16751,55.2,1.39,1.8,0,57.9,0.05,1,6.1,33.1,175,0.1
1851,0.76,1.5,38.9,11.4,5.8,0.24,15.5,1,27.2,36,0.2
11787,0.1,1.78,26.6,5.3,32,0.05,7.1,5.5,23.4,157,0.1
11960,2.67,1.71,3,10.7,39.7,0.05,2.1,3.7,40.8,157,0
8968,5.7,1.62,7.2,19.2,8.8,0.29,12.2,2.3,50.1,18,0.2
1620,51.25,1.42,2.3,9.1,31.2,0.28,6.9,15.1,32.6,20,2.8
1242,1.5,1.5,39.3,7.4,6.8,0.24,3,0.7,42.8,86,0
6178,18.65,1.45,5,7.26,33.2,0.12,8.64,19.8,23.6,46,2.6
4939,34.15,1.58,0.1,2.4,41.5,0.31,1.4,3.6,51,15,0
770,3.3,1.72,22.2,9.5,20.3,0.13,4.6,1.8,41.6,104,0
10584,17.6,1.65,3.5,2.9,46.5,0.69,2.4,5.1,39.5,0,0.1
441,3.4,1.35,7.9,18,12.1,1.78,21,3.5,37.2,0,0.3
10981,65.7,1.19,1.7,1.5,44.5,0.46,2.4,3.9,45.9,0,0
3278,5.85,1.65,2.4,10.4,16.2,0.06,1.6,0.5,68.9,76,0
5429,19.7,1.67,7.4,10.4,28,0.07,5.6,13.8,33.2,114,1.6
15547,11.6,1.59,0.5,15.5,9.7,0.15,2.5,2.9,68.7,23,0.2
12036,17.7,1.45,0.9,1,33.4,0.43,3.1,1.7,59.9,20,0
6282,5.85,1.65,1.4,20.5,21.1,0.12,3.3,2.1,51.5,53,0.1
8051,3.76,1.64,17.1,19,14.2,1.13,16.1,4.3,28.8,0,0.5
17805,5.7,1.57,10.3,8.2,13,0.11,3.7,0.6,64.2,99,0
5141,8.55,1.36,9.2,8.5,24.5,2.34,22.3,14.1,20.6,0,0.8
7259,0.11,1.7,16.2,7.8,12.8,0.26,3.8,1.2,58.2,48,0
3644,2.95,1.63,1.6,31.6,2.5,0.1,3.3,0.1,60.9,91,0
4394,0.43,1.66,9.9,35.3,1,0.58,26,0.1,27.7,15,0
353,0.8,1.83,18.8,12.1,14.9,0.04,3,9.3,40.1,152,1.8
2029,21.05,1.4,1.7,17.3,11.1,0.76,3,1.9,64.9,15,0.1
12815,2.08,1.2,21.9,10.9,18.5,3.07,7,2.6,38.8,5,0.3
18016,0.05,1.72,19.5,6.8,14,0.43,4.8,2.2,52.6,69,0.1
10112,6.31,1.58,0.3,44.7,11.3,0.4,11,2.4,30.2,23,0.1
4451,1.37,1.74,17.5,13.3,18.6,0.16,10.9,8.3,30.5,94,0.9
11399,25.6,1.49,1.1,5.6,41,0.28,4.1,3.9,44.3,51,0
8032,0.11,1.16,93.4,0.4,0.4,0.23,4.8,0.2,0.8,43,0
1194,85.5,1.58,1.2,1.5,59.5,0.12,0.9,10.2,26.7,15,0
11504,0.0898,1.61,22.4,9.8,21.1,0.09,4.6,2.1,39.9,137,0.1
4882,78.2,0.86,6.7,7.1,2.2,7.27,10.9,0.2,72.9,0,0
1982,38.15,1.54,1.6,8.9,14.8,0.22,4.2,2.9,67.5,79,0.1
9447,0.61,1.67,26.2,21.7,5.8,0.05,26.1,1.2,18.9,147,0.1
7052,2.91,1.34,13.8,35.4,0.9,4.95,23,0.2,26.5,0,0.2
901,3.1,1.35,4.6,14.2,22.3,2.31,6.8,3.1,48.9,43,0.1
4891,0.04,1.57,24,17.3,5.6,0.27,8,0.5,44.5,64,0.1
14243,18.4,1.51,0.8,21,13.1,1.12,4.3,2.5,58.1,15,0.2
16086,0.3,1.74,12.1,13.9,20.6,0.19,5.8,1.4,46.2,109,0
12432,21.7,1.29,7.4,4.8,22.7,1.06,5.6,1.7,57.7,33,0.1
12080,38.1,1.5,2.3,1,42.4,0.77,4.8,28,16,0,5.5
9770,0.33,1.57,34.8,5.8,8.4,0.13,3.6,0.6,46.8,183,0
751,39.1,1.19,1.5,10.2,6.4,1.46,2,1.4,78.4,0,0.1
16565,61.8,1.34,2,8.3,2.5,1.4,6.3,0.2,80.7,8,0
6216,1.27,1.67,18.6,12.6,22.2,0.06,10,10.4,25,152,1.2
15823,1.05,1.64,23,36.2,8.8,0.13,8.4,1.8,21.8,91,0
4056,32.85,1.46,0.3,1,10.6,0.29,1.9,1.1,85.1,20,0
16305,0.01,1.49,30.1,9,14.8,0.82,11.7,1.1,33.2,18,0.1
660,1,1.57,19.2,25.7,7.4,0.2,25.7,2.2,19.3,33,0.5
12578,46,1.22,0.5,3.3,16.4,1.83,2,0.8,77,0,0
3268,0.82,1.63,4.3,5.8,12.9,0.06,0.7,6.2,69.6,132,0.5
2113,61.15,1.47,1.2,3.7,12.1,0.11,0.3,0.4,82.3,94,0
15219,5.26,1.22,6.5,17.9,5.6,2.34,42.5,1.5,25.9,0,0.1
6505,6.36,1.73,3.1,3.5,4.4,1.12,11.4,0.1,77.5,152,0
5905,6.53,1.48,2.9,0.5,38.7,0.13,0.5,2.6,54.8,175,0
3695,40.1,1.5,4.2,11.8,28.1,0.14,5.7,3.5,46.6,89,0.1
2567,3.94,1.77,1.8,22.9,17.2,0.1,5.7,5.3,46.9,104,0.2
878,77.9,1.36,0.9,6.3,50.9,0.61,3,7.2,31.6,10,0.1
5954,38.8,1.67,1.4,0.6,36,0.06,1.8,31,11.6,96,17.6
881,3.4,1.29,24.7,4.9,35.6,1.16,2.7,4.3,27.8,38,0
4877,78.7,0.64,8.8,7,1.1,8.26,20.8,0.1,62.2,0,0
5999,1.69,1.82,1.4,5,46.1,1.37,7.9,3.7,35.9,175,0
753,3.3,1.54,3.1,11.3,5.9,0.38,2,1.9,75.7,28,0.1
6457,0.02,1.15,63.6,10.6,1.2,0.2,13.2,0.2,11.2,147,0
16032,3.94,1.49,25.1,5.9,24,2.69,7.7,2,34.9,58,0.4
18704,10.1,1.54,3.2,26.7,13.1,0.36,3.1,1.5,52.4,15,0
