"X","elevation","aspect","slope","horizontal_distance_to_hydrology","Vertical_Distance_To_Hydrology","Horizontal_Distance_To_Roadways","Hillshade_9am","Hillshade_Noon","Hillshade_3pm","Horizontal_Distance_To_Fire_Points","class","index"
115,3077,343,13,361,151,2059,192,219,165,1677,"Lodgepole_Pine",115
129,3125,107,5,95,-1,4424,229,234,139,1744,"Spruce_Fir",129
183,3070,168,10,331,36,6603,228,244,147,3287,"Lodgepole_Pine",183
207,2921,4,16,484,102,1500,197,207,145,2803,"Lodgepole_Pine",207
209,2824,63,7,108,10,1129,226,226,134,2629,"Lodgepole_Pine",209
216,2942,0,4,153,6,4334,213,232,156,5131,"Lodgepole_Pine",216
223,3025,190,10,67,7,1398,220,248,161,648,"Lodgepole_Pine",223
449,2982,186,9,576,69,5676,222,247,159,3550,"Spruce_Fir",449
592,3168,70,20,371,92,2995,237,196,80,908,"Spruce_Fir",592
625,2775,61,7,190,19,1986,226,225,133,1681,"Lodgepole_Pine",625
768,3350,225,12,42,0,2664,203,251,184,671,"Krummholz",768
808,3008,85,15,134,33,3246,240,213,99,6145,"Lodgepole_Pine",808
1121,3093,29,9,255,2,2780,217,221,139,2947,"Lodgepole_Pine",1121
1424,3183,34,21,417,53,4875,212,189,104,3114,"Spruce_Fir",1424
1466,2569,350,11,150,41,816,200,221,160,1276,"Aspen",1466
1474,2448,146,9,301,13,878,232,239,139,1190,"Ponderosa_Pine",1474
1528,3251,196,22,285,93,1655,209,252,167,4174,"Spruce_Fir",1528
1544,2989,107,16,335,91,2419,245,220,99,1846,"Lodgepole_Pine",1544
1829,3071,297,25,277,43,3457,144,223,216,1326,"Spruce_Fir",1829
2093,3015,20,25,400,97,2101,194,178,111,1811,"Lodgepole_Pine",2093
2149,2864,7,14,247,54,2669,202,212,145,1747,"Lodgepole_Pine",2149
2256,2693,123,33,67,26,1323,253,194,39,845,"Lodgepole_Pine",2256
2477,3318,323,5,853,55,870,208,235,166,1019,"Spruce_Fir",2477
2697,3315,297,6,150,17,1465,202,238,175,1641,"Spruce_Fir",2697
2804,3074,31,10,1262,276,3078,218,219,136,1142,"Lodgepole_Pine",2804
3000,2996,65,18,408,19,1047,234,201,92,2197,"Lodgepole_Pine",3000
3101,2845,357,9,108,12,2471,205,223,155,664,"Lodgepole_Pine",3101
3151,3024,59,4,335,-10,2605,223,231,143,1477,"Lodgepole_Pine",3151
3188,2214,319,32,268,125,450,122,193,201,474,"Ponderosa_Pine",3188
3222,2984,113,5,60,3,1590,230,234,138,1485,"Lodgepole_Pine",3222
3476,2485,306,22,270,107,631,155,222,205,390,"Douglas_fir",3476
3617,3011,80,8,256,12,5049,231,225,127,3074,"Lodgepole_Pine",3617
3630,2593,186,25,0,0,576,215,248,153,875,"Lodgepole_Pine",3630
3685,2633,105,13,190,21,808,241,224,110,990,"Lodgepole_Pine",3685
3980,3106,78,20,60,17,960,241,199,79,1026,"Spruce_Fir",3980
4080,3382,263,39,124,61,3357,99,225,247,1672,"Spruce_Fir",4080
4313,2879,106,8,42,2,626,233,231,130,1866,"Lodgepole_Pine",4313
4531,2723,340,21,127,21,2876,171,204,169,1090,"Lodgepole_Pine",4531
4545,2960,25,19,108,6,1575,207,196,119,1460,"Lodgepole_Pine",4545
4667,3045,122,9,488,-17,192,235,233,129,1383,"Lodgepole_Pine",4667
4759,2892,87,10,60,9,5038,235,224,119,1298,"Lodgepole_Pine",4759
4794,3240,134,19,564,124,2550,246,228,101,2689,"Spruce_Fir",4794
4837,2987,232,3,366,100,626,215,242,164,1654,"Lodgepole_Pine",4837
4857,2669,335,18,42,14,1973,176,213,175,5040,"Lodgepole_Pine",4857
4910,2833,71,29,95,52,2214,237,169,42,1892,"Lodgepole_Pine",4910
4969,2853,33,25,95,49,108,206,175,93,480,"Aspen",4969
5019,2420,186,23,60,15,1140,216,249,154,1082,"Ponderosa_Pine",5019
5083,3019,112,23,192,4,882,252,209,71,1360,"Lodgepole_Pine",5083
5316,3133,343,15,153,28,2058,188,215,165,794,"Spruce_Fir",5316
5541,3198,279,14,518,81,618,182,241,198,1972,"Spruce_Fir",5541
5699,3242,144,8,30,-4,2979,232,239,139,633,"Spruce_Fir",5699
5921,2891,113,23,150,36,1575,252,210,74,1392,"Lodgepole_Pine",5921
5942,2671,108,5,0,0,2248,228,234,141,2002,"Lodgepole_Pine",5942
6002,3076,144,15,170,-24,730,240,236,122,1637,"Spruce_Fir",6002
6047,3051,350,19,810,182,2548,182,205,159,1890,"Lodgepole_Pine",6047
6091,3093,233,10,67,3,6144,204,249,182,2470,"Spruce_Fir",6091
6201,3149,286,28,120,64,882,131,226,228,2416,"Spruce_Fir",6201
6205,2031,58,33,323,182,306,223,151,35,841,"Douglas_fir",6205
6494,3101,42,15,571,26,1298,221,206,116,2758,"Lodgepole_Pine",6494
6501,2923,180,8,360,47,3454,223,245,155,3684,"Lodgepole_Pine",6501
6560,2524,165,5,560,46,830,225,242,151,3786,"Lodgepole_Pine",6560
6585,3324,300,14,531,90,4569,179,233,194,1159,"Spruce_Fir",6585
6590,3280,357,18,495,28,4474,190,206,151,875,"Spruce_Fir",6590
6756,2979,54,10,242,34,4095,226,218,124,1926,"Lodgepole_Pine",6756
6812,2231,80,12,0,0,845,236,218,111,1113,"Cottonwood_Willow",6812
6836,3090,340,16,309,88,532,184,214,169,1890,"Spruce_Fir",6836
7084,2895,126,17,395,97,2958,246,226,102,300,"Lodgepole_Pine",7084
7218,3069,304,17,454,72,2583,172,229,197,1132,"Spruce_Fir",7218
7728,3233,264,6,180,23,437,204,243,178,983,"Spruce_Fir",7728
7759,3233,27,10,180,7,3127,216,219,138,2270,"Spruce_Fir",7759
8239,2901,218,8,408,69,750,211,248,173,1559,"Aspen",8239
8316,3004,318,14,134,0,2427,182,226,184,1492,"Spruce_Fir",8316
8374,3266,30,13,218,54,1343,216,212,130,2343,"Spruce_Fir",8374
8551,3056,163,10,180,1,1018,230,243,145,3046,"Spruce_Fir",8551
8681,2838,28,9,60,-4,1783,217,220,138,1895,"Lodgepole_Pine",8681
8698,3076,262,17,240,19,1507,175,246,209,1573,"Spruce_Fir",8698
8848,2529,203,8,0,0,1073,216,247,166,1956,"Douglas_fir",8848
8877,3003,343,16,560,108,1087,186,214,166,1865,"Lodgepole_Pine",8877
9381,2938,59,38,212,121,1323,219,136,17,1015,"Ponderosa_Pine",9381
9429,3207,68,10,306,-11,467,231,220,121,2313,"Spruce_Fir",9429
9532,2279,350,30,120,49,162,151,174,151,760,"Lodgepole_Pine",9532
9761,2856,250,23,379,136,2355,164,249,218,424,"Spruce_Fir",9761
9786,3205,15,13,691,112,2947,208,213,141,3576,"Spruce_Fir",9786
9957,3184,107,11,153,35,972,238,227,119,2131,"Lodgepole_Pine",9957
10008,2778,98,10,95,14,2863,237,225,118,240,"Lodgepole_Pine",10008
10058,3164,45,11,0,0,3131,223,215,125,3203,"Lodgepole_Pine",10058
10499,2776,112,5,360,20,2117,229,234,139,1554,"Lodgepole_Pine",10499
10521,3207,6,12,90,26,1694,205,216,148,1830,"Spruce_Fir",10521
10554,2618,89,11,60,10,242,237,222,115,446,"Lodgepole_Pine",10554
10593,2677,217,24,270,-18,2330,188,254,193,1891,"Lodgepole_Pine",10593
10735,3423,211,13,966,249,1062,209,252,176,696,"Spruce_Fir",10735
10856,3061,298,16,450,132,5923,173,232,199,1513,"Lodgepole_Pine",10856
10907,3074,22,5,0,0,787,217,229,149,1693,"Spruce_Fir",10907
10908,2385,358,24,30,14,1396,175,187,143,418,"Ponderosa_Pine",10908
10925,2874,332,10,30,1,1710,196,227,171,2249,"Spruce_Fir",10925
11114,2932,52,3,297,52,3747,221,233,149,5299,"Lodgepole_Pine",11114
11184,3236,182,7,309,61,1836,222,245,157,1406,"Spruce_Fir",11184
11220,3165,42,13,1172,296,2925,222,212,123,2042,"Lodgepole_Pine",11220
11354,2613,336,26,85,44,1323,154,196,175,6590,"Lodgepole_Pine",11354
11412,2238,355,17,42,5,1485,189,207,154,361,"Douglas_fir",11412
11494,2614,134,20,42,12,1557,247,226,98,5130,"Lodgepole_Pine",11494
11604,3235,133,12,484,22,5489,239,234,122,1410,"Spruce_Fir",11604
11638,3133,314,13,108,6,3649,185,230,185,1201,"Spruce_Fir",11638
11789,3108,55,25,660,48,1433,226,178,71,2184,"Spruce_Fir",11789
11845,3018,138,11,258,44,424,237,236,128,1115,"Spruce_Fir",11845
11885,3189,73,5,216,11,5437,226,230,139,2850,"Lodgepole_Pine",11885
11891,3277,288,10,636,43,603,192,239,188,741,"Spruce_Fir",11891
11981,3398,61,12,247,49,2852,230,215,117,1468,"Krummholz",11981
12302,2725,351,12,0,0,2643,199,220,159,5359,"Lodgepole_Pine",12302
12469,2932,32,15,120,16,5015,216,205,122,3226,"Spruce_Fir",12469
12576,3094,124,5,400,28,2470,229,236,141,2564,"Spruce_Fir",12576
12603,3038,15,7,384,67,4540,214,226,149,720,"Spruce_Fir",12603
12619,2981,329,1,0,0,3844,215,237,159,874,"Spruce_Fir",12619
12701,2885,42,24,258,66,1574,216,180,88,2612,"Lodgepole_Pine",12701
12719,2990,187,20,247,69,1465,218,250,156,966,"Lodgepole_Pine",12719
12787,3004,92,6,313,52,4311,230,231,135,2008,"Lodgepole_Pine",12787
12841,3328,306,19,849,51,977,165,226,200,942,"Spruce_Fir",12841
12940,2341,115,22,42,15,1063,252,212,76,1348,"Douglas_fir",12940
13212,3077,229,18,108,32,531,191,254,196,677,"Lodgepole_Pine",13212
13218,3112,150,28,300,175,3587,242,226,93,979,"Lodgepole_Pine",13218
13327,3212,283,3,484,41,5922,211,239,167,2068,"Lodgepole_Pine",13327
13415,3274,80,5,60,3,4041,227,230,137,967,"Cottonwood_Willow",13415
13484,2942,125,12,342,76,3542,240,232,120,2641,"Lodgepole_Pine",13484
13503,2795,90,5,134,27,2997,227,232,139,5839,"Lodgepole_Pine",13503
13556,2939,317,9,390,24,3759,197,233,175,5758,"Lodgepole_Pine",13556
13618,2640,74,7,228,12,1249,229,227,132,5484,"Lodgepole_Pine",13618
13767,2812,112,5,234,24,1165,229,234,139,1296,"Ponderosa_Pine",13767
13955,3257,15,14,626,29,3029,207,211,139,849,"Spruce_Fir",13955
14026,3605,77,23,997,320,2436,242,190,66,1341,"Spruce_Fir",14026
14118,3168,352,13,700,127,4427,198,218,158,2052,"Spruce_Fir",14118
14169,2962,325,13,30,7,2340,188,226,177,2214,"Spruce_Fir",14169
14351,3211,125,25,324,57,3744,252,213,72,450,"Aspen",14351
14366,2991,8,7,210,2,1595,212,226,152,1736,"Spruce_Fir",14366
14456,2805,90,26,162,20,2613,248,188,51,966,"Lodgepole_Pine",14456
14597,2859,135,13,365,78,771,240,234,120,2832,"Lodgepole_Pine",14597
14668,2933,145,18,192,30,3310,242,234,115,1323,"Lodgepole_Pine",14668
14694,2881,197,15,85,12,4265,215,252,167,3750,"Spruce_Fir",14694
14699,2590,158,31,277,-9,437,235,227,96,1110,"Ponderosa_Pine",14699
14742,3379,207,7,60,-4,2859,215,247,167,510,"Krummholz",14742
14750,2674,35,15,134,19,1348,217,206,121,1768,"Lodgepole_Pine",14750
14773,3189,57,19,90,-8,1521,229,197,93,2737,"Spruce_Fir",14773
14923,3086,101,14,30,-10,3013,242,221,106,979,"Lodgepole_Pine",14923
15223,2523,80,16,301,80,914,240,210,95,1006,"Lodgepole_Pine",15223
15249,3291,104,9,376,104,5395,236,229,124,1176,"Lodgepole_Pine",15249
15446,3213,97,8,384,10,1608,233,229,129,1421,"Spruce_Fir",15446
15455,3104,90,10,390,26,1788,236,224,118,1539,"Spruce_Fir",15455
15587,2417,316,15,150,39,711,180,226,186,560,"Douglas_fir",15587
15596,3279,209,10,212,0,1846,213,249,171,3962,"Spruce_Fir",15596
15853,2947,24,9,120,20,4668,215,220,141,4066,"Spruce_Fir",15853
15966,2996,149,19,210,-8,2546,241,235,115,1584,"Ponderosa_Pine",15966
16127,2726,92,8,480,95,1536,233,228,128,1771,"Lodgepole_Pine",16127
16185,2968,90,6,150,27,4573,230,230,134,1142,"Lodgepole_Pine",16185
16203,2628,305,11,30,11,2114,188,234,186,2314,"Douglas_fir",16203
16248,3246,358,16,324,80,713,192,208,151,1939,"Spruce_Fir",16248
16274,3276,211,19,60,16,2143,201,254,183,3782,"Spruce_Fir",16274
16384,2868,157,2,0,0,886,221,239,154,853,"Lodgepole_Pine",16384
16533,2949,155,5,30,1,2123,226,240,149,3159,"Spruce_Fir",16533
16537,2980,24,16,60,20,968,209,203,127,2312,"Spruce_Fir",16537
16551,3017,356,23,270,158,816,176,192,149,3262,"Lodgepole_Pine",16551
16556,2969,128,6,371,14,5012,230,236,140,2240,"Spruce_Fir",16556
16691,3142,343,18,330,82,1388,181,211,166,2349,"Lodgepole_Pine",16691
16716,3155,100,8,702,-16,4082,234,229,127,3889,"Spruce_Fir",16716
16845,2911,13,6,108,23,1816,214,227,150,1401,"Lodgepole_Pine",16845
17027,2762,58,4,0,0,1708,223,230,143,1500,"Spruce_Fir",17027
17203,3006,325,10,242,40,4110,196,230,173,1320,"Spruce_Fir",17203
17407,3015,73,19,124,48,725,239,199,83,600,"Spruce_Fir",17407
17434,2757,104,12,150,9,2065,240,225,114,990,"Lodgepole_Pine",17434
17606,3021,78,30,301,44,470,242,171,36,1302,"Lodgepole_Pine",17606
17613,3110,138,16,255,95,552,243,233,113,1087,"Lodgepole_Pine",17613
17772,2669,105,5,42,2,95,229,233,138,1104,"Lodgepole_Pine",17772
17825,3224,32,10,268,29,1486,218,218,134,1087,"Spruce_Fir",17825
17865,3266,175,12,295,60,1657,226,246,151,1797,"Spruce_Fir",17865
17871,3202,28,4,417,23,5693,218,232,150,2750,"Lodgepole_Pine",17871
18028,2720,39,12,247,12,1020,220,212,125,2201,"Lodgepole_Pine",18028
18073,2787,4,18,212,-19,1260,194,202,143,2049,"Douglas_fir",18073
18098,2718,162,5,95,7,1120,225,241,150,2086,"Spruce_Fir",18098
18105,3156,82,10,218,39,720,235,222,118,1962,"Spruce_Fir",18105
18117,2584,101,21,120,71,1256,249,207,77,426,"Ponderosa_Pine",18117
18307,2899,17,12,324,62,2554,210,214,140,2372,"Lodgepole_Pine",18307
18459,2581,166,8,228,41,968,227,243,149,497,"Lodgepole_Pine",18459
18542,3099,239,21,306,48,3010,177,252,208,481,"Lodgepole_Pine",18542
18763,3160,356,9,295,40,4592,205,224,156,2456,"Lodgepole_Pine",18763
18863,3153,283,11,90,18,836,191,241,190,1465,"Spruce_Fir",18863
18888,2953,61,2,319,46,3534,221,234,149,2580,"Lodgepole_Pine",18888
19102,2923,210,16,330,85,859,205,253,179,2227,"Aspen",19102
19134,3144,276,10,30,4,1345,194,242,187,1256,"Spruce_Fir",19134
19137,3179,97,9,30,-3,1754,236,227,122,1604,"Spruce_Fir",19137
19523,2614,88,26,212,62,2069,248,187,53,700,"Douglas_fir",19523
19618,2782,340,9,120,15,3249,201,227,165,2963,"Lodgepole_Pine",19618
19728,2692,56,25,150,52,1245,227,179,71,960,"Lodgepole_Pine",19728
19750,2294,330,31,268,149,1188,133,186,184,660,"Ponderosa_Pine",19750
19806,3050,216,6,812,51,5791,214,246,168,3637,"Spruce_Fir",19806
19925,2627,58,22,175,32,1149,230,188,80,2060,"Lodgepole_Pine",19925
20053,2937,9,8,175,17,1337,211,224,150,457,"Spruce_Fir",20053
20118,2651,27,20,124,41,745,207,193,115,1846,"Lodgepole_Pine",20118
20231,3227,172,19,360,82,524,229,245,140,2656,"Spruce_Fir",20231
20260,3108,171,9,67,-3,899,227,244,150,1708,"Spruce_Fir",20260
20269,3026,117,8,0,0,659,234,233,131,495,"Lodgepole_Pine",20269
20442,2922,107,13,150,1,1875,241,224,110,285,"Spruce_Fir",20442
20495,2196,279,39,234,75,600,90,213,246,457,"Ponderosa_Pine",20495
20620,2902,24,12,360,21,1884,213,214,135,2928,"Lodgepole_Pine",20620
20903,2773,224,13,216,60,361,203,252,184,2166,"Lodgepole_Pine",20903
21158,2804,159,3,134,8,2400,223,240,152,1663,"Lodgepole_Pine",21158
21352,2543,336,40,350,157,671,103,153,170,1224,"Lodgepole_Pine",21352
21393,3106,35,11,212,33,3591,219,215,131,2753,"Spruce_Fir",21393
21495,2718,72,12,268,-9,1471,233,217,115,4050,"Lodgepole_Pine",21495
21596,3011,53,16,485,95,4579,227,205,107,3881,"Spruce_Fir",21596
21803,2921,356,7,67,1,1273,209,227,157,3131,"Spruce_Fir",21803
21980,3256,337,13,658,42,1921,190,221,170,591,"Spruce_Fir",21980
22061,2838,121,11,421,72,2029,238,231,122,811,"Ponderosa_Pine",22061
22132,2838,286,10,674,106,85,193,240,186,1652,"Lodgepole_Pine",22132
22213,3245,25,7,255,38,1159,217,225,145,2523,"Lodgepole_Pine",22213
22233,2688,324,6,511,94,983,204,233,168,1282,"Lodgepole_Pine",22233
22281,3031,4,11,277,45,2358,206,220,151,2059,"Lodgepole_Pine",22281
22452,2898,80,14,256,34,3000,238,213,102,2563,"Lodgepole_Pine",22452
22666,3124,353,8,342,29,1036,207,227,158,2602,"Lodgepole_Pine",22666
22842,3031,17,15,443,-1,552,207,208,136,592,"Lodgepole_Pine",22842
23214,3270,88,14,180,0,3415,240,216,103,1242,"Spruce_Fir",23214
23343,3223,245,4,234,2,5954,212,243,169,1657,"Spruce_Fir",23343
23555,2669,55,15,424,5,690,228,207,109,942,"Krummholz",23555
23607,2939,99,5,108,2,1742,228,233,140,124,"Lodgepole_Pine",23607
23616,3384,279,11,391,62,3953,191,242,191,2015,"Krummholz",23616
23656,3197,133,18,150,46,1440,246,228,103,2534,"Lodgepole_Pine",23656
24000,3082,140,15,153,-18,912,241,235,120,1549,"Spruce_Fir",24000
24183,3161,207,16,1136,152,3114,208,253,176,2139,"Lodgepole_Pine",24183
24529,2735,92,5,0,0,1632,229,231,137,2522,"Lodgepole_Pine",24529
24586,2722,137,20,182,89,1651,246,228,102,2536,"Lodgepole_Pine",24586
24705,3202,172,7,631,118,437,225,244,152,2195,"Lodgepole_Pine",24705
24810,3060,10,4,351,72,5785,215,231,153,4616,"Lodgepole_Pine",24810
24986,3111,257,10,85,6,3676,196,246,189,1001,"Spruce_Fir",24986
25011,3240,272,14,95,23,3601,182,244,200,1732,"Spruce_Fir",25011
25097,2064,272,25,85,26,684,145,238,227,636,"Ponderosa_Pine",25097
25114,3003,309,20,553,26,4991,163,223,199,382,"Lodgepole_Pine",25114
25187,2830,24,8,0,0,2823,216,224,144,2848,"Lodgepole_Pine",25187
25259,2711,58,12,180,45,210,228,215,117,2197,"Aspen",25259
25262,3253,238,17,162,24,3237,186,252,201,1326,"Spruce_Fir",25262
25427,2551,202,15,270,44,872,212,252,172,1146,"Lodgepole_Pine",25427
25605,2411,83,18,150,65,470,242,206,87,912,"Ponderosa_Pine",25605
25737,3212,145,11,805,73,3208,236,238,131,2732,"Lodgepole_Pine",25737
25808,3255,340,13,180,32,4436,192,220,167,2101,"Spruce_Fir",25808
25814,3115,62,13,170,8,2806,230,214,114,1982,"Spruce_Fir",25814
25902,3042,112,22,42,15,4813,251,212,77,2938,"Lodgepole_Pine",25902
26325,2847,272,23,95,43,2040,153,239,222,1308,"Lodgepole_Pine",26325
26416,2911,98,24,210,-33,437,251,198,61,2631,"Lodgepole_Pine",26416
26514,2787,130,25,150,70,3309,251,217,78,1674,"Lodgepole_Pine",26514
26604,2698,172,20,201,37,3436,229,245,138,1905,"Lodgepole_Pine",26604
26658,3145,357,13,876,349,1357,198,215,154,1065,"Spruce_Fir",26658
26717,3256,331,17,417,38,3887,178,217,178,1552,"Spruce_Fir",26717
26812,2920,359,12,649,154,2353,201,217,153,674,"Lodgepole_Pine",26812
26852,2804,96,7,108,6,691,232,229,129,570,"Lodgepole_Pine",26852
26896,3160,152,20,120,8,1216,240,236,117,2446,"Spruce_Fir",26896
26898,2932,28,22,376,144,4283,206,188,110,853,"Lodgepole_Pine",26898
27100,2411,111,17,30,-3,696,247,220,96,1110,"Ponderosa_Pine",27100
27330,3156,335,12,319,60,3994,193,224,170,1034,"Lodgepole_Pine",27330
27334,3083,90,7,300,36,2906,231,229,130,6129,"Spruce_Fir",27334
27383,3283,186,7,977,128,2318,221,245,158,2072,"Spruce_Fir",27383
27541,2858,134,14,30,6,3346,241,233,118,2635,"Lodgepole_Pine",27541
27559,2790,145,15,175,23,1019,239,237,123,830,"Ponderosa_Pine",27559
27661,3134,127,12,85,17,612,240,232,121,1794,"Lodgepole_Pine",27661
27717,2432,49,19,42,15,295,224,195,97,268,"Lodgepole_Pine",27717
27874,3066,271,10,180,26,765,195,243,188,1865,"Spruce_Fir",27874
27929,2870,92,11,390,173,900,238,222,114,981,"Lodgepole_Pine",27929
27939,3246,78,10,60,-2,1533,234,221,118,2766,"Spruce_Fir",27939
28014,3073,225,14,361,39,5940,200,253,187,2120,"Lodgepole_Pine",28014
28210,2894,23,25,150,46,2259,197,179,108,1911,"Spruce_Fir",28210
28216,3239,264,11,828,181,1667,193,245,191,690,"Spruce_Fir",28216
28255,2358,313,12,42,5,1235,189,231,182,631,"Douglas_fir",28255
28344,3106,36,13,60,10,902,219,210,124,953,"Spruce_Fir",28344
28369,3227,61,11,95,18,5299,229,217,120,485,"Spruce_Fir",28369
28416,3237,300,5,277,65,2659,205,238,172,1054,"Spruce_Fir",28416
28699,3180,144,18,212,42,2096,243,233,112,2779,"Krummholz",28699
28830,2230,40,29,255,79,547,207,162,72,1660,"Ponderosa_Pine",28830
28891,3068,31,11,443,54,4937,217,217,134,1645,"Spruce_Fir",28891
28939,2847,94,10,525,75,3494,236,225,119,6137,"Lodgepole_Pine",28939
28971,3039,41,13,1099,241,3180,221,211,123,1064,"Lodgepole_Pine",28971
29159,3305,95,37,190,59,2263,249,162,0,658,"Krummholz",29159
29533,2594,48,6,240,78,1660,223,226,139,1947,"Lodgepole_Pine",29533
29657,3008,239,18,180,46,3283,185,252,202,1265,"Lodgepole_Pine",29657
29678,3041,127,12,488,-16,1055,240,232,121,1422,"Lodgepole_Pine",29678
29733,3092,0,7,30,2,2121,210,227,155,1872,"Spruce_Fir",29733
30120,3018,197,6,711,93,2123,218,246,163,2588,"Krummholz",30120
30135,3283,243,8,85,-2,1416,203,247,182,1324,"Aspen",30135
30199,3040,82,11,481,101,228,235,220,115,1836,"Lodgepole_Pine",30199
30262,2714,222,6,85,-12,1753,213,246,170,4099,"Lodgepole_Pine",30262
30530,3137,77,9,240,4,5378,232,224,125,1895,"Spruce_Fir",30530
30544,3255,196,20,295,34,1972,211,252,167,3436,"Spruce_Fir",30544
30590,2795,276,13,120,33,1915,185,242,197,1099,"Lodgepole_Pine",30590
30616,2974,339,23,446,153,467,164,200,171,1371,"Lodgepole_Pine",30616
31089,2943,93,18,297,71,4460,245,211,89,3466,"Lodgepole_Pine",31089
31134,3067,338,10,361,24,450,198,226,167,576,"Lodgepole_Pine",31134
31179,2037,7,22,150,42,210,188,191,134,210,"Ponderosa_Pine",31179
31290,3078,167,4,467,-48,2291,223,241,153,1604,"Lodgepole_Pine",31290
31453,3027,348,25,42,6,1655,166,192,158,1538,"Cottonwood_Willow",31453
31648,2851,9,13,0,0,2725,205,213,144,2447,"Spruce_Fir",31648
31656,3179,93,28,190,66,938,250,186,46,1805,"Spruce_Fir",31656
31722,2571,148,6,285,45,604,228,240,145,825,"Ponderosa_Pine",31722
31857,2806,127,23,120,55,2101,251,217,81,830,"Aspen",31857
32003,3114,252,5,0,0,1172,210,243,171,1615,"Spruce_Fir",32003
32123,3040,91,26,295,104,1847,249,190,53,2892,"Spruce_Fir",32123
32209,2957,197,6,272,30,1892,218,246,163,1956,"Lodgepole_Pine",32209
32229,3347,161,9,162,31,3786,230,242,144,1947,"Krummholz",32229
32433,2705,113,12,30,-5,1307,240,228,116,2120,"Lodgepole_Pine",32433
32462,2919,23,12,60,-2,4470,213,215,137,1798,"Lodgepole_Pine",32462
32695,2898,101,27,560,108,541,252,192,49,664,"Spruce_Fir",32695
32720,2965,152,10,60,-2,4149,233,240,138,5332,"Lodgepole_Pine",32720
32822,3054,74,15,492,187,6370,237,210,101,3840,"Lodgepole_Pine",32822
32874,2744,19,14,162,27,201,208,209,135,825,"Spruce_Fir",32874
32899,2804,190,7,124,16,1154,220,245,160,1184,"Ponderosa_Pine",32899
33050,3026,216,8,330,80,3226,212,248,172,1115,"Lodgepole_Pine",33050
33063,2818,306,24,124,46,1387,147,218,208,2345,"Lodgepole_Pine",33063
33159,3120,271,26,543,199,2993,142,237,229,2501,"Lodgepole_Pine",33159
33269,2969,126,2,30,0,2403,223,237,151,1711,"Lodgepole_Pine",33269
33545,2962,297,27,277,115,5662,135,219,219,4823,"Lodgepole_Pine",33545
33554,3001,297,3,120,26,3032,210,238,166,6232,"Lodgepole_Pine",33554
33572,3089,154,22,930,71,3077,240,235,114,2448,"Lodgepole_Pine",33572
33782,3143,43,12,42,0,3039,222,214,125,3119,"Lodgepole_Pine",33782
34251,2402,33,10,30,2,930,218,218,135,1315,"Douglas_fir",34251
34280,3272,21,21,350,62,824,202,192,120,1745,"Spruce_Fir",34280
34623,2896,193,14,576,259,1008,218,250,163,1800,"Lodgepole_Pine",34623
34694,2916,56,23,300,-11,330,228,186,80,805,"Spruce_Fir",34694
34756,3218,67,7,532,197,2601,228,226,132,2810,"Spruce_Fir",34756
34817,2671,34,22,467,-52,2911,210,185,100,2577,"Spruce_Fir",34817
34850,2769,55,18,376,30,1518,228,198,96,2419,"Lodgepole_Pine",34850
34893,3255,41,22,247,8,2670,216,186,95,1364,"Spruce_Fir",34893
35062,2772,87,9,247,23,1962,233,226,125,2391,"Lodgepole_Pine",35062
35201,3132,61,10,268,4,2456,228,220,124,1450,"Spruce_Fir",35201
35239,2949,31,19,331,46,4507,212,196,114,5044,"Spruce_Fir",35239
35401,3294,261,6,67,0,1340,206,243,176,1406,"Spruce_Fir",35401
35656,2764,26,13,309,26,2813,213,211,132,2316,"Lodgepole_Pine",35656
36005,2933,295,8,30,2,2995,198,238,180,1222,"Lodgepole_Pine",36005
36027,2193,92,26,402,174,569,249,189,52,331,"Ponderosa_Pine",36027
36395,3028,262,2,190,-11,3234,215,239,162,932,"Spruce_Fir",36395
36530,3095,315,9,0,0,4577,195,233,177,1465,"Spruce_Fir",36530
36565,3049,252,13,277,41,3430,192,248,195,1634,"Spruce_Fir",36565
36588,2958,22,4,30,5,4634,217,230,150,2326,"Aspen",36588
36674,2409,338,15,240,59,828,185,217,170,1550,"Douglas_fir",36674
36730,3363,121,12,283,41,1897,241,230,116,3220,"Krummholz",36730
36970,2440,202,5,0,0,819,218,244,163,1015,"Douglas_fir",36970
36989,2515,270,8,240,32,330,199,243,183,295,"Lodgepole_Pine",36989
37035,2826,27,15,218,28,1873,212,206,126,1560,"Lodgepole_Pine",37035
37126,2998,347,13,691,82,5547,196,219,162,1702,"Krummholz",37126
37151,2868,349,19,85,23,3293,183,206,159,2522,"Lodgepole_Pine",37151
37297,3350,117,16,240,17,937,245,224,103,3749,"Lodgepole_Pine",37297
37408,2752,180,18,127,41,642,224,248,150,2188,"Lodgepole_Pine",37408
37670,3447,336,11,769,52,2432,194,225,169,1448,"Spruce_Fir",37670
37755,2806,114,11,153,18,466,239,229,119,2619,"Lodgepole_Pine",37755
37938,2687,108,9,95,19,2370,237,229,123,722,"Lodgepole_Pine",37938
37977,2423,14,15,182,93,819,204,207,137,510,"Ponderosa_Pine",37977
38023,2930,152,16,192,60,2935,238,239,126,1734,"Lodgepole_Pine",38023
38099,2834,251,26,450,139,1266,155,247,224,1500,"Lodgepole_Pine",38099
38219,3281,13,16,382,61,3141,203,205,136,3237,"Lodgepole_Pine",38219
38341,2965,60,8,134,5,1283,226,224,132,2021,"Lodgepole_Pine",38341
38615,3165,257,21,234,49,3823,165,247,217,1359,"Spruce_Fir",38615
38623,2894,68,13,457,201,466,233,213,109,1590,"Lodgepole_Pine",38623
38655,3233,317,18,295,55,4570,171,222,190,854,"Spruce_Fir",38655
38667,3072,38,9,451,73,2931,221,221,135,1752,"Lodgepole_Pine",38667
38749,3057,345,3,30,0,3615,214,235,159,404,"Spruce_Fir",38749
39065,2952,347,6,492,16,4209,208,230,160,4562,"Lodgepole_Pine",39065
39108,2821,90,28,190,29,2636,249,185,46,984,"Lodgepole_Pine",39108
39158,3217,352,19,234,34,1343,183,203,155,743,"Spruce_Fir",39158
39169,3497,115,12,451,4,1233,241,227,114,765,"Krummholz",39169
39202,3282,194,8,1026,142,2274,219,247,162,2167,"Spruce_Fir",39202
39204,3126,99,22,283,10,972,250,204,72,1138,"Lodgepole_Pine",39204
39341,2968,0,8,450,32,4428,208,225,154,5031,"Lodgepole_Pine",39341
39441,2770,52,8,459,40,2639,225,222,131,2023,"Lodgepole_Pine",39441
39601,2945,349,8,382,52,4328,206,227,160,5767,"Lodgepole_Pine",39601
39661,3104,12,9,30,5,4050,211,221,147,1822,"Spruce_Fir",39661
39709,2487,315,7,150,15,573,201,234,172,1395,"Douglas_fir",39709
39751,2331,47,22,270,124,228,221,187,90,1466,"Ponderosa_Pine",39751
39796,2224,167,20,30,5,1110,232,243,133,361,"Cottonwood_Willow",39796
40085,2879,180,3,85,3,1703,220,241,156,2440,"Lodgepole_Pine",40085
40164,3650,16,19,684,238,2911,201,198,130,1304,"Spruce_Fir",40164
40241,2935,166,2,42,0,2034,221,239,155,2979,"Lodgepole_Pine",40241
40362,2809,36,7,192,14,1742,220,225,141,1800,"Lodgepole_Pine",40362
40448,3243,12,22,216,83,1584,191,189,128,2679,"Spruce_Fir",40448
40623,2580,108,16,175,56,1529,245,220,98,1481,"Ponderosa_Pine",40623
40713,2535,75,21,153,45,1107,240,196,77,841,"Ponderosa_Pine",40713
40863,3261,260,14,301,82,4635,186,247,199,3183,"Spruce_Fir",40863
40875,2370,103,9,150,0,443,235,229,125,755,"Ponderosa_Pine",40875
40949,3024,26,8,162,11,1273,216,222,142,2524,"Lodgepole_Pine",40949
41254,3064,144,6,67,4,684,229,239,143,1524,"Spruce_Fir",41254
41258,2891,43,20,218,67,4267,219,191,98,1024,"Lodgepole_Pine",41258
41343,3281,60,13,90,7,1170,230,213,114,3279,"Lodgepole_Pine",41343
41409,3045,25,12,0,0,2743,214,215,135,2125,"Spruce_Fir",41409
41411,3011,42,6,42,-4,5282,221,226,140,2347,"Spruce_Fir",41411
41472,2562,65,14,127,27,875,232,211,109,1440,"Lodgepole_Pine",41472
41636,3279,154,13,247,46,1812,235,241,134,1614,"Lodgepole_Pine",41636
41747,3137,311,15,342,13,3798,178,228,190,1503,"Spruce_Fir",41747
41852,3093,260,24,510,172,2864,156,245,223,2617,"Ponderosa_Pine",41852
41855,3004,140,11,153,16,1158,237,237,129,1818,"Lodgepole_Pine",41855
41881,3075,344,19,470,83,3515,178,206,165,1873,"Lodgepole_Pine",41881
42058,2998,235,8,633,102,5813,207,247,178,5604,"Lodgepole_Pine",42058
42094,2886,117,11,446,39,4070,238,230,121,5794,"Lodgepole_Pine",42094
42098,2270,312,28,30,22,891,135,207,207,750,"Ponderosa_Pine",42098
42186,2614,150,16,162,47,524,239,238,124,1834,"Lodgepole_Pine",42186
42302,3116,22,11,134,16,3422,213,217,139,2936,"Spruce_Fir",42302
42305,3077,66,20,124,28,560,235,197,85,514,"Spruce_Fir",42305
42336,2754,98,11,108,23,1577,238,224,115,2160,"Lodgepole_Pine",42336
42871,3001,176,9,450,-19,1266,225,245,153,1433,"Lodgepole_Pine",42871
42908,3131,242,6,180,19,1507,209,245,173,2257,"Spruce_Fir",42908
42965,3132,157,22,592,91,5744,238,237,118,1445,"Lodgepole_Pine",42965
42973,2237,327,25,212,117,1050,151,202,187,1189,"Ponderosa_Pine",42973
43030,2837,119,7,212,10,845,233,234,133,150,"Lodgepole_Pine",43030
43226,2880,23,10,120,10,4105,214,218,139,3060,"Lodgepole_Pine",43226
43375,3184,46,13,553,74,1842,224,211,119,3065,"Lodgepole_Pine",43375
43553,2983,67,7,365,-15,4863,228,226,132,2905,"Lodgepole_Pine",43553
43640,3370,124,20,365,213,1380,249,221,91,853,"Krummholz",43640
43671,3261,102,6,300,51,2100,230,233,137,1868,"Spruce_Fir",43671
44068,3226,230,7,532,116,1073,209,247,175,2805,"Spruce_Fir",44068
44081,3063,0,3,228,9,3282,215,234,156,474,"Spruce_Fir",44081
44188,2864,351,11,283,-19,1510,201,222,159,2907,"Spruce_Fir",44188
44249,3358,198,19,418,57,2995,211,252,169,1368,"Spruce_Fir",44249
44264,2258,285,29,150,91,1396,128,225,230,726,"Douglas_fir",44264
44406,3041,30,22,503,87,351,207,187,108,895,"Spruce_Fir",44406
44542,2522,155,20,90,11,1355,239,237,119,864,"Ponderosa_Pine",44542
44682,3235,76,11,765,119,1982,234,220,117,2687,"Spruce_Fir",44682
45090,3333,86,14,175,33,2382,240,216,103,2640,"Krummholz",45090
45107,3016,152,24,228,115,2563,242,231,104,1749,"Spruce_Fir",45107
45326,2857,328,25,335,102,2493,152,202,185,990,"Lodgepole_Pine",45326
45347,2656,94,20,390,112,1087,248,205,77,1406,"Lodgepole_Pine",45347
45493,2317,27,23,134,54,1140,203,183,107,805,"Douglas_fir",45493
45529,2621,162,5,30,-1,2010,225,241,150,999,"Krummholz",45529
45575,2707,24,11,90,-5,2448,214,215,136,470,"Aspen",45575
45627,3123,109,30,247,87,3012,254,192,43,2839,"Spruce_Fir",45627
45693,2317,269,30,67,36,1421,129,234,236,730,"Douglas_fir",45693
45768,2672,267,27,90,34,1242,143,239,230,1276,"Lodgepole_Pine",45768
45899,2685,13,21,212,52,990,195,192,129,1784,"Lodgepole_Pine",45899
45945,3003,355,25,663,-22,725,170,186,147,1230,"Spruce_Fir",45945
45957,3158,116,9,351,25,5504,236,231,126,1766,"Spruce_Fir",45957
46395,2917,179,14,42,6,3677,225,248,152,1914,"Spruce_Fir",46395
46435,3129,339,3,95,15,1065,212,234,160,1489,"Spruce_Fir",46435
46444,3030,286,24,361,83,1579,145,231,222,3274,"Spruce_Fir",46444
46502,2160,346,23,255,0,534,168,195,161,664,"Ponderosa_Pine",46502
46979,3125,12,9,510,50,1892,211,221,147,2576,"Spruce_Fir",46979
46987,3162,91,19,514,54,5304,246,207,83,1124,"Lodgepole_Pine",46987
47257,3304,81,14,603,26,888,238,214,104,5610,"Spruce_Fir",47257
47264,2936,286,9,601,30,5655,195,240,184,2016,"Lodgepole_Pine",47264
47312,3051,29,13,150,34,1275,215,211,130,2801,"Spruce_Fir",47312
47457,2914,47,10,60,-2,872,224,219,129,2037,"Lodgepole_Pine",47457
47480,2782,164,16,120,27,1266,233,243,135,1718,"Lodgepole_Pine",47480
47963,3227,137,19,470,136,5291,245,230,105,1571,"Spruce_Fir",47963
48070,3015,82,7,95,2,800,230,228,132,2382,"Lodgepole_Pine",48070
48086,2931,24,14,108,23,2305,212,209,132,1909,"Spruce_Fir",48086
48184,3249,200,24,95,17,3310,203,253,172,691,"Spruce_Fir",48184
48235,3254,226,19,408,21,2206,189,254,196,1084,"Lodgepole_Pine",48235
48287,3161,11,11,182,-18,1965,209,218,146,1706,"Spruce_Fir",48287
48339,3280,38,14,376,91,4260,219,208,121,1900,"Spruce_Fir",48339
48386,2939,355,9,537,26,4439,206,224,157,4332,"Lodgepole_Pine",48386
48488,2909,259,10,240,13,5670,197,246,187,6407,"Spruce_Fir",48488
48654,2998,108,8,671,72,5210,233,232,130,6097,"Lodgepole_Pine",48654
48725,3152,337,15,342,46,3439,185,218,171,4442,"Spruce_Fir",48725
49193,2453,45,13,90,5,1027,223,212,121,914,"Douglas_fir",49193
49358,2974,39,10,60,8,4708,221,217,130,3183,"Lodgepole_Pine",49358
49377,3157,34,5,134,21,2522,219,228,146,1926,"Spruce_Fir",49377
49432,2539,52,13,180,11,443,227,212,117,1416,"Douglas_fir",49432
49437,3020,23,5,497,88,2942,217,228,148,1291,"Lodgepole_Pine",49437
49512,3410,40,8,671,131,2024,221,222,135,1684,"Spruce_Fir",49512
49681,2707,242,11,90,12,1476,198,249,188,1136,"Aspen",49681
49701,2821,62,30,301,149,331,229,163,45,1793,"Aspen",49701
49766,2891,42,7,153,23,3069,221,225,139,2601,"Lodgepole_Pine",49766
49880,2945,292,13,30,6,2220,184,237,193,2190,"Spruce_Fir",49880
50006,2937,94,6,162,10,4660,230,231,134,4367,"Lodgepole_Pine",50006
50221,3224,16,7,474,76,5656,214,226,148,2506,"Lodgepole_Pine",50221
50285,2502,345,7,323,19,450,206,229,161,1677,"Ponderosa_Pine",50285
50389,3132,17,14,240,14,2761,208,210,137,1082,"Spruce_Fir",50389
50454,3038,3,10,258,51,1103,207,221,152,1964,"Lodgepole_Pine",50454
50511,2796,47,10,0,0,2439,224,218,128,1824,"Lodgepole_Pine",50511
50574,2745,75,8,518,52,1536,230,225,127,1597,"Lodgepole_Pine",50574
50590,3246,95,13,127,10,5605,240,220,108,926,"Lodgepole_Pine",50590
50647,2982,118,14,366,60,3651,243,227,110,1575,"Lodgepole_Pine",50647
50865,2867,323,9,255,49,4149,197,231,173,5212,"Lodgepole_Pine",50865
51017,3239,93,21,90,8,2362,248,203,73,553,"Douglas_fir",51017
51054,2975,69,10,42,0,847,231,221,122,2656,"Spruce_Fir",51054
51135,3117,150,33,582,-57,1055,241,219,80,1001,"Lodgepole_Pine",51135
51321,3002,133,10,108,8,379,236,235,129,1725,"Spruce_Fir",51321
51329,3114,63,8,0,0,2893,228,223,128,3147,"Lodgepole_Pine",51329
51394,3008,351,9,454,23,1772,205,226,159,1343,"Lodgepole_Pine",51394
51622,3301,333,7,582,55,741,203,230,166,1332,"Spruce_Fir",51622
51834,3018,41,17,285,51,757,219,199,109,664,"Spruce_Fir",51834
52084,3186,222,14,95,27,2115,202,252,184,437,"Spruce_Fir",52084
52138,2811,107,14,95,14,685,243,222,105,631,"Lodgepole_Pine",52138
52150,3221,298,13,607,3,3618,185,235,191,1290,"Spruce_Fir",52150
52588,3294,87,18,124,11,5223,243,208,88,162,"Spruce_Fir",52588
52689,3031,0,11,153,30,2841,204,220,153,6107,"Spruce_Fir",52689
53159,3334,333,7,150,16,1361,205,232,166,1863,"Spruce_Fir",53159
53187,3110,299,17,524,6,1559,170,231,200,3149,"Spruce_Fir",53187
53415,3239,323,12,765,102,2206,190,228,177,752,"Spruce_Fir",53415
53428,2914,229,19,175,68,1947,189,254,197,1110,"Lodgepole_Pine",53428
53686,3409,303,14,319,64,5078,180,232,193,807,"Spruce_Fir",53686
53741,3046,8,2,124,1,3072,217,235,155,430,"Spruce_Fir",53741
53966,2961,200,34,170,71,2045,186,246,170,1201,"Lodgepole_Pine",53966
53996,2310,2,16,424,127,1350,195,207,147,1048,"Ponderosa_Pine",53996
54080,3236,49,9,755,61,1507,224,220,130,2521,"Ponderosa_Pine",54080
54098,2798,351,11,190,49,3390,201,222,159,5910,"Lodgepole_Pine",54098
54113,2740,34,12,228,54,1503,218,214,130,3062,"Lodgepole_Pine",54113
54162,2757,100,14,42,5,1989,242,220,105,3429,"Lodgepole_Pine",54162
54242,2908,204,26,150,79,2445,196,252,178,2073,"Lodgepole_Pine",54242
54309,3255,212,4,339,57,2816,216,244,165,1113,"Spruce_Fir",54309
54597,3041,357,13,600,25,3753,199,216,154,4698,"Spruce_Fir",54597
54632,2880,11,1,313,57,2486,217,236,156,2160,"Lodgepole_Pine",54632
54666,3162,88,8,42,3,1911,233,227,126,4360,"Spruce_Fir",54666
54740,2894,206,23,95,12,1020,199,254,179,1898,"Lodgepole_Pine",54740
55040,3029,81,6,42,3,4605,229,229,134,752,"Lodgepole_Pine",55040
55094,3166,11,18,60,7,1140,198,200,136,644,"Spruce_Fir",55094
55165,3190,16,13,391,84,990,208,213,140,2212,"Spruce_Fir",55165
55176,2968,45,8,350,85,3902,223,223,135,2495,"Lodgepole_Pine",55176
55280,2284,325,17,313,162,962,175,219,183,1269,"Ponderosa_Pine",55280
55486,3037,209,6,124,-2,3200,216,246,166,1131,"Lodgepole_Pine",55486
55497,2925,327,21,162,23,1839,163,210,184,999,"Spruce_Fir",55497
55572,3035,357,5,0,0,3586,213,231,157,360,"Spruce_Fir",55572
55701,2802,236,12,60,14,2082,199,250,188,1907,"Lodgepole_Pine",55701
55841,2554,355,15,30,14,960,193,211,155,6498,"Lodgepole_Pine",55841
56168,2962,196,8,30,-2,5391,218,247,164,2242,"Spruce_Fir",56168
56227,2261,34,24,67,18,638,209,179,95,612,"Ponderosa_Pine",56227
56300,3321,65,11,480,45,979,230,218,120,2575,"Spruce_Fir",56300
56448,2863,40,12,268,23,3805,221,213,125,6395,"Lodgepole_Pine",56448
56478,2507,178,22,182,-42,1337,224,247,144,1318,"Krummholz",56478
57057,3177,20,11,342,60,930,212,217,140,2156,"Spruce_Fir",57057
57285,2963,196,18,420,77,1716,213,252,167,1839,"Lodgepole_Pine",57285
57318,2579,190,17,150,34,1661,218,251,161,1622,"Ponderosa_Pine",57318
57604,3196,299,13,300,49,2372,183,235,192,474,"Spruce_Fir",57604
57610,2902,317,12,150,21,1047,189,230,181,2165,"Spruce_Fir",57610
57623,2782,188,16,30,2,1273,219,250,159,2120,"Spruce_Fir",57623
57687,3140,352,15,228,42,3511,192,212,157,3184,"Spruce_Fir",57687
57725,2808,310,22,0,0,4876,153,218,202,4737,"Lodgepole_Pine",57725
57767,2634,331,27,362,197,808,148,196,182,1339,"Lodgepole_Pine",57767
57787,3064,58,12,212,30,3847,228,214,117,2760,"Spruce_Fir",57787
57820,3298,270,12,1019,188,1650,188,244,195,2706,"Spruce_Fir",57820
57829,2224,155,34,120,69,1557,237,221,85,124,"Ponderosa_Pine",57829
57830,2196,278,24,120,65,722,146,235,224,990,"Douglas_fir",57830
57853,3163,347,9,150,20,780,204,226,161,1884,"Lodgepole_Pine",57853
57990,3346,41,16,240,33,2047,221,204,115,2116,"Spruce_Fir",57990
58052,2866,55,26,384,175,391,226,176,68,1504,"Aspen",58052
58313,3350,198,17,524,167,2248,213,252,169,1063,"Spruce_Fir",58313
58336,3245,331,2,42,3,5538,213,236,160,624,"Spruce_Fir",58336
58343,2837,50,17,295,52,1302,226,200,102,2624,"Lodgepole_Pine",58343
58402,3013,56,14,457,24,1926,228,210,112,1661,"Lodgepole_Pine",58402
58510,2789,357,8,120,5,2350,207,226,156,1308,"Lodgepole_Pine",58510
58783,2971,19,9,339,62,886,214,220,143,2022,"Lodgepole_Pine",58783
59132,2938,230,27,258,121,1521,169,252,210,470,"Lodgepole_Pine",59132
59197,3220,246,20,417,85,362,176,251,209,2429,"Lodgepole_Pine",59197
59255,3159,317,16,228,59,3653,175,224,188,3270,"Spruce_Fir",59255
59281,2972,288,10,510,36,4454,192,239,188,5019,"Lodgepole_Pine",59281
59334,3121,283,25,553,210,5506,142,231,225,1071,"Lodgepole_Pine",59334
59361,2803,79,16,297,42,3144,239,210,96,2530,"Lodgepole_Pine",59361
59512,2860,5,13,108,23,2526,203,214,148,2558,"Lodgepole_Pine",59512
59604,3185,69,12,90,-8,2140,232,217,115,845,"Spruce_Fir",59604
59622,3459,231,29,660,-7,3342,162,251,214,2571,"Spruce_Fir",59622
59751,2409,147,31,42,25,485,243,219,79,1249,"Ponderosa_Pine",59751
59811,2976,60,8,242,31,3849,227,223,131,1958,"Lodgepole_Pine",59811
59826,2937,274,6,127,10,2006,203,242,177,1740,"Lodgepole_Pine",59826
59885,3276,108,14,384,70,268,244,222,104,446,"Lodgepole_Pine",59885
60012,3258,220,22,95,16,2397,188,254,195,589,"Krummholz",60012
60047,2667,153,16,127,3,1338,238,239,125,797,"Ponderosa_Pine",60047
60113,2955,336,5,175,9,1489,209,233,162,218,"Lodgepole_Pine",60113
60190,3388,66,6,150,10,2568,227,227,135,2399,"Krummholz",60190
60271,3081,110,16,90,-24,2525,246,220,97,1849,"Spruce_Fir",60271
60433,3150,74,15,335,109,1020,237,209,99,1429,"Lodgepole_Pine",60433
60613,2724,21,29,277,-7,1034,188,165,100,2356,"Lodgepole_Pine",60613
60622,2828,125,26,67,23,750,252,212,71,1061,"Lodgepole_Pine",60622
60770,3250,78,21,67,12,4052,242,198,77,3432,"Krummholz",60770
60947,3043,173,12,30,6,636,227,246,149,1369,"Lodgepole_Pine",60947
61071,2897,5,12,371,103,774,205,217,149,2145,"Lodgepole_Pine",61071
61081,3396,198,8,120,3,2885,218,247,164,437,"Krummholz",61081
61193,3095,315,14,330,-25,2133,181,228,186,2391,"Lodgepole_Pine",61193
61376,3018,155,13,210,4,5376,235,241,135,1830,"Lodgepole_Pine",61376
61491,2928,316,19,240,74,5239,165,220,193,658,"Lodgepole_Pine",61491
61683,3034,51,3,67,3,4741,221,232,147,2059,"Lodgepole_Pine",61683
61725,2884,290,17,666,165,309,170,235,205,1692,"Lodgepole_Pine",61725
61878,2882,145,18,247,76,2117,242,234,115,1158,"Aspen",61878
62073,3123,108,20,212,55,1725,250,213,82,2610,"Lodgepole_Pine",62073
62107,3128,250,5,228,12,1933,209,243,172,2644,"Lodgepole_Pine",62107
62204,2927,347,3,192,19,4231,213,234,159,4052,"Lodgepole_Pine",62204
62336,3155,42,13,67,5,3073,222,211,122,3267,"Lodgepole_Pine",62336
62444,2927,45,19,510,132,3045,221,195,100,1008,"Lodgepole_Pine",62444
62509,2885,42,27,242,-40,1128,212,169,76,1698,"Lodgepole_Pine",62509
62691,2714,260,7,258,108,2613,204,244,178,1172,"Ponderosa_Pine",62691
62816,3232,43,10,95,19,4497,222,217,129,3515,"Spruce_Fir",62816
62912,2210,304,24,30,9,1206,148,220,209,577,"Ponderosa_Pine",62912
63137,3007,150,17,283,110,1423,240,237,121,1913,"Lodgepole_Pine",63137
63144,3301,336,9,30,2,4039,201,229,167,1579,"Spruce_Fir",63144
63310,3010,98,10,735,214,1310,237,225,118,834,"Lodgepole_Pine",63310
63369,3358,2,12,484,73,2155,203,216,151,1423,"Spruce_Fir",63369
63430,3195,96,17,400,18,576,245,214,93,850,"Lodgepole_Pine",63430
63583,3237,346,4,366,58,4414,212,233,159,2847,"Spruce_Fir",63583
63633,3279,202,7,424,60,3666,217,246,165,2652,"Spruce_Fir",63633
63642,3196,61,7,30,0,2723,226,225,133,2751,"Spruce_Fir",63642
63733,2827,157,12,216,33,3531,233,242,137,3260,"Lodgepole_Pine",63733
63747,2801,130,8,30,-2,3439,233,236,135,6116,"Lodgepole_Pine",63747
63752,2639,204,17,285,0,1062,208,253,175,924,"Ponderosa_Pine",63752
63896,3100,36,14,212,30,3632,218,207,122,2718,"Spruce_Fir",63896
63971,3303,171,19,430,97,1544,229,245,139,1830,"Spruce_Fir",63971
64000,3029,67,8,391,49,1221,228,224,129,2382,"Lodgepole_Pine",64000
64234,3090,32,14,283,4,3851,216,210,126,3719,"Spruce_Fir",64234
64305,3315,10,16,845,112,1987,200,205,139,679,"Spruce_Fir",64305
64616,2973,2,9,180,38,4956,208,224,153,1972,"Aspen",64616
64797,3005,120,16,162,-6,2510,245,225,104,543,"Lodgepole_Pine",64797
64861,2342,292,34,90,62,408,108,211,233,1657,"Ponderosa_Pine",64861
65259,2918,33,5,234,78,402,219,229,147,323,"Lodgepole_Pine",65259
65278,3328,295,13,745,160,4381,184,236,192,2581,"Spruce_Fir",65278
65466,3045,13,9,124,23,2012,212,222,148,1477,"Spruce_Fir",65466
65509,3167,350,20,426,109,4034,178,201,158,690,"Spruce_Fir",65509
65548,2969,59,7,127,10,3607,226,226,134,1047,"Lodgepole_Pine",65548
65685,3066,167,12,60,6,433,230,244,145,691,"Lodgepole_Pine",65685
65704,2860,22,8,277,69,2341,215,222,144,2779,"Lodgepole_Pine",65704
65732,2426,340,21,30,11,1290,172,205,170,361,"Douglas_fir",65732
65737,2946,317,12,108,17,1410,187,229,182,3237,"Spruce_Fir",65737
65910,3408,59,18,175,31,3493,231,201,97,2618,"Krummholz",65910
65912,2978,8,7,153,13,5025,212,226,152,5725,"Lodgepole_Pine",65912
65922,3356,345,20,499,127,4920,177,205,164,2974,"Spruce_Fir",65922
65935,2830,65,14,285,147,301,232,211,109,1642,"Lodgepole_Pine",65935
65943,2854,18,20,95,26,1516,200,194,125,1092,"Aspen",65943
65958,2948,96,12,150,9,1243,239,222,111,579,"Lodgepole_Pine",65958
66112,3090,58,17,175,-11,1761,230,201,98,3095,"Spruce_Fir",66112
66125,2955,315,7,420,42,4635,201,234,172,2900,"Spruce_Fir",66125
66238,2902,102,10,210,-6,1524,237,227,120,1565,"Lodgepole_Pine",66238
66247,3057,278,7,400,58,2648,202,241,179,1987,"Lodgepole_Pine",66247
66382,3241,129,3,404,20,4455,225,237,147,2285,"Spruce_Fir",66382
66499,2886,65,18,190,28,3237,234,201,93,4323,"Lodgepole_Pine",66499
66637,3062,296,12,30,13,1677,185,236,191,283,"Lodgepole_Pine",66637
66855,3139,86,31,85,32,1310,247,172,30,812,"Krummholz",66855
66999,3195,349,4,67,10,4129,213,233,158,3436,"Spruce_Fir",66999
67088,2724,175,17,212,111,2115,227,247,145,446,"Ponderosa_Pine",67088
67125,3033,342,12,182,46,953,196,222,165,1894,"Lodgepole_Pine",67125
67132,2827,106,14,488,78,3160,243,222,104,2656,"Lodgepole_Pine",67132
67183,2428,272,27,90,42,725,138,236,231,1489,"Lodgepole_Pine",67183
67322,3045,165,27,218,72,2828,232,236,117,1490,"Lodgepole_Pine",67322
67523,3110,181,18,30,-8,2233,223,248,151,3499,"Spruce_Fir",67523
67669,2858,56,11,300,39,1642,227,218,123,2732,"Lodgepole_Pine",67669
67864,2721,40,8,30,2,2070,221,222,135,1261,"Lodgepole_Pine",67864
68163,2773,99,27,30,3,2547,252,191,49,953,"Lodgepole_Pine",68163
68256,2885,94,27,402,227,417,250,189,50,1961,"Aspen",68256
68261,3299,281,10,90,29,6074,192,241,189,641,"Spruce_Fir",68261
68301,3014,297,3,1050,105,5742,210,238,166,5786,"Lodgepole_Pine",68301
68431,3251,291,14,408,52,514,178,237,198,1207,"Spruce_Fir",68431
68434,3273,14,9,216,48,3542,212,222,147,2536,"Spruce_Fir",68434
68505,3289,328,3,150,3,5690,212,236,162,684,"Ponderosa_Pine",68505
68656,2603,92,11,60,-5,1170,238,222,114,474,"Lodgepole_Pine",68656
68692,3013,122,6,525,99,1932,230,235,138,2808,"Lodgepole_Pine",68692
68756,3453,310,15,402,34,5061,178,229,190,4173,"Krummholz",68756
68883,2932,2,8,658,160,661,209,224,154,1182,"Spruce_Fir",68883
69060,3012,241,16,0,0,2429,189,251,199,1592,"Lodgepole_Pine",69060
69163,3011,0,10,566,7,4271,206,222,154,3309,"Spruce_Fir",69163
69188,3102,166,12,95,-10,886,230,244,143,1698,"Spruce_Fir",69188
69207,2761,11,8,0,0,1616,211,223,148,2418,"Lodgepole_Pine",69207
69255,3243,99,6,30,0,5589,230,232,136,819,"Lodgepole_Pine",69255
69398,3254,303,7,150,11,5558,202,237,174,531,"Spruce_Fir",69398
69584,3048,34,5,190,1,1533,219,228,146,2989,"Spruce_Fir",69584
69604,2763,8,24,67,16,2467,185,185,130,618,"Lodgepole_Pine",69604
69625,2919,117,15,175,33,4375,244,225,106,3311,"Spruce_Fir",69625
69782,2665,150,26,90,-18,2713,243,228,98,1766,"Lodgepole_Pine",69782
69933,3243,151,11,361,71,1825,234,240,136,1374,"Spruce_Fir",69933
70021,2257,27,27,180,67,997,197,170,96,218,"Ponderosa_Pine",70021
70125,3235,195,10,342,33,2434,218,249,164,1468,"Lodgepole_Pine",70125
70126,3203,180,13,30,0,4891,224,248,153,391,"Spruce_Fir",70126
70785,3248,263,17,564,134,5989,177,246,207,2940,"Lodgepole_Pine",70785
70850,3018,15,13,170,31,907,208,213,141,1905,"Lodgepole_Pine",70850
70861,2972,9,5,0,0,2333,215,230,153,808,"Spruce_Fir",70861
70909,3095,257,11,391,29,2420,193,247,192,2495,"Lodgepole_Pine",70909
71012,2957,81,12,573,81,1074,237,218,110,1575,"Lodgepole_Pine",71012
71080,3257,213,21,426,119,1061,196,254,187,4528,"Spruce_Fir",71080
71119,2795,80,21,85,26,1758,243,199,77,1660,"Aspen",71119
71167,2857,57,8,150,20,3769,226,223,132,6461,"Lodgepole_Pine",71167
71276,3115,178,12,384,38,150,225,247,152,1624,"Lodgepole_Pine",71276
71299,2949,325,36,402,215,2779,110,176,192,395,"Spruce_Fir",71299
71321,3328,333,19,430,129,607,174,213,176,511,"Spruce_Fir",71321
71396,3296,64,11,450,129,2739,230,217,118,3278,"Krummholz",71396
71414,3130,133,16,240,28,85,244,230,110,4447,"Lodgepole_Pine",71414
71523,2363,346,4,30,-4,595,212,233,159,911,"Douglas_fir",71523
71575,2739,18,1,42,1,1374,218,236,156,2518,"Krummholz",71575
71700,2909,16,10,564,-18,1921,211,219,143,2964,"Spruce_Fir",71700
71704,2957,98,13,210,14,2116,241,222,109,484,"Lodgepole_Pine",71704
72183,3369,167,13,95,30,1634,230,244,144,3301,"Spruce_Fir",72183
72444,2664,165,34,42,14,1773,227,227,102,2724,"Lodgepole_Pine",72444
72597,3214,268,29,124,39,1124,134,236,234,2480,"Lodgepole_Pine",72597
72640,3122,110,10,301,76,247,237,230,123,1846,"Lodgepole_Pine",72640
72663,3073,199,19,67,12,2711,209,253,171,1214,"Lodgepole_Pine",72663
72752,3223,21,12,120,39,3422,212,215,138,2305,"Spruce_Fir",72752
72985,3049,90,8,127,18,2838,232,228,129,1019,"Spruce_Fir",72985
73042,3035,58,11,277,66,5326,228,218,122,759,"Lodgepole_Pine",73042
73445,2888,82,11,42,1,3312,235,220,115,2471,"Spruce_Fir",73445
73455,2836,257,45,300,202,1490,79,217,250,1426,"Lodgepole_Pine",73455
73508,2499,241,24,67,29,830,167,251,215,1500,"Lodgepole_Pine",73508
73727,2899,338,9,247,44,2647,200,227,166,2642,"Aspen",73727
73945,3394,359,17,778,202,940,192,205,149,741,"Spruce_Fir",73945
74008,3135,12,19,890,87,2791,197,197,132,2343,"Lodgepole_Pine",74008
74038,3242,352,17,309,42,3776,189,209,157,3928,"Spruce_Fir",74038
74081,2851,104,17,277,55,859,247,216,92,636,"Lodgepole_Pine",74081
74297,2977,331,11,42,10,3773,194,226,172,2455,"Spruce_Fir",74297
74764,3026,32,18,420,61,2197,213,198,115,2311,"Spruce_Fir",74764
74807,3278,262,20,216,48,4344,166,245,216,1624,"Spruce_Fir",74807
74924,3047,67,5,446,72,2816,226,229,138,6577,"Spruce_Fir",74924
74973,2592,320,29,150,84,1463,135,200,198,1714,"Douglas_fir",74973
74994,2689,347,14,30,7,2377,193,217,162,4668,"Lodgepole_Pine",74994
75009,2279,25,22,402,121,1442,203,187,112,914,"Ponderosa_Pine",75009
75082,3261,314,21,67,7,3543,160,219,196,1740,"Spruce_Fir",75082
75389,2893,297,7,497,34,2925,201,238,176,3560,"Spruce_Fir",75389
75457,2860,84,9,30,-4,1793,233,225,125,2045,"Lodgepole_Pine",75457
75537,2922,354,14,60,16,2750,196,215,156,1142,"Spruce_Fir",75537
75581,2906,69,13,150,23,4318,233,214,110,6266,"Lodgepole_Pine",75581
75685,3579,40,29,997,355,2472,208,162,72,1423,"Spruce_Fir",75685
75800,3154,108,18,655,100,2753,247,217,92,2932,"Krummholz",75800
75838,3116,54,17,150,31,5123,228,201,101,1443,"Spruce_Fir",75838
76049,3285,12,6,342,127,5095,214,228,151,1707,"Spruce_Fir",76049
76119,3293,17,14,309,81,2848,208,210,137,2407,"Spruce_Fir",76119
76281,2574,127,9,42,10,962,236,234,128,339,"Lodgepole_Pine",76281
76315,3027,221,15,558,101,5706,200,253,186,3121,"Lodgepole_Pine",76315
76413,3014,45,12,371,42,5392,223,213,122,4039,"Spruce_Fir",76413
76424,3052,75,7,722,-130,1521,228,228,133,926,"Spruce_Fir",76424
76463,2791,189,21,150,39,1266,215,250,159,1621,"Lodgepole_Pine",76463
76478,3261,30,9,918,-29,1530,218,220,138,2905,"Lodgepole_Pine",76478
76560,2554,71,12,150,38,1595,233,216,113,1705,"Lodgepole_Pine",76560
76585,3188,202,9,30,4,680,216,249,167,1530,"Spruce_Fir",76585
76592,3284,329,6,218,19,5610,207,233,165,451,"Lodgepole_Pine",76592
76633,2559,188,12,85,12,2257,221,249,160,2072,"Aspen",76633
76928,3121,152,18,720,80,1087,239,237,120,2051,"Lodgepole_Pine",76928
77038,3169,247,11,742,25,6135,198,248,189,1140,"Lodgepole_Pine",77038
77287,2755,31,12,295,42,1329,216,213,131,2264,"Lodgepole_Pine",77287
77298,2497,333,20,124,27,864,169,209,177,752,"Douglas_fir",77298
77333,3289,285,13,30,0,3492,183,240,196,1657,"Spruce_Fir",77333
77388,3214,113,5,30,2,4775,230,234,138,1872,"Spruce_Fir",77388
77806,3214,344,11,649,137,3187,198,223,164,1879,"Spruce_Fir",77806
77874,2634,173,16,180,-14,1415,228,246,145,911,"Ponderosa_Pine",77874
77929,3285,70,13,771,209,591,234,214,109,1140,"Spruce_Fir",77929
78040,3103,156,8,424,62,741,230,241,144,1690,"Lodgepole_Pine",78040
78201,2801,126,29,127,59,3586,253,206,60,5780,"Lodgepole_Pine",78201
78251,2556,318,14,30,8,1080,184,227,183,5045,"Lodgepole_Pine",78251
78269,3230,117,3,67,3,3360,225,236,146,1986,"Krummholz",78269
78412,2962,31,17,518,81,1813,214,202,119,3045,"Lodgepole_Pine",78412
78480,2771,275,8,124,43,2349,198,242,184,218,"Spruce_Fir",78480
78621,3040,90,20,162,28,3298,246,204,78,752,"Spruce_Fir",78621
78650,3004,77,9,371,55,2138,232,224,125,702,"Spruce_Fir",78650
78655,2335,68,8,499,256,1423,228,225,130,1001,"Cottonwood_Willow",78655
78765,2374,334,30,108,46,864,138,185,178,1008,"Douglas_fir",78765
78790,2922,39,15,85,21,2241,219,207,119,1682,"Spruce_Fir",78790
78811,3131,50,16,30,4,1033,225,202,106,598,"Spruce_Fir",78811
78812,3158,27,4,0,0,2306,218,230,149,1448,"Spruce_Fir",78812
78884,3053,305,9,95,52,175,195,235,181,808,"Spruce_Fir",78884
78934,3010,113,13,67,11,5042,242,226,110,3322,"Lodgepole_Pine",78934
78982,2772,261,34,234,123,1670,120,234,241,1321,"Lodgepole_Pine",78982
78988,2453,91,25,170,69,760,248,192,58,750,"Douglas_fir",78988
79166,2691,10,16,283,-19,2730,202,207,140,2443,"Lodgepole_Pine",79166
79295,2877,48,13,60,-6,3471,224,212,120,1872,"Lodgepole_Pine",79295
79326,3089,58,4,272,5,5102,223,230,143,1215,"Spruce_Fir",79326
79451,3120,0,3,255,12,2310,215,233,156,2320,"Lodgepole_Pine",79451
79517,3089,30,9,90,-8,5094,218,220,137,85,"Lodgepole_Pine",79517
79644,3062,255,11,108,35,1660,194,247,191,180,"Spruce_Fir",79644
80154,3383,330,17,182,50,4189,177,217,178,3787,"Krummholz",80154
80155,2356,95,25,67,22,938,250,193,56,990,"Ponderosa_Pine",80155
80191,3206,27,12,30,7,997,215,214,134,1128,"Spruce_Fir",80191
80214,3368,3,15,618,76,2436,198,209,147,1121,"Spruce_Fir",80214
80250,3036,52,14,30,1,912,226,210,114,162,"Spruce_Fir",80250
80399,3092,237,16,691,114,6249,190,252,197,1471,"Lodgepole_Pine",80399
80450,3242,221,5,474,8,454,213,245,169,618,"Spruce_Fir",80450
80701,3128,0,7,361,45,3761,210,227,155,942,"Lodgepole_Pine",80701
80907,3151,157,9,192,8,2226,230,242,143,742,"Spruce_Fir",80907
80915,3278,173,16,457,76,2773,228,246,145,1084,"Lodgepole_Pine",80915
80940,3001,91,14,60,-1,2520,241,217,102,2122,"Lodgepole_Pine",80940
81099,3332,23,10,319,44,1148,214,218,139,2613,"Spruce_Fir",81099
81576,3180,54,13,362,21,1922,227,211,115,2994,"Lodgepole_Pine",81576
81585,2875,134,20,190,50,2774,247,226,97,2976,"Lodgepole_Pine",81585
81665,2781,79,6,127,32,3046,228,229,135,2368,"Lodgepole_Pine",81665
81717,2886,211,35,660,341,1149,169,246,189,1725,"Lodgepole_Pine",81717
81745,2954,280,10,553,90,1613,193,241,188,1248,"Lodgepole_Pine",81745
81773,2829,45,10,420,58,1830,223,217,128,1207,"Lodgepole_Pine",81773
81962,2906,64,25,201,59,402,233,181,66,1635,"Lodgepole_Pine",81962
81970,3263,137,16,190,60,2671,243,232,112,2735,"Spruce_Fir",81970
82108,3010,48,6,417,26,4011,223,226,139,1749,"Lodgepole_Pine",82108
82288,2138,46,30,192,71,242,214,161,63,732,"Ponderosa_Pine",82288
82507,3044,104,15,212,45,5185,244,220,101,3312,"Lodgepole_Pine",82507
82596,3174,73,22,42,11,4818,239,192,72,1401,"Spruce_Fir",82596
82825,2657,139,10,60,-2,1748,236,237,131,153,"Lodgepole_Pine",82825
83058,3263,290,7,492,76,636,200,239,178,150,"Spruce_Fir",83058
83131,2821,41,13,124,23,1874,221,211,123,1681,"Lodgepole_Pine",83131
83151,2978,168,14,433,65,5544,231,245,142,3542,"Cottonwood_Willow",83151
83157,3224,121,44,247,67,1173,247,163,0,966,"Krummholz",83157
83290,3123,86,3,247,8,4415,224,234,145,1677,"Spruce_Fir",83290
83615,2745,291,4,573,30,1110,208,239,169,953,"Lodgepole_Pine",83615
83851,2413,346,19,30,10,1318,181,207,162,366,"Douglas_fir",83851
84353,2971,281,17,210,-19,3989,172,239,206,633,"Spruce_Fir",84353
84387,3034,100,12,272,43,5544,239,224,113,4966,"Spruce_Fir",84387
84755,2748,172,14,60,0,2166,229,246,145,900,"Lodgepole_Pine",84755
84838,3316,10,15,362,37,1040,202,208,141,2536,"Spruce_Fir",84838
84892,3062,6,17,474,186,2040,197,206,143,2568,"Spruce_Fir",84892
84961,2977,140,13,0,0,1530,239,236,125,1889,"Lodgepole_Pine",84961
85222,2636,21,36,212,66,553,172,140,82,1663,"Lodgepole_Pine",85222
85294,3027,135,9,459,-6,6616,235,236,133,3578,"Spruce_Fir",85294
85362,3158,159,8,277,0,1092,229,242,145,2313,"Spruce_Fir",85362
85367,2758,162,2,0,0,1800,221,239,154,1198,"Lodgepole_Pine",85367
85448,3128,17,7,300,33,1001,214,225,147,2585,"Lodgepole_Pine",85448
85519,3097,162,9,390,56,787,229,243,145,1679,"Aspen",85519
85527,3141,62,13,335,67,5045,230,214,114,3150,"Spruce_Fir",85527
85537,3022,171,12,67,8,1988,228,245,147,1500,"Lodgepole_Pine",85537
85629,3165,4,13,700,121,4435,202,214,148,2016,"Spruce_Fir",85629
85635,3052,41,10,420,83,5425,221,218,131,981,"Lodgepole_Pine",85635
85671,3034,66,8,330,79,2381,228,225,131,815,"Lodgepole_Pine",85671
85935,3148,236,16,0,0,2850,191,252,197,451,"Lodgepole_Pine",85935
85972,3322,268,29,162,45,3838,134,236,234,1231,"Spruce_Fir",85972
86120,2832,14,9,192,34,1956,212,222,147,1770,"Lodgepole_Pine",86120
86357,3095,192,21,384,47,2481,214,251,162,3153,"Lodgepole_Pine",86357
86364,2901,4,19,234,36,793,192,201,143,1900,"Lodgepole_Pine",86364
86451,2765,43,11,0,0,2337,222,216,127,2871,"Lodgepole_Pine",86451
86524,3132,356,10,60,-3,4115,204,222,156,3104,"Spruce_Fir",86524
86590,3026,248,27,190,110,2839,154,248,224,2218,"Lodgepole_Pine",86590
86747,3034,207,7,120,-38,752,215,247,167,1671,"Lodgepole_Pine",86747
86886,3018,260,8,808,122,5821,200,245,183,6461,"Lodgepole_Pine",86886
86900,3133,359,10,361,47,3803,205,221,154,979,"Lodgepole_Pine",86900
86978,2909,125,13,190,42,5189,242,230,115,4227,"Lodgepole_Pine",86978
87075,2991,156,18,968,194,2631,238,239,124,1376,"Lodgepole_Pine",87075
87171,2078,6,21,240,20,789,189,194,138,930,"Douglas_fir",87171
87299,2827,223,12,600,75,4028,204,251,182,1598,"Lodgepole_Pine",87299
87415,3171,79,8,467,61,1928,231,226,128,3059,"Spruce_Fir",87415
87435,3016,0,1,424,49,1315,217,236,156,2022,"Lodgepole_Pine",87435
87451,3328,102,22,488,291,3946,250,205,72,2555,"Spruce_Fir",87451
87777,3081,239,3,309,37,3185,214,241,165,1380,"Lodgepole_Pine",87777
87984,2745,23,14,150,10,1401,211,209,132,592,"Lodgepole_Pine",87984
88008,3342,327,10,0,0,1466,196,229,173,1682,"Spruce_Fir",88008
88466,2696,180,0,0,0,926,219,238,157,1725,"Spruce_Fir",88466
88492,2978,346,10,541,151,5031,200,223,162,5264,"Lodgepole_Pine",88492
88843,3318,74,12,67,1,1249,234,217,114,1441,"Spruce_Fir",88843
88921,3470,123,21,30,-3,1824,250,219,87,1860,"Krummholz",88921
88927,2833,50,22,108,53,2347,224,187,87,1879,"Lodgepole_Pine",88927
89029,2573,247,2,242,78,789,215,240,162,1340,"Ponderosa_Pine",89029
89087,3173,358,14,60,12,738,197,212,152,2503,"Spruce_Fir",89087
89100,2939,240,13,402,46,5845,196,250,191,6030,"Lodgepole_Pine",89100
89141,3010,152,11,212,34,960,234,240,135,1154,"Spruce_Fir",89141
90165,3140,28,11,201,31,2330,216,215,134,2188,"Spruce_Fir",90165
90377,3094,297,8,134,3,3840,196,238,181,1921,"Spruce_Fir",90377
90594,3162,309,9,30,7,1803,195,234,179,2176,"Spruce_Fir",90594
90704,3093,15,14,247,0,2255,207,210,138,1584,"Spruce_Fir",90704
90855,2734,93,5,210,18,1600,227,233,140,2239,"Lodgepole_Pine",90855
90871,3099,118,11,421,33,2497,240,230,118,2591,"Spruce_Fir",90871
90934,3031,72,2,693,145,5916,222,234,149,5371,"Lodgepole_Pine",90934
91011,2940,54,20,450,157,1926,227,192,89,2161,"Spruce_Fir",91011
91326,2959,66,15,175,14,3468,233,209,104,6199,"Lodgepole_Pine",91326
91366,2724,233,16,120,29,1507,191,253,196,1179,"Lodgepole_Pine",91366
91515,2938,69,6,255,10,953,226,228,136,2280,"Lodgepole_Pine",91515
91789,2886,12,7,570,94,4295,213,226,150,5518,"Spruce_Fir",91789
91899,3013,301,4,85,7,4360,208,238,168,793,"Lodgepole_Pine",91899
91968,3317,154,11,488,97,1368,234,241,137,2112,"Spruce_Fir",91968
92062,2995,27,20,319,79,4763,207,192,114,3613,"Spruce_Fir",92062
92235,2956,289,18,778,310,1384,168,235,207,2012,"Lodgepole_Pine",92235
92348,3226,243,3,170,5,5917,213,242,166,1668,"Spruce_Fir",92348
92554,3287,175,19,300,48,4644,227,246,143,2613,"Spruce_Fir",92554
92615,3241,282,10,182,30,1113,191,241,189,2520,"Spruce_Fir",92615
92697,3126,201,7,124,17,430,217,247,165,2067,"Spruce_Fir",92697
92788,3202,17,6,404,24,5616,215,228,150,2744,"Lodgepole_Pine",92788
92809,3221,0,13,134,36,1651,200,215,152,1850,"Spruce_Fir",92809
92863,2556,135,13,120,25,810,240,234,122,180,"Lodgepole_Pine",92863
93074,3139,325,11,85,22,5500,192,228,175,541,"Spruce_Fir",93074
93080,2959,167,12,150,7,4307,230,244,145,5299,"Lodgepole_Pine",93080
93436,2985,203,14,124,3,5464,212,252,171,2047,"Spruce_Fir",93436
93614,3225,245,14,134,27,836,192,250,195,1922,"Spruce_Fir",93614
93633,2246,1,35,240,121,1031,148,151,123,1201,"Ponderosa_Pine",93633
93655,2642,35,25,60,-3,2537,209,178,92,934,"Lodgepole_Pine",93655
93707,3047,105,15,85,16,3780,244,220,100,2734,"Spruce_Fir",93707
93729,2935,204,19,134,48,511,207,253,175,1495,"Lodgepole_Pine",93729
93806,3052,92,22,201,40,3259,248,200,70,765,"Spruce_Fir",93806
94015,2930,329,1,134,10,1165,215,237,159,319,"Spruce_Fir",94015
94120,3082,311,5,30,8,1441,206,236,169,1657,"Spruce_Fir",94120
94182,2885,18,18,30,8,1302,202,198,128,870,"Lodgepole_Pine",94182
94320,3286,47,12,134,18,1853,224,213,121,4767,"Spruce_Fir",94320
94460,3194,225,11,323,-12,730,205,250,181,2167,"Lodgepole_Pine",94460
94950,2919,101,15,330,-19,5614,244,218,99,3692,"Lodgepole_Pine",94950
95092,2650,82,13,190,42,2256,237,217,108,2317,"Douglas_fir",95092
95109,3168,127,15,283,52,2433,244,229,110,2971,"Lodgepole_Pine",95109
95231,3088,39,16,180,40,2761,219,204,116,872,"Spruce_Fir",95231
95296,2995,30,4,446,77,4370,218,231,149,1969,"Lodgepole_Pine",95296
95315,2744,126,7,0,0,1691,232,236,137,2107,"Spruce_Fir",95315
95360,2610,121,10,182,32,1065,237,232,125,725,"Lodgepole_Pine",95360
95718,3280,336,17,255,82,1632,179,214,173,2789,"Spruce_Fir",95718
95731,3209,145,4,60,0,2340,225,239,149,1648,"Aspen",95731
95814,3182,74,20,408,106,3036,239,198,81,934,"Spruce_Fir",95814
95839,3119,32,6,752,38,2014,219,226,144,2574,"Spruce_Fir",95839
95873,2748,40,20,201,60,1195,217,191,100,1624,"Lodgepole_Pine",95873
96141,3005,358,13,150,30,1239,199,215,153,751,"Spruce_Fir",96141
96228,2939,99,9,134,7,3679,235,228,125,6446,"Lodgepole_Pine",96228
96303,3174,270,31,67,16,1136,123,232,238,2529,"Spruce_Fir",96303
96352,2816,52,27,242,122,268,222,172,68,1414,"Aspen",96352
96425,3142,38,10,395,73,4350,220,217,131,2135,"Lodgepole_Pine",96425
96432,3168,114,9,342,52,2200,236,231,125,2942,"Spruce_Fir",96432
96533,3136,219,13,67,13,5368,204,252,182,1065,"Spruce_Fir",96533
96573,3189,162,7,408,-17,598,227,242,148,2205,"Lodgepole_Pine",96573
96592,2818,329,13,30,5,895,189,225,175,1209,"Spruce_Fir",96592
96620,3224,205,5,201,16,1485,217,244,164,532,"Lodgepole_Pine",96620
96645,3305,36,12,362,19,1643,219,212,127,4968,"Spruce_Fir",96645
96746,2863,97,24,67,11,3390,250,198,63,4980,"Lodgepole_Pine",96746
96989,3094,359,10,446,61,295,205,222,154,1253,"Lodgepole_Pine",96989
97006,2865,186,14,484,19,1492,222,249,157,721,"Lodgepole_Pine",97006
97160,2688,87,10,180,64,1533,235,224,119,1316,"Ponderosa_Pine",97160
97388,2247,8,27,240,135,824,178,176,125,309,"Ponderosa_Pine",97388
97400,3011,235,8,404,95,5437,207,247,178,1600,"Aspen",97400
97488,3176,319,17,85,-1,4134,173,221,188,342,"Spruce_Fir",97488
97618,2578,356,14,134,35,781,197,215,155,451,"Lodgepole_Pine",97618
97685,3135,342,1,240,0,3833,217,237,157,1339,"Spruce_Fir",97685
97693,3350,69,7,547,129,1994,227,227,134,2405,"Lodgepole_Pine",97693
97759,2374,217,17,67,27,30,199,254,186,67,"Douglas_fir",97759
97798,3420,121,10,558,-72,934,237,232,126,577,"Krummholz",97798
97841,3198,187,9,192,5,2255,221,247,159,1613,"Spruce_Fir",97841
97859,3106,110,14,0,0,2793,244,223,106,3443,"Aspen",97859
97883,2901,194,10,391,37,1992,218,249,164,875,"Lodgepole_Pine",97883
97983,2755,119,25,108,46,1154,253,209,68,644,"Krummholz",97983
98103,3252,272,12,720,142,1289,187,243,195,2743,"Spruce_Fir",98103
98264,2693,108,17,42,-3,1908,247,218,95,234,"Ponderosa_Pine",98264
98309,2662,241,30,60,28,811,148,247,225,1443,"Lodgepole_Pine",98309
98716,2419,35,20,67,19,926,213,191,106,1284,"Douglas_fir",98716
98728,2754,335,4,376,64,1458,211,234,162,1937,"Krummholz",98728
99018,3359,356,7,825,131,2193,209,228,157,1057,"Spruce_Fir",99018
99089,3104,316,17,162,2,3887,173,223,190,1678,"Spruce_Fir",99089
99111,2985,135,0,541,-34,1771,219,238,156,1068,"Spruce_Fir",99111
99357,3278,68,8,0,0,1764,228,225,130,1822,"Spruce_Fir",99357
99544,3237,133,11,90,-3,1341,238,235,126,2725,"Spruce_Fir",99544
99652,2644,278,18,30,12,1463,168,240,210,870,"Aspen",99652
99803,2731,77,11,0,0,1348,234,219,115,2101,"Lodgepole_Pine",99803
99898,3021,254,11,603,30,5839,195,247,191,4800,"Lodgepole_Pine",99898
99932,3204,346,9,127,16,655,203,227,162,1136,"Lodgepole_Pine",99932
100322,3371,345,11,541,145,1951,197,222,163,3108,"Spruce_Fir",100322
100365,3262,323,5,90,18,5492,207,235,166,391,"Lodgepole_Pine",100365
100413,2750,47,9,485,79,2496,223,221,132,2018,"Cottonwood_Willow",100413
100460,2785,329,11,162,36,1674,194,227,173,2624,"Lodgepole_Pine",100460
100577,2594,94,14,0,0,1490,241,218,103,1075,"Douglas_fir",100577
100860,3241,82,14,30,-1,3443,238,215,105,3710,"Krummholz",100860
100911,3088,73,15,636,256,646,236,211,103,1074,"Douglas_fir",100911
100973,3262,217,10,272,29,2034,210,250,175,1317,"Spruce_Fir",100973
101240,3101,122,17,134,27,4422,247,224,99,967,"Lodgepole_Pine",101240
101332,2414,99,6,240,76,1248,230,232,136,782,"Ponderosa_Pine",101332
101455,2995,72,2,630,69,5379,222,234,149,6282,"Lodgepole_Pine",101455
101491,2747,119,12,67,19,2529,241,229,117,6577,"Lodgepole_Pine",101491
101583,2965,0,3,543,68,4207,215,234,156,5560,"Lodgepole_Pine",101583
101789,3158,113,7,150,10,3852,233,233,132,313,"Spruce_Fir",101789
102008,3177,301,6,150,36,2736,204,238,172,957,"Lodgepole_Pine",102008
102038,3028,68,11,443,83,4287,232,218,118,1756,"Lodgepole_Pine",102038
102122,3265,339,14,95,22,2200,188,218,169,2654,"Spruce_Fir",102122
102129,2458,58,7,531,80,702,226,225,133,1167,"Douglas_fir",102129
102138,3471,240,23,450,216,3157,172,252,212,624,"Spruce_Fir",102138
102163,3113,263,25,474,68,5908,151,243,226,1772,"Lodgepole_Pine",102163
102414,2438,323,27,192,84,713,144,202,193,1159,"Douglas_fir",102414
102530,2778,4,18,150,37,566,194,203,144,2255,"Lodgepole_Pine",102530
102549,2698,62,36,85,44,1452,223,143,22,1027,"Lodgepole_Pine",102549
102551,3250,143,20,366,89,1749,244,231,106,1409,"Spruce_Fir",102551
102647,3197,270,3,524,101,1503,211,240,168,2442,"Spruce_Fir",102647
102784,3257,91,9,42,-2,3566,235,226,122,3678,"Krummholz",102784
102793,2577,14,2,134,27,430,217,235,155,1410,"Lodgepole_Pine",102793
103326,2731,84,9,124,21,1271,233,225,125,2134,"Lodgepole_Pine",103326
103341,3042,152,5,30,2,2860,226,240,149,499,"Lodgepole_Pine",103341
104073,2825,119,20,638,196,2730,250,218,87,1869,"Ponderosa_Pine",104073
104194,3625,285,14,467,213,3120,181,239,198,1324,"Spruce_Fir",104194
104576,2982,3,8,90,15,1952,209,225,153,601,"Lodgepole_Pine",104576
104696,3177,179,13,60,10,2698,225,247,152,2678,"Krummholz",104696
104708,3215,90,6,0,0,3903,229,231,136,2806,"Krummholz",104708
104763,3445,0,8,481,106,1682,209,226,155,1284,"Krummholz",104763
104780,2920,173,28,642,254,2236,224,240,129,1833,"Krummholz",104780
104818,3255,352,13,30,4,3108,196,217,158,2594,"Krummholz",104818
104988,3205,85,9,170,30,3264,233,225,124,4777,"Spruce_Fir",104988
105117,3136,153,11,371,20,3328,233,241,138,2963,"Spruce_Fir",105117
105236,3132,40,14,379,68,4991,220,208,119,2938,"Spruce_Fir",105236
105245,3173,62,23,433,101,4937,232,186,74,3192,"Spruce_Fir",105245
105595,3188,153,6,30,0,3630,228,240,146,3072,"Spruce_Fir",105595
105718,2983,38,3,420,51,1928,219,233,150,882,"Spruce_Fir",105718
105732,3004,311,9,0,0,2820,195,234,179,981,"Spruce_Fir",105732
105750,3008,17,18,180,33,1263,203,200,130,810,"Spruce_Fir",105750
105874,3378,111,11,495,75,1905,240,228,117,2974,"Spruce_Fir",105874
105913,3201,33,13,685,105,1387,217,211,127,2359,"Spruce_Fir",105913
105914,3517,92,17,918,232,2518,244,211,90,1101,"Spruce_Fir",105914
106033,3042,254,13,108,28,1736,190,248,196,1440,"Spruce_Fir",106033
106131,3097,300,5,60,2,2137,205,238,172,1095,"Spruce_Fir",106131
106236,3183,2,19,376,98,3192,190,200,144,1616,"Spruce_Fir",106236
106313,3081,257,4,85,0,2583,209,242,171,624,"Spruce_Fir",106313
106452,2834,63,6,339,66,3417,226,227,135,6097,"Spruce_Fir",106452
106467,3348,181,19,430,86,4489,223,248,150,2716,"Spruce_Fir",106467
106512,2999,295,11,162,26,402,189,237,188,277,"Spruce_Fir",106512
106572,3011,20,29,481,-14,700,187,167,103,1207,"Spruce_Fir",106572
106774,3202,30,16,630,15,1805,213,203,121,2018,"Spruce_Fir",106774
106824,3297,305,22,361,101,485,154,222,206,626,"Spruce_Fir",106824
107394,3025,151,6,300,56,5109,228,240,145,912,"Lodgepole_Pine",107394
107405,2939,263,8,153,23,5176,200,244,183,1633,"Lodgepole_Pine",107405
107513,2796,112,16,30,9,1940,246,222,100,2893,"Lodgepole_Pine",107513
107526,2975,71,24,301,-1,391,238,185,63,1213,"Lodgepole_Pine",107526
107648,2864,14,9,283,58,2382,212,222,147,2737,"Lodgepole_Pine",107648
107724,2790,235,26,300,145,1591,166,252,214,1338,"Lodgepole_Pine",107724
107770,2925,72,2,90,4,1765,222,234,149,2486,"Lodgepole_Pine",107770
107815,2826,53,12,390,59,1800,227,214,119,1224,"Lodgepole_Pine",107815
107953,2922,159,13,228,26,5169,233,242,137,4587,"Lodgepole_Pine",107953
108030,2799,56,5,595,69,2808,224,228,140,1736,"Lodgepole_Pine",108030
108160,2942,196,7,725,83,2792,219,246,162,1740,"Lodgepole_Pine",108160
108169,3008,309,3,878,36,5783,210,237,165,6192,"Lodgepole_Pine",108169
108187,2658,79,15,300,23,1140,238,212,101,1130,"Lodgepole_Pine",108187
108372,2946,36,17,495,65,1790,217,200,113,3037,"Lodgepole_Pine",108372
108439,2823,359,14,300,67,1410,199,214,152,2679,"Lodgepole_Pine",108439
108698,2633,40,8,270,-9,1082,221,222,135,5741,"Lodgepole_Pine",108698
108806,2838,58,16,42,-2,362,230,203,101,1574,"Lodgepole_Pine",108806
108988,2854,192,13,42,7,808,219,250,162,150,"Lodgepole_Pine",108988
109016,2899,149,1,510,22,3840,221,238,154,3428,"Lodgepole_Pine",109016
109073,3316,282,16,819,191,3852,173,239,205,2271,"Lodgepole_Pine",109073
109203,2998,104,4,180,20,3086,226,234,143,6182,"Lodgepole_Pine",109203
109369,3056,0,6,162,8,1101,212,229,155,1811,"Lodgepole_Pine",109369
109663,3009,123,13,335,78,2479,241,230,115,1338,"Lodgepole_Pine",109663
109994,2625,160,13,335,97,830,233,242,137,1276,"Ponderosa_Pine",109994
110069,2240,83,18,42,13,785,242,206,86,408,"Ponderosa_Pine",110069
110089,2387,12,19,255,76,1396,196,197,133,362,"Ponderosa_Pine",110089
