Var1,elevation,aspect,slope,horizontal_distance_to_hydrology,Vertical_Distance_To_Hydrology,Horizontal_Distance_To_Roadways,Hillshade_9am,Hillshade_Noon,Hillshade_3pm,Horizontal_Distance_To_Fire_Points,class
109050,3288,276,9,607,161,3711,197,242,184,2073,Lodgepole_Pine
82022,2522,100,24,150,27,1121,251,200,63,1022,Ponderosa_Pine
52067,2765,44,17,242,50,1158,222,201,109,2190,Lodgepole_Pine
64631,3088,42,22,450,170,2335,218,187,95,2227,Spruce_Fir
69950,3093,22,15,702,174,4426,209,206,130,3710,Spruce_Fir
66326,3400,49,32,721,185,2365,215,155,53,1961,Spruce_Fir
78784,2715,82,13,484,115,1355,237,218,109,2558,Lodgepole_Pine
89764,2824,271,37,272,190,1253,100,222,246,1503,Lodgepole_Pine
37929,3068,337,10,247,49,2770,197,225,167,751,Spruce_Fir
54604,2209,14,28,108,18,424,182,172,115,792,Douglas_fir
471,3003,42,16,124,18,553,220,202,112,1797,Spruce_Fir
47246,2978,11,4,124,10,4075,216,232,153,5533,Lodgepole_Pine
89946,3144,252,17,474,88,5941,181,249,205,1775,Lodgepole_Pine
15683,3024,256,4,792,59,5734,210,242,170,5903,Lodgepole_Pine
38695,2919,81,6,67,3,3915,228,230,136,6192,Spruce_Fir
99307,3093,314,14,85,18,1383,182,228,186,2971,Lodgepole_Pine
85814,3277,150,4,319,37,5105,225,239,150,666,Lodgepole_Pine
68570,2179,227,24,268,132,309,178,254,204,918,Ponderosa_Pine
41338,3230,240,11,589,120,1048,198,250,188,2845,Spruce_Fir
82701,3205,262,13,268,49,2844,188,246,197,713,Spruce_Fir
49969,2398,274,12,95,9,1201,189,243,193,1022,Ponderosa_Pine
51197,3155,264,19,295,41,4739,169,245,213,3130,Spruce_Fir
84970,3114,348,21,722,35,997,177,202,159,1507,Spruce_Fir
68230,2981,101,26,30,4,459,252,195,54,1338,Spruce_Fir
11021,2215,342,23,228,69,408,167,199,167,371,Lodgepole_Pine
100378,3185,72,19,418,102,3051,238,201,87,932,Spruce_Fir
24995,3043,309,12,458,-77,1839,187,232,185,2008,Lodgepole_Pine
80852,2277,344,35,319,185,601,132,165,158,283,Ponderosa_Pine
96683,3206,122,23,309,46,3800,251,215,79,484,Spruce_Fir
64046,2362,323,10,376,152,1140,194,230,175,612,Douglas_fir
32377,3260,107,13,518,-4,870,241,224,110,2730,Spruce_Fir
67065,3017,336,6,467,62,4992,206,231,164,1678,Lodgepole_Pine
14291,2968,116,8,67,14,4336,235,232,129,2117,Lodgepole_Pine
13019,2925,189,16,212,46,3662,219,250,160,5206,Lodgepole_Pine
47253,3104,156,32,420,89,1928,237,224,90,1302,Spruce_Fir
37763,3434,104,21,450,10,2114,250,209,78,2768,Spruce_Fir
5205,3126,237,13,182,45,1399,197,251,190,977,Spruce_Fir
5627,3067,240,8,648,68,5594,206,247,179,3368,Lodgepole_Pine
107728,3163,150,17,210,22,2403,240,237,121,1570,Lodgepole_Pine
17283,3553,56,20,942,319,2329,229,194,90,1487,Spruce_Fir
34281,3113,336,11,618,96,1473,195,225,169,2285,Spruce_Fir
89537,2503,51,30,192,77,765,218,160,55,800,Lodgepole_Pine
108746,3128,321,25,577,87,1254,150,208,194,999,Lodgepole_Pine
101787,2762,290,27,201,88,1328,135,225,225,779,Lodgepole_Pine
8992,3146,112,5,1237,203,3034,229,234,139,1594,Lodgepole_Pine
66811,2802,26,8,90,12,3267,216,222,142,5734,Lodgepole_Pine
92926,2702,295,23,108,26,1694,149,227,215,1237,Lodgepole_Pine
84344,3176,102,15,67,14,1518,244,219,99,2486,Cottonwood_Willow
62111,3138,139,4,90,1,4137,227,238,146,1574,Spruce_Fir
15806,3040,90,20,162,28,3298,246,204,78,752,Spruce_Fir
94794,3088,180,11,182,7,2465,224,247,154,3501,Spruce_Fir
1790,3192,80,7,277,18,5087,230,228,131,2343,Spruce_Fir
103223,3193,356,30,601,90,1224,158,171,140,1510,Spruce_Fir
33428,3076,248,8,124,9,5600,204,246,180,2269,Lodgepole_Pine
47540,3324,72,14,258,2,3271,235,213,106,1838,Krummholz
57370,3102,87,9,60,8,2227,234,224,121,1761,Spruce_Fir
33547,2851,17,18,162,22,1554,203,200,130,2734,Spruce_Fir
34674,2583,227,23,192,56,924,180,254,203,1495,Ponderosa_Pine
55625,2839,152,5,42,-1,2070,226,240,149,2509,Lodgepole_Pine
51769,2822,127,22,162,32,2201,250,220,86,1343,Aspen
105811,3454,315,31,150,91,3371,123,197,206,1434,Spruce_Fir
79551,2815,279,16,408,83,218,175,241,204,1931,Lodgepole_Pine
47200,2969,188,5,90,5,5470,220,244,159,2230,Spruce_Fir
89356,2585,30,9,95,5,3000,218,220,137,2535,Lodgepole_Pine
12521,3253,45,4,552,76,5619,221,231,147,2753,Lodgepole_Pine
11122,2521,345,16,67,5,1342,188,214,163,1260,Douglas_fir
72867,3090,117,11,192,20,3260,238,230,121,3051,Spruce_Fir
33685,2949,305,23,845,574,930,149,220,208,2278,Cottonwood_Willow
72377,2959,282,23,175,73,5197,150,234,221,1260,Lodgepole_Pine
56494,3440,1,9,450,101,1673,207,223,153,1279,Krummholz
60890,3216,346,16,120,28,1704,188,213,163,1969,Spruce_Fir
59936,2742,118,32,95,46,3323,254,192,38,6007,Aspen
20321,3211,97,8,361,36,3565,234,228,127,4389,Spruce_Fir
4598,2708,93,29,95,57,120,250,181,38,2289,Aspen
95596,3023,22,19,433,-9,594,204,195,121,604,Lodgepole_Pine
5295,2713,99,10,175,45,1142,236,227,121,3059,Lodgepole_Pine
2629,3307,162,25,85,10,1342,235,236,116,1188,Spruce_Fir
58973,3004,214,14,120,21,1332,207,252,179,1943,Spruce_Fir
83305,2160,350,34,85,55,1231,140,163,148,1001,Ponderosa_Pine
75091,2880,17,26,272,78,1361,189,177,115,2739,Lodgepole_Pine
88289,3208,347,8,30,0,3937,206,228,160,3504,Spruce_Fir
53714,3197,72,10,404,49,5798,232,221,120,1771,Spruce_Fir
70112,3209,274,11,384,72,1867,190,243,192,2086,Spruce_Fir
30040,3219,84,24,134,15,2320,245,191,62,4188,Spruce_Fir
29372,3253,323,14,666,182,3336,184,225,180,1917,Spruce_Fir
33480,3224,39,13,371,16,2780,220,210,122,1101,Spruce_Fir
106377,3171,156,8,240,31,902,230,241,144,2282,Spruce_Fir
110133,2715,135,10,335,77,2524,236,236,130,1036,Ponderosa_Pine
40978,2796,337,24,295,61,1396,159,199,174,1310,Lodgepole_Pine
38847,2643,230,8,395,115,845,208,248,177,1024,Ponderosa_Pine
16413,2818,349,28,108,56,3653,159,183,154,5817,Spruce_Fir
102819,3067,38,8,67,1,3834,220,222,136,706,Spruce_Fir
7386,2392,26,6,60,9,582,217,227,146,684,Douglas_fir
45946,2725,54,4,351,36,2040,222,230,143,5923,Lodgepole_Pine
82004,2973,235,9,277,73,474,204,248,181,1503,Lodgepole_Pine
22758,3186,318,6,335,44,4696,205,235,169,2400,Lodgepole_Pine
13463,3142,252,6,67,-4,2796,207,244,176,874,Lodgepole_Pine
28369,3227,61,11,95,18,5299,229,217,120,485,Spruce_Fir
17350,3161,197,14,649,78,234,215,251,167,2460,Lodgepole_Pine
25559,2352,272,24,339,136,811,150,239,225,1090,Douglas_fir
106399,3282,18,12,685,58,2998,211,215,139,3408,Spruce_Fir
11130,3365,111,14,696,165,537,244,223,105,258,Krummholz
71231,3241,201,22,270,32,1995,204,253,174,3448,Spruce_Fir
4703,3122,211,13,285,31,2174,209,252,177,815,Lodgepole_Pine
98312,3263,141,9,190,20,5347,234,238,134,706,Lodgepole_Pine
77959,2783,54,16,488,-30,1716,228,203,104,2486,Lodgepole_Pine
82729,2829,156,6,300,28,2560,227,241,148,2647,Lodgepole_Pine
64428,2970,313,12,90,4,4152,189,231,182,1138,Lodgepole_Pine
26547,2878,347,11,120,23,3658,198,222,162,5526,Lodgepole_Pine
26001,2966,41,10,781,168,2802,221,218,131,607,Ponderosa_Pine
97436,3160,335,21,446,73,3653,167,207,176,1518,Spruce_Fir
97092,3013,115,26,240,77,1687,253,205,63,2687,Spruce_Fir
72207,2889,315,4,306,63,2662,210,236,165,2256,Lodgepole_Pine
18585,3177,270,10,450,67,973,193,244,190,787,Lodgepole_Pine
77604,3222,8,19,457,26,1591,195,199,137,2176,Spruce_Fir
58611,2903,98,24,212,89,218,251,198,61,1031,Lodgepole_Pine
45313,2851,71,10,323,51,1624,231,221,121,2728,Lodgepole_Pine
6703,3382,168,9,430,182,2650,228,244,148,671,Spruce_Fir
71673,2699,97,30,124,44,1678,251,182,36,1390,Lodgepole_Pine
109905,2579,345,17,420,92,841,185,212,164,1092,Ponderosa_Pine
21576,2969,8,36,277,110,277,156,146,108,1831,Spruce_Fir
30422,3014,65,7,339,36,5287,227,226,134,6229,Lodgepole_Pine
88358,2581,92,6,216,19,1291,230,231,135,4846,Lodgepole_Pine
28876,2696,330,29,30,20,3108,141,192,184,6215,Aspen
109981,2268,172,17,60,15,384,229,246,142,470,Ponderosa_Pine
77412,2402,316,19,124,34,999,168,221,192,875,Douglas_fir
84931,2940,330,10,134,23,3796,195,228,172,4782,Lodgepole_Pine
25880,3365,164,10,553,36,990,230,243,145,4261,Spruce_Fir
5170,2628,17,27,85,45,1593,188,174,112,6745,Lodgepole_Pine
90356,3163,171,11,60,1,547,228,245,149,1362,Spruce_Fir
32034,2892,350,19,342,110,1645,181,204,158,1774,Lodgepole_Pine
109512,2788,37,12,120,6,390,219,214,128,837,Lodgepole_Pine
6410,2856,33,8,212,11,1342,219,222,139,2338,Lodgepole_Pine
72601,3041,155,13,366,42,5260,235,241,135,3175,Lodgepole_Pine
103915,2651,45,14,324,-12,1347,223,209,117,806,Lodgepole_Pine
88323,3515,85,20,865,230,2210,244,201,78,1579,Spruce_Fir
84690,2565,202,24,120,37,1072,201,253,175,1288,Ponderosa_Pine
57448,3001,79,14,547,201,553,238,214,104,1099,Lodgepole_Pine
8334,2844,186,23,95,30,1441,217,249,153,2163,Aspen
47132,3004,36,18,424,95,4509,215,196,110,4308,Spruce_Fir
11909,3170,17,16,60,15,1712,205,205,133,1719,Spruce_Fir
20062,3406,311,9,433,37,1931,196,234,177,674,Krummholz
23346,2544,313,30,60,56,1053,128,203,208,1689,Krummholz
43559,2788,59,18,150,10,2572,231,201,97,4049,Krummholz
89221,2970,56,23,216,62,2434,228,186,80,1928,Spruce_Fir
17075,2997,79,11,268,16,3818,234,220,117,4869,Lodgepole_Pine
56872,3166,78,13,503,120,342,236,216,109,1490,Lodgepole_Pine
96978,3009,102,7,212,31,474,232,231,132,1047,Spruce_Fir
65282,2571,212,34,240,115,1082,171,248,191,1170,Ponderosa_Pine
32364,2324,240,30,417,-5,658,151,248,223,765,Ponderosa_Pine
20655,2968,143,14,67,19,4253,240,236,122,5325,Lodgepole_Pine
83012,2857,201,16,240,74,2084,211,252,171,1785,Lodgepole_Pine
101589,2584,265,3,190,37,509,213,240,166,930,Lodgepole_Pine
79422,3149,32,13,134,7,1727,216,210,127,671,Spruce_Fir
66549,3298,346,14,390,46,4498,193,218,163,834,Spruce_Fir
38943,2384,318,6,0,0,600,205,235,169,582,Douglas_fir
107994,3084,81,11,95,14,4936,235,221,117,984,Lodgepole_Pine
65990,3251,114,39,283,138,990,252,169,5,1842,Spruce_Fir
73125,3239,224,19,216,28,1894,191,254,194,4080,Spruce_Fir
102834,2270,283,31,60,32,828,119,223,235,684,Ponderosa_Pine
14330,3055,344,21,722,292,858,173,202,164,1560,Lodgepole_Pine
36072,2945,90,11,297,62,5514,237,223,116,3967,Lodgepole_Pine
14312,3084,188,18,865,256,4429,218,250,158,1455,Lodgepole_Pine
45989,3191,241,13,309,56,300,194,250,193,2524,Lodgepole_Pine
80906,2231,333,36,182,101,934,115,169,179,474,Ponderosa_Pine
85712,3011,52,6,577,167,5519,223,227,140,5161,Spruce_Fir
61523,2398,87,18,127,13,484,244,207,87,902,Cottonwood_Willow
65928,2932,179,9,313,46,1908,224,246,154,1832,Spruce_Fir
88153,3329,171,13,366,50,3957,229,245,146,1917,Krummholz
33892,3185,76,15,430,92,3876,238,210,99,2890,Lodgepole_Pine
37773,2738,132,17,42,15,2451,245,228,105,6576,Lodgepole_Pine
22826,3174,62,14,108,1,2791,231,211,110,1856,Spruce_Fir
48949,3187,68,8,85,2,1565,229,223,127,518,Lodgepole_Pine
84283,3264,128,11,150,8,2996,238,233,125,899,Spruce_Fir
55044,2605,112,10,42,1,1806,238,229,121,4663,Lodgepole_Pine
91077,2985,337,12,85,10,5932,194,224,169,3489,Lodgepole_Pine
31302,2971,315,37,297,154,1080,100,182,208,1328,Spruce_Fir
90413,2975,80,19,124,16,4514,242,201,82,2388,Lodgepole_Pine
108683,3147,218,13,120,6,2422,206,252,180,900,Lodgepole_Pine
12773,2869,17,9,67,3,3020,213,221,145,2713,Lodgepole_Pine
50835,3030,156,20,1034,145,3144,238,238,120,1539,Lodgepole_Pine
34227,3262,324,4,258,18,5741,209,235,165,708,Spruce_Fir
72966,3234,265,15,120,13,3139,180,246,204,1218,Spruce_Fir
88098,2681,35,10,120,0,1655,219,219,135,5632,Lodgepole_Pine
59654,2622,74,16,433,49,726,237,207,95,2804,Lodgepole_Pine
73188,2882,293,34,732,505,808,109,211,232,2155,Lodgepole_Pine
106710,3234,58,15,600,27,1825,230,208,108,2577,Spruce_Fir
25014,3438,82,7,764,153,2285,230,228,130,1410,Spruce_Fir
97976,3204,327,19,509,68,4151,170,215,183,785,Spruce_Fir
62190,3043,310,7,256,8,1926,201,235,174,1974,Lodgepole_Pine
59335,3209,6,9,573,65,6217,210,223,151,1273,Spruce_Fir
23912,3397,179,9,1003,158,2955,224,246,154,1690,Krummholz
3004,2985,281,20,499,185,2183,162,238,213,1179,Spruce_Fir
23197,3124,311,5,604,58,1973,205,236,170,2557,Spruce_Fir
75881,3031,216,21,297,122,2656,193,254,190,1643,Lodgepole_Pine
43230,2153,291,34,134,75,510,108,212,234,636,Ponderosa_Pine
713,2695,86,16,335,-32,1368,242,211,95,3948,Lodgepole_Pine
62163,3206,247,5,216,22,633,209,244,173,1595,Spruce_Fir
18207,3348,324,21,108,26,1382,161,212,188,1650,Spruce_Fir
59455,2431,350,20,255,88,872,178,201,158,612,Douglas_fir
92827,3187,14,4,85,1,1409,216,231,153,693,Spruce_Fir
17318,2790,317,24,120,35,1318,151,211,197,2255,Lodgepole_Pine
80496,2983,275,13,532,106,1465,186,243,196,1418,Lodgepole_Pine
11825,2995,143,10,607,79,5718,234,238,134,3485,Lodgepole_Pine
59288,2961,82,18,541,-65,760,242,206,87,1616,Lodgepole_Pine
80495,3069,338,4,234,11,3463,210,233,162,644,Spruce_Fir
43618,3294,131,17,866,178,2520,245,229,106,2372,Spruce_Fir
31947,2835,96,25,408,162,1065,250,194,57,469,Douglas_fir
43321,3114,18,14,666,318,1172,208,209,135,1200,Spruce_Fir
76401,3178,7,23,127,26,5046,186,189,134,972,Spruce_Fir
43774,2714,9,15,175,-76,175,202,209,142,134,Spruce_Fir
98902,2438,220,18,42,13,570,196,254,189,600,Ponderosa_Pine
28828,3281,96,18,108,8,2415,246,212,89,1825,Spruce_Fir
45806,2847,94,7,95,1,2040,232,229,130,2611,Lodgepole_Pine
64039,3146,31,18,677,-12,4169,213,199,117,3801,Spruce_Fir
66219,3188,308,11,95,16,4356,190,233,183,3288,Spruce_Fir
3252,2818,11,15,95,27,3941,202,208,140,5374,Lodgepole_Pine
58694,3194,89,49,170,91,2971,233,114,0,1209,Lodgepole_Pine
95813,2869,165,10,376,51,3638,229,243,146,3268,Lodgepole_Pine
8984,3145,357,13,876,349,1357,198,215,154,1065,Spruce_Fir
106434,3124,17,12,330,29,1663,210,214,140,2824,Spruce_Fir
9022,3115,142,17,85,24,4990,242,234,115,1544,Spruce_Fir
93375,3024,327,5,90,5,5049,208,234,165,2586,Spruce_Fir
41336,2965,136,15,85,-1,875,242,233,115,1506,Lodgepole_Pine
100896,2629,147,19,108,11,713,242,235,114,1914,Lodgepole_Pine
24119,2651,308,38,190,81,2191,95,188,219,2301,Lodgepole_Pine
9758,2207,324,29,212,118,785,136,196,193,977,Douglas_fir
22729,3256,172,25,153,48,4069,227,242,132,3103,Spruce_Fir
49056,2716,330,7,150,26,2356,204,232,167,4565,Lodgepole_Pine
69701,3074,180,18,283,26,2401,224,248,150,3259,Lodgepole_Pine
15068,2693,23,17,85,9,1326,208,202,127,1878,Lodgepole_Pine
72983,2701,104,9,0,0,1535,235,229,126,800,Lodgepole_Pine
6433,2741,63,31,108,-12,124,229,160,40,1504,Aspen
89287,2365,66,14,228,55,400,233,211,107,589,Ponderosa_Pine
1348,2968,160,10,295,22,5103,230,242,143,2160,Spruce_Fir
79688,3169,96,13,95,0,1250,241,220,107,1159,Lodgepole_Pine
72487,3159,13,22,309,74,3181,193,189,127,1549,Spruce_Fir
3660,3764,343,13,939,318,5155,193,219,165,3264,Cottonwood_Willow
28387,2939,207,10,170,20,5261,214,249,170,3704,Lodgepole_Pine
66342,2976,87,18,860,178,3187,243,208,88,807,Lodgepole_Pine
22086,3059,232,5,443,90,5501,211,245,171,845,Lodgepole_Pine
109332,2751,342,9,120,16,1230,202,227,164,2135,Lodgepole_Pine
18565,2883,349,46,192,21,2922,96,120,133,2584,Cottonwood_Willow
19800,3071,336,12,60,13,2603,193,223,170,666,Spruce_Fir
31436,3331,336,9,458,68,987,201,229,167,1261,Spruce_Fir
69162,3060,202,14,573,-22,5875,212,252,171,2981,Lodgepole_Pine
99263,3256,305,26,524,161,466,140,216,211,1061,Spruce_Fir
42571,3369,321,6,319,32,1410,204,234,169,2176,Spruce_Fir
66844,2103,109,30,85,35,532,254,191,41,134,Cottonwood_Willow
55531,3461,320,12,391,40,5095,190,229,179,4202,Krummholz
78035,2719,182,5,90,10,1820,222,244,157,4183,Lodgepole_Pine
78391,2965,203,8,324,56,5306,216,247,166,4057,Lodgepole_Pine
109075,3250,164,15,295,62,1106,233,243,137,2621,Lodgepole_Pine
30316,3213,19,11,693,26,1917,212,217,141,457,Spruce_Fir
52671,3037,250,17,30,6,1638,181,250,205,488,Lodgepole_Pine
40024,2920,209,20,95,45,1366,201,254,182,858,Lodgepole_Pine
74871,3189,125,14,180,51,648,242,230,113,2317,Lodgepole_Pine
30646,3417,333,11,765,221,886,196,226,170,853,Spruce_Fir
65850,3038,305,22,124,39,655,154,222,206,1860,Spruce_Fir
36958,3136,292,23,300,105,2787,149,228,216,2651,Spruce_Fir
51498,3125,241,10,297,52,5697,202,248,184,2452,Lodgepole_Pine
97896,3106,16,20,67,3,4233,199,193,126,2989,Spruce_Fir
20408,3166,52,13,457,97,4473,226,211,115,2234,Lodgepole_Pine
106612,2991,28,31,277,86,2166,192,158,85,1801,Spruce_Fir
57875,2998,339,13,150,12,693,191,221,168,1082,Lodgepole_Pine
23954,3224,214,20,808,-45,4036,198,254,186,1302,Lodgepole_Pine
80884,2834,16,11,30,3,1215,211,217,142,2490,Lodgepole_Pine
11070,2632,39,20,366,-16,570,217,192,103,1033,Lodgepole_Pine
61119,3237,27,12,874,46,3820,215,215,135,2433,Spruce_Fir
64595,3237,72,13,216,29,3375,234,215,111,3046,Lodgepole_Pine
2873,2918,74,11,95,8,3769,233,219,116,1754,Lodgepole_Pine
81955,2795,308,12,90,8,2449,188,232,185,2591,Spruce_Fir
52140,2681,27,10,67,1,1567,216,219,139,1158,Lodgepole_Pine
99877,2946,48,22,124,15,4497,223,188,89,1189,Lodgepole_Pine
30618,2612,53,25,90,38,1209,224,177,72,990,Lodgepole_Pine
90971,3298,302,16,767,23,2190,174,231,197,837,Spruce_Fir
45009,3136,39,12,433,23,3947,220,213,126,3296,Lodgepole_Pine
92425,2844,327,27,295,102,3632,143,197,188,1195,Lodgepole_Pine
78472,3008,325,6,735,122,1399,206,234,167,2014,Lodgepole_Pine
23834,2637,56,15,350,59,1224,229,206,106,703,Lodgepole_Pine
59819,3097,311,5,666,12,1020,206,236,169,1092,Lodgepole_Pine
62483,3162,59,22,384,78,4996,231,189,80,3311,Spruce_Fir
95470,3120,15,8,127,9,1506,213,223,147,1224,Lodgepole_Pine
32506,3004,123,25,503,227,912,253,211,70,911,Lodgepole_Pine
42376,2624,108,9,342,-15,834,237,229,123,685,Aspen
97894,2968,337,9,457,141,5046,200,228,166,5172,Spruce_Fir
97443,3323,82,24,190,30,2105,245,191,63,2071,Krummholz
87376,2940,216,11,696,104,2654,209,251,177,1674,Lodgepole_Pine
18205,3065,90,14,247,-34,759,241,216,101,1544,Spruce_Fir
77263,3273,8,13,540,70,2001,204,213,145,966,Spruce_Fir
55016,3051,135,4,95,5,2981,226,238,147,703,Lodgepole_Pine
4497,2669,336,10,301,76,1207,197,226,168,1183,Lodgepole_Pine
5846,3272,196,17,424,96,3267,214,252,166,2973,Ponderosa_Pine
31917,3393,84,9,658,203,1273,233,225,123,960,Krummholz
15253,2928,30,8,582,86,2720,218,223,140,1291,Spruce_Fir
97345,3191,325,8,607,16,3960,201,232,170,4111,Spruce_Fir
41835,2989,345,19,390,146,1889,179,207,164,2866,Lodgepole_Pine
69575,3259,341,16,362,59,3734,186,215,167,3962,Spruce_Fir
79521,2936,77,8,0,0,1136,231,225,127,1209,Lodgepole_Pine
21556,2577,33,7,192,11,516,219,226,143,1027,Lodgepole_Pine
108380,3051,196,4,485,109,2996,219,243,160,1116,Lodgepole_Pine
43863,3094,322,25,175,70,2945,149,206,192,2673,Spruce_Fir
46897,2750,236,20,120,2,1489,182,253,204,1406,Lodgepole_Pine
30579,3110,119,12,450,51,540,240,229,117,1226,Lodgepole_Pine
72189,2965,270,18,95,23,2732,170,243,211,1917,Spruce_Fir
64846,3090,304,23,390,-13,1323,151,221,208,2979,Spruce_Fir
83248,2182,15,46,150,42,618,135,103,68,524,Ponderosa_Pine
10536,2383,331,11,30,9,979,194,226,172,886,Douglas_fir
88555,2157,305,29,335,260,361,130,211,215,342,Aspen
35010,3076,145,23,283,68,700,245,229,100,1405,Lodgepole_Pine
48008,3273,293,8,277,30,4888,198,239,180,875,Lodgepole_Pine
78852,2727,345,27,85,35,1517,157,186,161,1104,Lodgepole_Pine
11058,3087,238,31,666,-3,3974,151,248,222,1142,Douglas_fir
78522,2929,114,6,180,21,4142,230,234,138,4308,Lodgepole_Pine
20211,3165,352,9,134,11,1450,205,225,158,984,Spruce_Fir
9917,3008,261,5,912,122,5793,209,242,172,5594,Lodgepole_Pine
10297,2865,136,16,95,16,2616,243,232,113,2107,Lodgepole_Pine
52829,3175,103,16,484,26,5926,245,218,97,1273,Lodgepole_Pine
34975,2847,220,20,210,90,1650,193,254,192,1382,Lodgepole_Pine
104212,2907,14,4,446,30,3903,216,231,153,3490,Lodgepole_Pine
2379,2455,351,24,120,27,840,171,193,155,1101,Douglas_fir
98331,2788,196,21,360,-24,1406,210,252,167,888,Lodgepole_Pine
26533,3839,16,10,1045,63,4625,211,219,143,2687,Krummholz
26444,3078,18,5,270,21,3261,216,229,150,1338,Lodgepole_Pine
1901,3084,126,4,90,4,895,227,237,145,1790,Spruce_Fir
71483,2336,157,7,30,-8,342,228,241,146,769,Ponderosa_Pine
2328,2972,252,22,180,86,6204,164,248,218,4873,Lodgepole_Pine
56250,2919,342,5,153,16,4540,209,232,161,6012,Lodgepole_Pine
15313,3050,63,11,492,141,4291,230,218,121,4615,Douglas_fir
86680,3037,342,15,108,27,4751,188,217,167,484,Spruce_Fir
13436,2752,278,15,90,17,1771,177,241,203,1006,Lodgepole_Pine
97012,3189,73,18,90,13,1384,238,203,90,1292,Lodgepole_Pine
92978,3174,12,10,648,66,1812,210,220,146,2542,Spruce_Fir
74412,3282,309,13,90,23,3233,184,231,187,2155,Spruce_Fir
100522,3246,105,23,201,46,972,252,205,68,960,Krummholz
66322,2421,12,19,67,11,417,197,197,132,1260,Douglas_fir
83102,3353,71,20,379,74,1820,238,197,82,1864,Spruce_Fir
99291,2995,303,14,108,22,2541,180,232,193,949,Lodgepole_Pine
93574,2923,214,14,741,283,1154,207,252,179,1782,Lodgepole_Pine
24189,2954,15,18,570,85,2314,202,201,132,1905,Lodgepole_Pine
42880,2162,11,35,201,111,384,162,149,105,331,Ponderosa_Pine
9062,2890,58,15,541,102,1140,230,208,108,1654,Lodgepole_Pine
107302,3010,96,29,351,-63,589,251,184,40,1618,Lodgepole_Pine
100275,3132,336,18,379,-6,2223,177,212,173,457,Lodgepole_Pine
81492,2796,41,4,42,0,1597,220,230,146,2335,Lodgepole_Pine
57324,3125,284,15,361,40,3161,177,239,201,1697,Lodgepole_Pine
56899,2431,263,15,408,161,1019,183,246,202,480,Douglas_fir
103960,3007,79,28,541,202,570,243,178,47,1593,Lodgepole_Pine
104371,3018,42,12,860,199,1176,222,213,124,2462,Lodgepole_Pine
35662,2481,101,10,30,5,458,237,227,120,1275,Douglas_fir
84156,3142,334,8,351,-43,1253,202,229,167,967,Spruce_Fir
99387,2158,168,25,153,34,603,230,240,125,630,Ponderosa_Pine
81601,2995,248,11,684,97,5928,197,248,189,5921,Lodgepole_Pine
44501,2116,308,18,67,27,924,169,226,197,779,Douglas_fir
537,3069,82,20,268,60,4772,243,200,78,1818,Spruce_Fir
5176,2867,22,4,384,58,2297,217,230,150,1994,Lodgepole_Pine
49306,3283,46,19,524,147,1044,222,194,99,5311,Spruce_Fir
20940,3006,189,7,510,-14,1500,221,246,160,1530,Ponderosa_Pine
27451,2226,217,28,85,39,994,180,253,195,531,Ponderosa_Pine
63091,3223,169,12,283,38,2977,229,245,145,1008,Lodgepole_Pine
108541,2975,209,32,150,24,1560,178,249,186,1064,Lodgepole_Pine
13644,2925,251,25,470,276,1790,158,248,222,1565,Lodgepole_Pine
96851,2430,43,28,108,29,1148,212,166,72,934,Douglas_fir
94793,2446,334,29,150,74,685,143,189,177,912,Douglas_fir
80312,2793,68,29,228,97,242,235,169,45,1356,Aspen
4584,2980,284,9,633,-54,1509,196,240,184,1794,Lodgepole_Pine
12381,2890,245,12,361,92,1972,196,249,190,882,Lodgepole_Pine
36224,2474,142,23,272,99,277,246,227,95,1048,Ponderosa_Pine
24384,3150,172,15,120,31,1998,229,246,145,2631,Lodgepole_Pine
24726,2229,296,24,242,89,785,146,225,216,418,Ponderosa_Pine
29671,3172,20,11,60,14,1463,212,217,140,2375,Spruce_Fir
81417,2250,93,37,335,-39,569,248,159,5,503,Ponderosa_Pine
94684,2860,337,12,212,43,2333,193,223,169,2135,Spruce_Fir
36824,3256,35,8,510,73,3196,219,223,139,3055,Lodgepole_Pine
38581,2820,38,5,108,6,1248,220,228,144,618,Cottonwood_Willow
74154,3211,42,37,175,93,3958,199,135,43,1320,Spruce_Fir
75679,3128,149,6,60,1,2073,227,240,146,3083,Spruce_Fir
10075,2414,299,28,240,134,371,130,216,221,1771,Ponderosa_Pine
29186,2827,107,18,67,22,2094,247,216,90,2571,Lodgepole_Pine
13037,3152,54,8,95,9,1358,225,222,130,4712,Spruce_Fir
99920,2900,198,2,492,45,3889,218,241,159,3327,Lodgepole_Pine
61839,2414,276,19,95,36,649,167,241,212,513,Douglas_fir
8183,3492,47,16,576,58,2728,224,202,108,1851,Spruce_Fir
1738,2912,335,11,42,7,3089,195,225,169,2296,Lodgepole_Pine
97,3122,7,18,467,25,2866,195,202,141,2820,Lodgepole_Pine
82972,3031,186,16,812,110,3030,221,250,157,1973,Lodgepole_Pine
54567,3266,106,6,612,118,6091,231,232,135,2130,Lodgepole_Pine
23444,2457,76,6,484,101,700,228,229,136,1075,Douglas_fir
98632,2154,345,18,42,9,949,181,208,164,797,Ponderosa_Pine
106452,2834,63,6,339,66,3417,226,227,135,6097,Spruce_Fir
34711,3348,335,11,524,113,3180,196,226,169,3406,Lodgepole_Pine
4970,3229,281,25,876,142,3616,142,232,226,2227,Spruce_Fir
43502,3278,287,19,351,71,604,163,235,211,1025,Spruce_Fir
38335,2148,41,38,108,73,433,197,133,41,285,Douglas_fir
42639,3192,259,4,242,22,5853,211,241,169,1959,Lodgepole_Pine
90578,2366,327,25,67,38,825,152,204,187,1106,Douglas_fir
104835,3803,3,16,1040,357,4816,197,208,146,2912,Krummholz
78282,3125,251,14,95,15,1573,189,249,197,2282,Spruce_Fir
51849,2693,104,14,90,9,1273,243,221,105,698,Lodgepole_Pine
632,2023,84,35,150,76,190,244,157,12,485,Ponderosa_Pine
13074,3277,58,4,30,1,5578,223,230,143,607,Spruce_Fir
45727,3103,54,14,162,3,3295,228,209,111,5322,Spruce_Fir
34242,2542,60,8,443,13,1045,227,223,131,4000,Lodgepole_Pine
83232,3243,207,19,366,98,1124,203,254,179,4514,Lodgepole_Pine
50279,2960,92,8,420,61,3340,233,227,126,2206,Lodgepole_Pine
25547,2529,322,18,335,59,964,172,219,186,912,Lodgepole_Pine
43070,2090,13,11,30,-5,297,210,218,145,418,Douglas_fir
84134,2430,280,16,234,75,1153,174,240,205,765,Douglas_fir
105291,3203,257,5,433,53,5980,208,243,173,2452,Spruce_Fir
45827,3072,166,4,67,0,1622,223,241,153,485,Spruce_Fir
49028,2726,24,22,42,19,1471,202,186,113,1026,Lodgepole_Pine
68299,3206,72,11,659,185,2584,233,219,117,3000,Spruce_Fir
48013,3098,243,11,351,-34,2609,199,249,188,674,Spruce_Fir
1836,3044,253,12,484,53,5921,193,248,193,4555,Lodgepole_Pine
15493,3451,279,17,1167,324,4116,170,240,208,2654,Krummholz
3025,3156,104,9,247,40,2223,236,229,124,3021,Spruce_Fir
15191,3014,162,10,789,105,5908,230,243,144,5514,Lodgepole_Pine
100519,2717,166,13,95,15,1746,230,244,143,972,Lodgepole_Pine
4531,2723,340,21,127,21,2876,171,204,169,1090,Lodgepole_Pine
50426,2794,284,29,331,146,1114,130,227,230,1484,Lodgepole_Pine
29148,3270,41,16,210,44,4439,221,204,114,1368,Spruce_Fir
91935,3131,80,9,108,9,1275,233,223,122,2471,Spruce_Fir
77513,2980,347,12,67,0,908,196,220,162,2186,Spruce_Fir
98580,3268,49,18,42,0,2058,225,197,100,4633,Spruce_Fir
15979,2913,213,11,120,17,5004,210,251,175,1325,Ponderosa_Pine
13236,2415,112,31,234,81,1026,254,191,39,933,Ponderosa_Pine
43002,2907,33,11,382,71,2478,218,216,133,1295,Spruce_Fir
2822,2784,21,23,446,-20,3152,198,185,115,2522,Douglas_fir
90093,3253,225,6,474,19,319,212,246,171,841,Spruce_Fir
50514,2924,240,8,60,9,2117,206,247,179,1645,Lodgepole_Pine
34011,3008,145,13,297,57,4868,238,237,127,1530,Lodgepole_Pine
7535,2990,195,11,900,190,2614,218,249,164,1433,Lodgepole_Pine
89779,1979,33,21,67,19,400,210,188,105,577,Douglas_fir
23181,3061,279,24,524,130,6030,149,235,223,1622,Spruce_Fir
62054,2979,51,10,726,84,1235,225,218,126,1784,Lodgepole_Pine
48273,2868,275,34,679,344,1003,113,225,241,1790,Lodgepole_Pine
21970,2927,139,9,67,6,1369,234,237,134,787,Lodgepole_Pine
74833,2869,138,30,150,45,966,249,214,71,1176,Lodgepole_Pine
18853,3129,276,23,247,19,1290,153,238,221,2563,Spruce_Fir
19483,3192,230,19,658,90,3398,187,254,199,1194,Spruce_Fir
9596,2927,342,10,277,46,907,199,225,164,1982,Lodgepole_Pine
26777,2946,71,22,323,146,335,238,190,71,1414,Spruce_Fir
105396,3212,200,6,108,8,5664,218,246,163,1034,Spruce_Fir
30370,3089,142,18,840,66,2947,243,232,110,2590,Lodgepole_Pine
3999,3243,180,7,524,133,1613,223,244,156,2385,Spruce_Fir
17562,3031,41,13,351,13,3161,221,211,123,5696,Lodgepole_Pine
896,3012,329,6,30,0,4069,207,233,165,1082,Lodgepole_Pine
6168,2152,11,35,90,27,1184,163,149,104,1050,Ponderosa_Pine
15126,3050,50,25,277,35,4692,222,178,76,2964,Cottonwood_Willow
23491,2643,354,19,85,22,1485,185,203,153,1994,Lodgepole_Pine
60683,2796,10,26,190,51,1140,183,179,124,1080,Krummholz
39361,3150,287,7,474,3,2736,200,240,179,300,Spruce_Fir
36570,3132,164,9,256,34,127,228,243,147,4826,Lodgepole_Pine
104659,2827,323,17,400,88,1872,174,220,185,979,Aspen
54006,2961,32,7,569,154,1222,219,224,142,2496,Lodgepole_Pine
38036,3305,12,11,618,128,1173,209,217,145,2416,Lodgepole_Pine
99454,3138,213,8,30,1,1789,213,248,171,2067,Spruce_Fir
85471,3151,65,29,240,91,1530,232,169,48,2568,Spruce_Fir
9779,3001,82,14,150,16,3887,239,214,103,5528,Lodgepole_Pine
87974,2856,118,8,127,-1,1082,234,233,130,2505,Lodgepole_Pine
58282,2492,147,21,180,-57,1320,243,232,107,1495,Ponderosa_Pine
101902,3210,199,19,362,56,3372,210,253,170,874,Spruce_Fir
13576,2807,205,29,400,-54,2190,190,251,179,1630,Lodgepole_Pine
13115,3406,229,5,968,200,1277,212,245,169,1902,Spruce_Fir
29607,3081,115,5,85,6,2462,229,235,140,1984,Spruce_Fir
54087,3193,258,13,641,151,3341,187,247,198,1213,Spruce_Fir
67440,2460,0,18,492,218,955,192,205,148,949,Ponderosa_Pine
68503,2294,286,32,268,163,778,116,220,235,1120,Douglas_fir
40475,3279,127,34,350,70,3111,252,196,41,3030,Douglas_fir
26412,2773,171,16,108,9,2989,229,246,144,2281,Lodgepole_Pine
51206,3256,337,7,390,98,5042,204,230,165,1744,Spruce_Fir
80926,3037,83,6,384,19,1409,229,230,135,2616,Krummholz
11057,2878,43,19,256,65,3056,220,196,104,1936,Lodgepole_Pine
68007,2898,249,23,190,87,1426,165,249,218,408,Lodgepole_Pine
12745,2822,48,30,492,58,1064,216,161,60,2078,Lodgepole_Pine
29288,2614,90,4,108,5,892,226,233,141,5804,Lodgepole_Pine
61840,2982,77,17,85,13,5125,239,206,92,633,Lodgepole_Pine
70976,3190,303,8,582,78,779,198,236,178,999,Lodgepole_Pine
97185,2991,201,11,446,72,5566,216,250,168,3378,Lodgepole_Pine
2893,3236,178,29,402,137,3042,218,242,135,792,Ponderosa_Pine
59719,2198,95,29,210,147,499,251,182,38,218,Cottonwood_Willow
43142,3212,242,13,691,146,6187,195,250,192,1661,Lodgepole_Pine
54418,2471,132,20,85,17,759,248,225,97,764,Ponderosa_Pine
8436,3141,67,25,201,50,5180,235,180,61,1400,Spruce_Fir
109537,3022,99,8,750,226,1289,233,229,128,976,Lodgepole_Pine
101741,3206,138,18,418,115,5279,245,231,107,1533,Spruce_Fir
77328,3015,271,10,120,28,2619,193,243,189,949,Lodgepole_Pine
101995,2790,345,15,212,37,2333,190,216,164,607,Lodgepole_Pine
52299,2556,205,15,0,0,1539,210,253,174,716,Ponderosa_Pine
40899,2977,34,5,0,0,2609,219,228,146,1950,Spruce_Fir
19240,2875,167,15,180,37,977,231,244,140,2244,Lodgepole_Pine
75155,2419,10,20,192,76,927,194,195,134,655,Douglas_fir
36650,3315,188,20,450,109,1788,217,250,158,1524,Spruce_Fir
12589,3209,289,17,190,63,1006,170,236,205,2414,Spruce_Fir
33299,3308,58,10,67,-5,2791,228,218,123,2486,Spruce_Fir
43739,3060,200,15,492,78,5845,213,252,170,1861,Spruce_Fir
87367,2360,325,24,240,112,939,155,207,188,993,Douglas_fir
101493,2828,11,22,371,131,1024,191,191,130,953,Lodgepole_Pine
104920,3008,32,4,711,89,5346,219,230,147,5455,Spruce_Fir
6048,3120,315,14,295,51,342,183,228,185,1353,Lodgepole_Pine
73895,3327,25,21,510,137,1837,205,190,115,2227,Lodgepole_Pine
45587,2764,21,8,162,7,2197,215,223,145,3889,Lodgepole_Pine
61526,2781,184,17,351,93,1830,222,249,154,1120,Lodgepole_Pine
23330,2942,76,16,124,16,5572,239,207,94,4235,Lodgepole_Pine
81036,3365,292,16,834,227,4049,174,236,201,2404,Lodgepole_Pine
73283,3197,171,12,85,13,3225,228,245,147,1230,Lodgepole_Pine
26932,3302,87,18,309,56,1745,243,208,88,2665,Krummholz
16247,2915,67,41,175,108,1383,223,127,0,1036,Lodgepole_Pine
22412,2526,170,16,234,71,767,230,245,142,914,Ponderosa_Pine
13552,2772,276,46,240,138,1476,63,201,252,1361,Lodgepole_Pine
56272,2719,29,50,437,96,849,149,82,0,2236,Lodgepole_Pine
9825,3071,47,8,60,10,4863,223,223,135,2247,Spruce_Fir
79195,3308,295,13,391,90,3988,184,236,192,1655,Spruce_Fir
11968,2806,254,31,134,46,1718,137,242,233,1387,Lodgepole_Pine
6010,2861,238,12,60,15,785,199,250,188,642,Spruce_Fir
33060,2847,126,24,127,45,4446,252,215,77,382,Lodgepole_Pine
85439,3142,324,4,60,7,735,209,235,165,1120,Spruce_Fir
35313,2920,283,37,420,286,1527,96,213,243,1558,Lodgepole_Pine
18362,3192,350,24,67,23,1544,170,193,157,2597,Spruce_Fir
78155,3062,287,10,404,72,2976,193,240,187,1057,Spruce_Fir
80579,3220,191,27,256,89,2657,208,248,158,1040,Spruce_Fir
79863,2950,94,14,218,41,1830,241,219,105,1921,Lodgepole_Pine
108089,2962,342,18,693,164,3064,179,209,167,840,Lodgepole_Pine
41833,3070,133,11,134,15,3475,237,235,127,782,Spruce_Fir
75852,3201,357,17,959,184,1883,192,208,152,2258,Spruce_Fir
25800,2837,147,16,30,4,5051,240,236,121,268,Spruce_Fir
59500,3113,284,9,127,6,1209,196,240,184,1510,Spruce_Fir
37392,2138,321,18,309,133,379,171,219,187,666,Ponderosa_Pine
20892,2881,93,18,720,151,2989,245,211,89,1650,Lodgepole_Pine
42846,3350,188,14,607,111,4478,220,250,160,2438,Krummholz
64353,3224,32,4,30,3,3814,219,230,147,3539,Spruce_Fir
32071,3011,63,7,234,20,5968,226,226,134,3544,Lodgepole_Pine
39755,2442,169,17,470,146,391,231,245,139,911,Ponderosa_Pine
8373,2459,41,11,30,7,474,222,216,129,797,Douglas_fir
57957,3208,265,28,853,287,3331,137,239,233,2479,Spruce_Fir
99777,2389,345,21,426,199,1440,175,203,163,514,Ponderosa_Pine
11609,3243,45,5,309,44,1124,222,228,142,847,Spruce_Fir
108120,2900,132,6,85,4,5166,229,237,141,4732,Lodgepole_Pine
14630,3005,65,5,382,68,4803,225,230,140,1655,Lodgepole_Pine
99169,2945,76,15,242,45,4604,237,212,102,5654,Lodgepole_Pine
56114,3216,61,22,384,73,1399,232,190,79,4921,Spruce_Fir
25300,2829,90,30,270,132,1003,249,177,34,1082,Lodgepole_Pine
24487,2918,182,23,201,55,4063,220,248,149,1478,Lodgepole_Pine
7142,3301,118,10,592,140,1019,238,231,122,1744,Spruce_Fir
41671,2495,15,13,234,45,997,208,212,139,331,Ponderosa_Pine
38127,2975,27,11,417,56,5053,215,217,137,5635,Spruce_Fir
1674,2786,73,16,365,56,2724,237,209,99,1920,Lodgepole_Pine
32427,3262,40,15,234,19,1724,220,205,116,4754,Spruce_Fir
51115,2792,25,12,234,51,1584,213,213,134,2577,Lodgepole_Pine
22315,3107,279,18,631,178,6124,169,240,209,1470,Spruce_Fir
97729,2912,305,31,228,89,1120,120,206,218,1343,Spruce_Fir
25115,3218,120,30,382,112,3430,254,199,49,402,Spruce_Fir
106209,3298,332,14,560,70,1922,187,222,174,870,Spruce_Fir
25965,2982,12,14,108,20,4042,205,211,141,2227,Lodgepole_Pine
86915,3164,31,10,331,44,4566,218,218,135,2416,Lodgepole_Pine
63411,2816,229,14,42,8,2155,198,252,190,2619,Lodgepole_Pine
108571,2904,111,24,124,26,1794,253,206,67,1165,Lodgepole_Pine
13049,3272,122,27,420,235,3900,253,207,62,2664,Spruce_Fir
50734,3405,96,7,618,-48,789,232,230,131,553,Krummholz
7498,3350,78,35,108,55,3879,239,152,13,1664,Spruce_Fir
70691,2733,103,9,210,17,1380,236,228,122,1950,Lodgepole_Pine
51340,2391,17,18,255,121,816,203,200,130,900,Douglas_fir
13886,3037,30,4,474,92,2802,218,231,149,1741,Spruce_Fir
73606,2922,232,11,283,26,5420,203,250,184,5467,Lodgepole_Pine
83700,3034,43,10,616,3,4195,222,218,130,3294,Lodgepole_Pine
94774,2621,327,5,218,12,977,208,234,165,5702,Lodgepole_Pine
13755,2456,219,35,85,47,1397,160,247,202,782,Ponderosa_Pine
73108,2909,273,5,150,9,5219,208,241,172,4652,Lodgepole_Pine
24744,2655,205,10,335,26,674,214,249,170,1239,Lodgepole_Pine
59611,3217,146,14,577,101,2762,239,237,124,3252,Lodgepole_Pine
52015,2916,148,14,95,30,5209,238,238,126,4126,Lodgepole_Pine
3269,3198,8,13,666,180,4458,205,215,146,2192,Spruce_Fir
108444,2951,50,16,598,132,1351,225,205,109,2661,Lodgepole_Pine
26414,3327,62,27,331,120,1863,231,173,58,2418,Spruce_Fir
31294,2773,67,36,150,65,1471,229,145,17,1466,Lodgepole_Pine
85167,3010,67,19,361,20,510,235,199,87,1624,Spruce_Fir
10620,3344,174,15,1031,105,2646,228,246,147,2200,Spruce_Fir
7380,2725,68,5,421,9,1430,225,230,139,1789,Lodgepole_Pine
46065,3218,125,11,589,43,4075,239,232,122,2799,Spruce_Fir
36827,2673,21,30,67,33,1332,186,163,99,1140,Cottonwood_Willow
50396,3228,16,16,361,64,4231,205,206,134,994,Spruce_Fir
13959,3192,32,23,90,17,2148,208,184,102,1641,Lodgepole_Pine
75031,2092,32,32,134,48,212,194,152,73,484,Cottonwood_Willow
88562,3318,298,40,170,28,2925,82,192,233,2389,Spruce_Fir
88205,3459,247,23,420,149,3546,165,250,217,1034,Spruce_Fir
97742,3053,18,4,42,1,1194,217,231,152,1894,Lodgepole_Pine
81253,2610,208,10,350,195,1758,213,250,171,603,Ponderosa_Pine
82934,2600,176,24,60,26,1668,225,245,138,1205,Ponderosa_Pine
22821,2914,250,19,424,128,2160,177,250,209,1926,Lodgepole_Pine
11431,2966,73,18,120,20,1935,238,203,90,2497,Spruce_Fir
66623,3154,153,6,283,-6,1065,228,240,146,1332,Lodgepole_Pine
14052,3159,237,11,663,15,6274,200,250,186,1218,Lodgepole_Pine
74490,2962,252,10,484,64,5721,199,247,187,5865,Lodgepole_Pine
24684,3022,80,4,272,25,2630,225,232,142,912,Spruce_Fir
106080,3243,253,5,633,103,2040,209,243,173,2064,Spruce_Fir
4642,3345,163,14,592,139,1307,232,243,139,2058,Spruce_Fir
101151,2883,291,28,90,59,5338,132,222,225,4807,Lodgepole_Pine
24153,3004,259,15,579,104,5719,183,247,202,4169,Lodgepole_Pine
98233,3252,273,31,124,45,1206,124,231,237,2484,Spruce_Fir
86968,3298,217,7,474,71,3977,212,247,171,2274,Spruce_Fir
99439,2553,122,12,190,27,537,240,231,119,920,Ponderosa_Pine
80810,2993,97,6,570,11,4345,229,232,137,4814,Lodgepole_Pine
57767,2634,331,27,362,197,808,148,196,182,1339,Lodgepole_Pine
71774,2942,109,17,67,10,3638,247,219,96,2710,Lodgepole_Pine
40975,3334,125,14,85,11,1500,242,230,113,3386,Spruce_Fir
82551,3103,190,24,85,19,2766,212,250,159,1209,Lodgepole_Pine
34945,3027,43,12,60,4,1563,222,213,123,1092,Spruce_Fir
91048,3035,208,18,1114,156,3172,205,254,179,1392,Lodgepole_Pine
49303,2824,71,11,85,8,2418,233,218,115,2400,Lodgepole_Pine
53642,3035,98,16,192,25,4153,244,216,97,2616,Lodgepole_Pine
93944,3173,230,19,240,32,2482,188,254,199,983,Lodgepole_Pine
91059,2275,13,25,277,150,994,187,180,121,1236,Ponderosa_Pine
15905,3112,47,9,175,-2,2388,224,220,130,1395,Spruce_Fir
11037,2928,335,17,67,20,4385,180,216,174,2423,Lodgepole_Pine
35032,3024,51,10,467,23,6508,225,218,126,2866,Lodgepole_Pine
26696,2858,63,10,330,115,1240,229,221,124,1230,Lodgepole_Pine
15722,2657,71,9,268,45,870,231,222,124,1065,Lodgepole_Pine
45846,2577,62,6,0,0,782,225,228,138,1260,Douglas_fir
30322,2107,325,31,85,44,592,130,190,191,785,Douglas_fir
54812,2913,100,19,450,117,977,248,210,83,872,Lodgepole_Pine
47800,2987,76,10,300,22,4896,232,222,121,2647,Spruce_Fir
11795,2909,315,15,127,24,3174,178,226,188,1913,Lodgepole_Pine
92707,3252,149,19,402,80,1788,241,235,115,1333,Spruce_Fir
53760,2994,75,14,60,14,1123,236,213,104,2095,Spruce_Fir
107012,2858,70,10,297,57,2949,231,220,120,2416,Lodgepole_Pine
72935,3240,97,6,591,211,2828,229,232,137,3095,Spruce_Fir
33484,2664,13,14,127,22,2352,206,211,141,1020,Lodgepole_Pine
108922,3027,213,8,750,160,5880,213,248,170,3798,Lodgepole_Pine
68758,2696,65,29,313,149,1112,233,168,47,953,Lodgepole_Pine
20315,2988,108,20,120,-2,824,250,212,80,836,Spruce_Fir
39578,3239,59,10,240,27,1127,228,219,124,2282,Spruce_Fir
13554,3145,36,17,301,39,1053,217,200,113,1919,Spruce_Fir
82964,3374,230,8,0,0,4320,207,248,177,3551,Krummholz
106402,3154,87,9,60,0,4138,233,226,125,3390,Spruce_Fir
109290,2757,42,12,30,6,1360,222,213,125,2140,Lodgepole_Pine
108668,2812,220,4,30,4,1471,215,243,165,865,Lodgepole_Pine
93130,3248,311,5,108,5,5564,206,236,169,595,Spruce_Fir
88859,3033,16,15,150,17,4476,206,208,137,323,Lodgepole_Pine
52515,3287,51,7,618,126,1138,224,225,137,1816,Spruce_Fir
77601,3227,324,18,283,76,2666,171,217,185,371,Spruce_Fir
26963,3210,145,32,752,329,1116,245,215,71,2685,Spruce_Fir
2542,2800,316,24,484,204,1500,149,212,199,1142,Lodgepole_Pine
80148,3094,104,24,499,158,1365,252,202,65,2340,Spruce_Fir
70716,2993,171,19,319,77,720,229,245,140,1801,Lodgepole_Pine
25148,3181,17,13,295,36,1566,208,211,138,849,Spruce_Fir
44272,2872,130,14,150,30,2241,243,231,114,752,Aspen
62355,2640,184,14,124,6,2178,223,249,156,2527,Ponderosa_Pine
26342,3142,251,25,228,60,2502,158,248,222,1503,Lodgepole_Pine
97936,2988,118,4,582,62,5140,226,236,145,6174,Lodgepole_Pine
55381,3050,167,22,408,-16,1639,232,242,130,1315,Spruce_Fir
58321,2972,333,7,417,93,1463,205,232,166,2469,Lodgepole_Pine
72483,3697,34,7,1142,288,5126,219,225,142,3400,Krummholz
93461,3107,240,13,150,31,5571,195,251,192,2613,Lodgepole_Pine
25949,3020,346,26,524,177,537,160,189,160,1516,Lodgepole_Pine
76767,3370,345,13,907,78,2285,193,218,164,1116,Spruce_Fir
29001,2913,49,21,417,131,1292,223,190,92,2160,Lodgepole_Pine
102859,2907,259,29,420,269,1706,137,241,233,1511,Lodgepole_Pine
59757,2182,310,37,295,160,408,98,187,216,175,Ponderosa_Pine
104477,2920,64,23,162,67,240,234,188,74,1266,Spruce_Fir
74404,3009,340,16,192,47,1410,184,214,169,2253,Spruce_Fir
33807,3314,177,16,418,114,3036,226,247,148,604,Spruce_Fir
34927,3201,24,13,467,84,992,212,212,134,2257,Spruce_Fir
13483,3069,52,8,553,-113,1530,225,223,132,1072,Spruce_Fir
33367,3084,270,7,454,14,2574,202,243,180,2072,Spruce_Fir
94013,3117,170,7,633,33,342,225,243,152,1680,Lodgepole_Pine
107408,2986,350,11,524,83,3150,200,221,160,1464,Lodgepole_Pine
101559,3149,130,15,361,82,3099,243,230,112,3169,Spruce_Fir
58054,2417,72,4,240,66,474,224,232,144,779,Ponderosa_Pine
32177,3288,20,15,212,49,3515,208,208,134,2206,Spruce_Fir
22670,3103,25,24,752,254,767,200,182,108,1482,Lodgepole_Pine
39516,3183,46,18,124,14,4282,223,199,104,3413,Spruce_Fir
85284,3157,143,14,134,28,2215,239,236,123,3151,Spruce_Fir
107181,2895,123,14,350,129,1824,243,229,112,1182,Lodgepole_Pine
109299,2862,217,24,108,36,2356,187,254,193,2040,Lodgepole_Pine
51852,2985,169,6,242,30,4736,225,243,152,5734,Lodgepole_Pine
49690,2655,145,12,30,3,2080,237,238,130,2445,Douglas_fir
4798,3141,202,10,390,62,162,216,249,168,1844,Lodgepole_Pine
54181,3234,198,9,323,32,2506,217,248,165,1380,Spruce_Fir
32139,3042,308,6,497,97,2758,204,236,171,1682,Spruce_Fir
56983,3226,349,5,134,8,3220,211,232,159,1857,Spruce_Fir
28810,3267,339,18,564,167,3404,178,211,170,3469,Lodgepole_Pine
42049,2947,117,18,190,30,674,248,221,94,2358,Lodgepole_Pine
34422,3083,100,8,330,29,2864,234,229,127,6148,Spruce_Fir
42017,2856,246,17,433,215,1530,184,251,203,1450,Lodgepole_Pine
14204,3373,188,9,400,-19,3207,221,247,159,216,Spruce_Fir
103446,3165,133,12,90,16,1194,239,234,124,1956,Spruce_Fir
31829,2938,23,15,560,143,2966,210,206,129,1132,Lodgepole_Pine
80329,2180,20,28,150,103,240,189,170,104,685,Ponderosa_Pine
54415,3124,300,20,616,306,1320,162,228,205,1041,Spruce_Fir
62588,2975,324,6,360,23,4302,205,233,168,5417,Lodgepole_Pine
83002,2949,23,14,90,10,5645,211,209,131,3729,Spruce_Fir
95923,3119,28,5,90,7,3893,218,230,148,1584,Spruce_Fir
102946,3060,274,25,85,24,2282,145,237,227,700,Lodgepole_Pine
53979,2146,344,27,85,32,721,155,186,163,467,Ponderosa_Pine
75682,2908,310,23,295,133,518,150,217,204,1124,Spruce_Fir
8457,2858,104,15,270,62,825,245,219,99,721,Lodgepole_Pine
10589,2373,66,21,212,66,947,235,193,80,911,Ponderosa_Pine
31350,2965,243,18,234,49,5270,182,251,204,1651,Lodgepole_Pine
98928,3152,330,18,330,92,1418,175,216,179,2375,Lodgepole_Pine
91318,2101,261,27,170,78,234,144,242,230,516,Ponderosa_Pine
44837,3020,297,15,42,-5,765,177,234,197,1084,Spruce_Fir
68204,3156,100,7,330,94,4110,231,231,133,830,Lodgepole_Pine
100187,3244,117,17,42,11,3871,246,222,99,4089,Krummholz
64162,3064,168,8,591,-58,6096,227,243,150,2949,Lodgepole_Pine
38537,2840,45,12,190,26,3672,223,213,122,6325,Lodgepole_Pine
78848,3210,259,7,216,19,1477,203,244,180,408,Spruce_Fir
69731,2868,54,18,42,19,815,227,200,100,418,Lodgepole_Pine
102127,3218,329,10,742,15,1599,197,229,171,1107,Spruce_Fir
97179,3211,349,16,497,20,3428,189,212,160,3187,Spruce_Fir
98972,3230,341,11,42,8,3421,196,223,166,1852,Spruce_Fir
68703,2930,18,11,277,35,805,211,216,141,1673,Lodgepole_Pine
28126,2710,270,37,150,66,1575,102,224,246,1233,Lodgepole_Pine
31417,2987,37,5,108,11,4981,220,229,146,1282,Lodgepole_Pine
35783,3241,26,7,430,20,3567,217,225,144,3940,Spruce_Fir
10317,3075,93,14,256,64,1207,241,218,104,1040,Spruce_Fir
109968,1971,307,41,90,85,120,83,181,221,218,Ponderosa_Pine
74340,2890,318,17,67,17,5054,173,222,188,4448,Lodgepole_Pine
4315,2799,120,22,424,122,1924,251,215,81,2089,Lodgepole_Pine
16476,2266,119,25,85,35,808,253,210,70,1072,Douglas_fir
17652,2870,40,8,300,23,3945,221,223,137,5992,Lodgepole_Pine
64292,3089,88,8,277,20,1546,233,227,126,1528,Spruce_Fir
167,3241,345,15,90,18,3558,190,216,164,4089,Spruce_Fir
81958,2782,41,16,67,19,3168,221,204,114,2409,Lodgepole_Pine
100036,2712,49,5,480,95,1087,222,229,142,732,Lodgepole_Pine
80693,3139,31,14,1180,270,2860,216,209,126,1630,Ponderosa_Pine
55384,3245,276,22,192,32,4245,155,238,220,1541,Spruce_Fir
32571,2924,332,7,379,11,3449,204,231,167,3973,Lodgepole_Pine
67477,3239,305,29,127,15,2914,129,211,216,2431,Spruce_Fir
55443,3326,200,16,607,188,997,212,252,170,4472,Lodgepole_Pine
58319,2882,127,14,108,1,1077,243,230,112,2274,Lodgepole_Pine
94468,3191,106,16,510,59,594,246,218,96,5718,Spruce_Fir
34416,3167,108,6,497,33,4468,231,233,136,2089,Lodgepole_Pine
13294,3458,11,14,459,110,4086,204,211,142,3354,Krummholz
74631,3188,30,23,361,129,1203,206,183,103,361,Spruce_Fir
3426,3058,333,5,134,4,1183,208,233,164,1786,Lodgepole_Pine
62762,3256,349,11,339,85,2571,199,221,160,2506,Spruce_Fir
69268,2918,339,12,361,63,3730,194,222,167,5382,Lodgepole_Pine
100800,3041,117,10,566,-22,1249,237,231,125,1284,Lodgepole_Pine
89940,2857,340,11,90,19,1622,197,224,166,1295,Aspen
73711,2697,198,28,218,90,1879,198,250,168,1403,Lodgepole_Pine
48481,3239,21,10,108,17,3126,214,219,141,2014,Spruce_Fir
100080,3188,66,3,446,10,5232,222,233,147,2318,Spruce_Fir
58279,3246,342,17,108,34,2868,182,212,167,2604,Spruce_Fir
106212,3319,316,18,569,91,1950,171,222,191,934,Spruce_Fir
22734,3198,309,19,108,15,2948,164,224,198,2445,Cottonwood_Willow
89340,2542,107,5,180,0,450,229,234,139,1167,Lodgepole_Pine
95168,2615,52,17,90,15,646,226,201,102,1299,Douglas_fir
21602,3174,90,9,234,42,513,233,227,125,5496,Spruce_Fir
5751,3075,116,23,170,33,3035,252,211,74,2743,Spruce_Fir
18801,2440,186,5,300,81,1168,221,243,158,785,Douglas_fir
69239,2761,24,15,577,104,624,211,207,129,1044,Lodgepole_Pine
36693,3328,291,10,582,6,3618,192,239,186,1477,Spruce_Fir
19929,2102,58,28,120,38,180,226,168,57,513,Ponderosa_Pine
78031,2582,13,15,85,21,1640,204,208,138,4492,Lodgepole_Pine
12344,2924,118,15,283,72,2678,244,226,106,1972,Lodgepole_Pine
107165,3041,152,20,365,121,1140,240,236,116,3075,Lodgepole_Pine
7837,3243,130,23,300,-78,488,250,220,85,3944,Lodgepole_Pine
100878,2912,59,12,306,-10,594,229,215,117,1909,Spruce_Fir
91180,3214,137,19,663,7,1489,245,230,105,2707,Lodgepole_Pine
1610,3225,53,5,120,2,3085,223,229,142,2293,Spruce_Fir
84884,3150,101,10,350,79,60,237,227,120,999,Lodgepole_Pine
75065,3228,37,5,313,15,6187,220,229,146,932,Spruce_Fir
36722,2811,14,39,42,26,4344,157,133,89,5149,Lodgepole_Pine
19427,3048,272,5,285,58,2554,205,242,175,931,Spruce_Fir
14822,3031,86,19,541,197,579,244,204,81,1020,Spruce_Fir
9332,2053,311,27,42,17,649,137,210,207,631,Ponderosa_Pine
95794,3374,62,4,488,35,1260,223,232,145,2407,Cottonwood_Willow
31426,2701,29,27,201,77,738,200,172,94,1126,Lodgepole_Pine
22085,2985,167,6,497,118,5750,225,242,151,4243,Lodgepole_Pine
54041,2630,130,19,67,19,1834,247,225,98,4734,Lodgepole_Pine
56172,3065,337,34,306,69,400,127,173,172,2068,Spruce_Fir
27685,3317,102,7,120,-4,1824,232,231,132,3192,Krummholz
66869,2593,22,5,335,54,1261,217,229,149,1689,Lodgepole_Pine
17384,2980,204,8,612,-40,1423,216,247,166,1616,Lodgepole_Pine
76359,3288,287,10,90,12,5509,193,240,187,741,Spruce_Fir
27871,2883,57,10,60,3,3283,227,220,126,4034,Lodgepole_Pine
13707,2800,258,26,60,25,2049,151,245,226,1357,Lodgepole_Pine
27849,3111,72,4,742,57,2160,224,232,144,2424,Spruce_Fir
70030,2282,234,12,335,19,830,199,251,188,721,Aspen
58145,2627,104,12,361,99,618,240,225,114,1595,Ponderosa_Pine
99911,2661,28,23,240,82,1436,203,182,105,1379,Lodgepole_Pine
85969,2821,138,11,150,37,3042,237,236,128,2551,Lodgepole_Pine
24285,3350,157,28,240,121,3864,237,230,102,3097,Krummholz
77825,2264,48,33,330,192,573,212,152,51,277,Ponderosa_Pine
26811,2818,113,22,170,63,3679,251,212,77,5693,Lodgepole_Pine
87875,3025,18,15,430,166,1601,208,208,134,3104,Spruce_Fir
29578,2786,29,12,450,13,2014,216,213,132,2270,Lodgepole_Pine
97737,2967,328,19,108,15,2521,172,215,181,845,Lodgepole_Pine
34892,3365,36,15,607,200,3502,218,205,119,1783,Krummholz
15055,2879,326,23,108,19,4314,159,208,186,543,Spruce_Fir
95081,3332,329,29,285,105,3538,140,193,186,3889,Spruce_Fir
106276,2906,41,25,150,30,1812,214,177,86,2502,Spruce_Fir
39824,3183,99,5,90,4,5472,228,233,140,2982,Lodgepole_Pine
90345,2731,19,10,330,0,1199,213,219,142,1209,Lodgepole_Pine
51371,3219,54,15,162,4,1732,227,206,108,2474,Spruce_Fir
88445,3307,240,18,300,86,2012,184,252,203,3241,Spruce_Fir
65448,3290,90,6,391,83,1517,230,230,134,2758,Spruce_Fir
102207,2772,107,6,180,28,2557,231,232,134,6220,Lodgepole_Pine
99769,2907,309,13,210,43,1974,183,231,188,964,Lodgepole_Pine
21676,3339,91,13,268,55,2353,240,219,108,2015,Aspen
79495,3029,18,4,42,4,5049,217,231,152,2577,Spruce_Fir
74983,2708,336,13,67,17,1978,191,222,170,6378,Lodgepole_Pine
85012,3255,173,13,190,16,4642,228,246,147,2619,Spruce_Fir
61201,2951,266,20,713,305,1385,166,244,215,2048,Lodgepole_Pine
95628,2822,71,16,351,112,418,236,207,98,1531,Lodgepole_Pine
83063,3294,189,14,598,92,2711,219,250,161,1266,Spruce_Fir
62307,3332,92,21,558,166,1648,247,202,73,1650,Krummholz
55753,3039,16,30,201,53,2230,179,163,106,4155,Spruce_Fir
25435,2913,352,21,90,31,1290,178,198,155,1771,Lodgepole_Pine
42300,3260,30,8,330,-18,1460,218,223,141,1530,Spruce_Fir
20405,2838,216,25,390,143,1348,187,254,193,1455,Lodgepole_Pine
7375,2955,31,17,306,52,4440,214,202,119,4939,Spruce_Fir
62504,2104,116,13,0,0,1065,242,227,111,626,Cottonwood_Willow
109191,2844,140,25,95,36,5262,247,223,88,4431,Lodgepole_Pine
7045,3067,123,11,150,7,6708,239,231,121,2827,Lodgepole_Pine
43454,3096,35,4,210,11,1421,219,231,148,1485,Spruce_Fir
88015,3399,153,11,799,234,1421,233,241,138,1055,Spruce_Fir
35462,2945,107,9,216,26,4853,236,229,124,5756,Spruce_Fir
78410,2701,68,15,30,10,1559,234,208,101,591,Lodgepole_Pine
5793,2950,36,8,457,81,2240,220,222,138,2165,Lodgepole_Pine
13784,3197,28,14,108,9,3276,214,209,128,3332,Lodgepole_Pine
4881,2820,216,4,162,10,2038,215,244,165,2440,Spruce_Fir
14971,3377,195,7,108,5,2687,219,246,162,513,Krummholz
85858,2948,62,10,60,16,2308,229,219,122,560,Lodgepole_Pine
80186,2794,236,29,295,151,1620,158,250,218,1320,Spruce_Fir
24407,3144,49,22,488,31,750,223,187,88,1651,Spruce_Fir
88191,2991,81,11,42,7,2021,235,221,117,3357,Spruce_Fir
3018,2778,8,18,190,38,953,195,200,139,1915,Spruce_Fir
19301,2183,339,40,85,60,420,109,153,163,524,Ponderosa_Pine
24770,2958,157,27,210,21,3365,238,232,106,1209,Lodgepole_Pine
73672,2772,186,10,42,5,2524,222,247,158,1939,Lodgepole_Pine
106168,3272,32,15,618,196,760,216,205,122,841,Spruce_Fir
14299,2506,348,10,212,58,1231,201,223,161,912,Ponderosa_Pine
97424,2674,348,15,85,20,2018,192,215,161,2457,Douglas_fir
44243,2708,144,18,268,74,2490,242,234,114,2249,Ponderosa_Pine
83921,2959,323,24,309,109,5957,152,208,191,4768,Lodgepole_Pine
63129,3087,35,8,390,16,2455,219,223,139,1114,Spruce_Fir
55504,3286,271,12,924,176,1473,188,244,195,2755,Spruce_Fir
27216,2988,322,8,201,35,3716,200,232,172,1851,Lodgepole_Pine
42401,2754,45,5,180,21,2784,222,228,142,5243,Lodgepole_Pine
61570,2883,221,28,743,142,3942,174,252,202,1440,Lodgepole_Pine
46370,3280,94,17,309,80,895,245,212,91,1036,Krummholz
15853,2947,24,9,120,20,4668,215,220,141,4066,Spruce_Fir
11461,3070,33,11,537,20,3795,218,216,133,4455,Spruce_Fir
4756,3188,76,16,633,83,947,238,209,97,1936,Lodgepole_Pine
57568,2958,46,15,474,77,1831,224,207,114,3111,Lodgepole_Pine
50065,2614,318,6,85,8,570,205,235,169,1409,Lodgepole_Pine
14355,2767,45,9,240,40,1964,223,221,133,1463,Lodgepole_Pine
19724,3214,202,8,391,70,841,217,247,165,450,Spruce_Fir
1311,3192,297,17,424,82,1195,171,233,201,2678,Spruce_Fir
90193,2877,97,27,150,50,5484,251,192,51,4440,Lodgepole_Pine
27507,2605,16,10,60,5,1142,211,219,143,1717,Lodgepole_Pine
31042,2624,94,35,95,59,1698,249,165,13,1215,Lodgepole_Pine
105078,3004,64,13,42,6,4477,232,213,111,2650,Spruce_Fir
39326,2356,52,22,120,17,904,225,186,84,962,Douglas_fir
1352,3067,77,13,323,37,4790,236,216,110,1063,Spruce_Fir
89944,3031,27,19,953,162,2550,208,195,117,1321,Lodgepole_Pine
68190,3026,285,14,541,50,5449,180,239,199,1256,Lodgepole_Pine
34683,3113,321,9,240,13,677,196,231,175,1061,Spruce_Fir
328,3175,23,6,391,92,4790,216,227,147,1613,Spruce_Fir
75765,3009,23,7,313,25,4121,216,225,145,1460,Lodgepole_Pine
10252,2409,265,24,240,80,150,151,242,226,518,Ponderosa_Pine
90897,2667,185,35,134,52,1950,202,239,141,1191,Lodgepole_Pine
13189,2808,325,4,30,0,2333,210,235,163,2503,Lodgepole_Pine
32835,2973,343,18,95,17,524,181,210,165,1215,Lodgepole_Pine
31737,2334,310,22,361,167,1231,155,219,202,932,Douglas_fir
39444,2788,200,11,362,65,3864,216,250,167,1784,Lodgepole_Pine
22820,3116,30,7,234,18,2298,218,226,143,2296,Spruce_Fir
6539,2681,341,16,85,26,1986,185,215,168,4998,Lodgepole_Pine
90974,3222,97,11,532,68,1221,239,224,114,2259,Spruce_Fir
37102,3004,123,20,390,137,5959,249,221,91,4143,Lodgepole_Pine
101755,3159,153,6,150,4,3703,228,240,146,4725,Lodgepole_Pine
2549,3322,202,28,443,129,700,195,251,175,938,Spruce_Fir
11354,2613,336,26,85,44,1323,154,196,175,6590,Lodgepole_Pine
69795,3183,300,32,402,77,1476,115,208,224,3031,Spruce_Fir
30566,2818,28,31,511,221,1262,192,158,84,721,Lodgepole_Pine
13510,2965,23,5,391,29,4429,217,228,148,5073,Lodgepole_Pine
19233,3252,17,17,847,116,2271,204,203,132,2221,Krummholz
57060,3072,13,20,871,203,2627,196,194,130,1981,Aspen
44021,3188,348,26,212,50,4279,162,189,158,1544,Spruce_Fir
40854,3374,278,9,912,117,1048,196,242,185,2138,Spruce_Fir
8542,2382,342,15,446,207,1482,188,217,167,612,Ponderosa_Pine
12848,2732,278,11,67,-2,1682,189,242,192,997,Aspen
28948,3093,155,7,330,-15,6596,228,241,146,2905,Lodgepole_Pine
47940,2933,9,24,560,64,2233,186,186,130,1613,Lodgepole_Pine
62446,3018,99,10,459,53,5398,236,227,121,6007,Spruce_Fir
98406,2657,124,24,108,42,1443,252,214,76,2419,Lodgepole_Pine
11346,2561,201,3,457,16,1129,218,242,161,1310,Ponderosa_Pine
85976,3160,322,25,443,149,2631,150,207,193,2621,Spruce_Fir
27567,2820,76,22,60,15,2012,241,192,70,1401,Lodgepole_Pine
70683,2665,206,27,210,-46,532,191,252,181,760,Lodgepole_Pine
105448,3228,27,8,95,13,5501,217,222,141,703,Spruce_Fir
93887,2936,79,11,60,-4,4726,234,220,117,4250,Spruce_Fir
84267,3286,8,11,300,53,3060,207,218,147,2271,Spruce_Fir
47394,2957,339,14,360,83,832,189,219,169,1825,Lodgepole_Pine
16764,2661,29,10,350,77,1062,217,219,137,1064,Lodgepole_Pine
83836,3168,331,14,537,157,830,185,221,175,1884,Spruce_Fir
34086,3197,241,10,127,2,3443,202,248,184,1473,Lodgepole_Pine
88256,3025,142,3,379,51,540,223,238,151,1221,Spruce_Fir
87163,3260,36,11,335,51,5262,219,215,130,300,Spruce_Fir
98498,2738,23,17,391,51,3337,207,201,125,2896,Spruce_Fir
59985,2344,294,24,90,35,1243,147,227,216,992,Ponderosa_Pine
49832,2780,320,18,90,18,1338,170,219,188,2257,Lodgepole_Pine
35709,3006,70,11,361,57,2114,232,218,117,711,Lodgepole_Pine
458,2991,27,19,379,104,1996,208,195,117,2802,Lodgepole_Pine
66935,2906,107,7,42,1,3480,233,232,131,2359,Lodgepole_Pine
57355,3457,72,31,190,60,2474,237,163,34,3784,Krummholz
68536,3080,196,11,192,-9,6083,217,249,165,2597,Lodgepole_Pine
33659,3145,81,5,300,11,4271,226,231,140,1879,Lodgepole_Pine
40446,3043,343,13,330,28,4731,192,219,165,2896,Spruce_Fir
42126,3347,270,9,295,46,3600,197,243,186,2053,Spruce_Fir
22082,2684,72,15,532,17,840,236,210,102,1638,Lodgepole_Pine
54877,2795,36,11,571,7,774,219,216,131,1201,Lodgepole_Pine
17189,3203,31,18,474,149,3690,213,199,117,1779,Spruce_Fir
109078,2980,349,14,551,222,658,193,216,160,1390,Lodgepole_Pine
70871,2938,315,4,67,3,1879,208,236,167,774,Lodgepole_Pine
32800,3162,346,21,361,63,1639,173,201,162,2017,Spruce_Fir
47524,2843,10,20,134,37,2525,193,194,133,984,Lodgepole_Pine
99846,2406,79,16,361,132,360,239,210,96,1044,Ponderosa_Pine
98244,3218,297,16,90,16,4179,175,234,199,1468,Krummholz
36881,3152,45,3,30,0,3375,220,233,150,638,Lodgepole_Pine
47329,2862,18,24,497,232,1121,193,181,116,573,Lodgepole_Pine
633,2898,279,12,255,63,2978,186,242,195,2147,Lodgepole_Pine
104104,3256,92,8,67,-7,4290,233,227,126,2174,Spruce_Fir
75729,2796,45,16,190,41,1231,223,204,111,845,Lodgepole_Pine
86071,2851,51,22,85,-2,335,224,187,86,1698,Lodgepole_Pine
50051,3356,139,18,514,-6,618,244,231,109,577,Spruce_Fir
43184,2939,45,8,306,26,4602,223,222,134,4080,Lodgepole_Pine
44006,2816,78,6,566,28,845,227,230,137,1451,Spruce_Fir
86838,2768,177,25,300,126,1599,223,245,139,1289,Lodgepole_Pine
47743,2695,101,17,60,6,1392,246,214,90,1461,Lodgepole_Pine
62220,3224,151,19,524,122,424,240,236,117,4549,Krummholz
46947,2902,19,13,342,76,960,210,212,137,1630,Lodgepole_Pine
72002,3149,153,11,547,112,1967,233,241,138,912,Aspen
34627,3342,313,18,765,160,916,170,224,193,437,Spruce_Fir
60030,2543,277,11,182,36,966,190,242,191,1080,Lodgepole_Pine
77216,3189,351,17,201,24,1288,188,210,158,638,Krummholz
71505,3135,348,10,182,25,5342,201,223,161,485,Spruce_Fir
59777,2975,258,14,566,44,2068,186,247,199,1100,Spruce_Fir
79044,3039,330,18,218,40,2581,174,215,180,2258,Ponderosa_Pine
51416,3132,308,16,180,49,4613,174,228,194,1358,Spruce_Fir
73701,3032,46,14,1209,234,2839,224,208,115,1044,Lodgepole_Pine
74282,3010,44,15,228,22,4650,222,205,114,2611,Spruce_Fir
17337,3394,209,11,664,192,2205,212,250,173,1031,Spruce_Fir
44484,2993,147,8,376,91,1772,232,239,140,2868,Lodgepole_Pine
64730,2707,92,19,180,71,1140,246,208,84,966,Lodgepole_Pine
105750,3008,17,18,180,33,1263,203,200,130,810,Spruce_Fir
74918,3037,72,5,30,-2,1489,225,231,141,2850,Spruce_Fir
76605,2595,343,13,335,7,1025,194,220,165,1722,Lodgepole_Pine
57927,3283,121,13,351,176,4133,242,228,113,1362,Lodgepole_Pine
26850,2794,69,4,242,18,2052,224,231,143,2567,Aspen
24711,3216,130,28,630,62,1140,252,212,68,2379,Spruce_Fir
24859,2358,33,10,430,202,1284,218,218,135,626,Ponderosa_Pine
20991,2915,42,12,466,38,566,222,213,124,1694,Lodgepole_Pine
10674,2950,184,12,540,59,2761,222,248,157,2163,Lodgepole_Pine
75001,3174,96,19,664,238,1233,247,209,82,2325,Spruce_Fir
33777,3237,345,10,765,93,6239,200,224,163,1443,Spruce_Fir
31708,2929,308,19,324,106,4929,164,224,199,420,Lodgepole_Pine
82635,2801,325,19,124,46,3601,170,216,184,5700,Lodgepole_Pine
11127,2868,172,27,497,202,2221,226,240,128,1959,Lodgepole_Pine
42728,2409,78,25,134,35,713,243,185,57,716,Ponderosa_Pine
7043,3322,162,28,541,173,1475,234,233,109,1559,Spruce_Fir
61431,2280,124,29,384,155,1146,253,206,59,626,Cottonwood_Willow
33062,3401,98,16,469,119,2301,244,216,97,2381,Spruce_Fir
210,3092,122,16,175,16,3463,246,226,103,457,Spruce_Fir
72577,3146,74,26,234,63,960,240,181,55,1154,Spruce_Fir
15291,3093,16,26,391,67,900,187,176,115,1366,Spruce_Fir
66753,3019,237,40,569,88,2164,120,237,229,1187,Lodgepole_Pine
103102,2787,340,6,240,52,1527,207,231,163,2151,Lodgepole_Pine
12816,3119,77,13,443,10,3774,236,215,107,3664,Spruce_Fir
58839,3210,192,19,228,40,577,215,251,162,1180,Spruce_Fir
110362,2323,345,26,300,123,1136,160,190,162,870,Douglas_fir
94553,3032,18,12,201,35,2640,211,215,139,1041,Lodgepole_Pine
47385,3360,314,16,218,28,1549,176,226,189,1989,Spruce_Fir
33381,2962,23,13,212,23,1811,212,211,134,2614,Douglas_fir
52330,3244,161,12,339,63,1703,232,243,140,1321,Spruce_Fir
18548,2058,82,19,162,66,175,243,203,82,402,Ponderosa_Pine
62113,2703,153,5,216,19,937,227,240,148,421,Ponderosa_Pine
49378,2942,251,17,437,43,5598,180,250,206,5594,Ponderosa_Pine
27029,3115,340,6,360,36,466,207,231,163,1541,Lodgepole_Pine
89644,2634,148,3,30,-8,1040,224,239,151,1679,Lodgepole_Pine
96281,3355,209,14,404,118,3392,208,253,177,470,Spruce_Fir
2684,2754,87,9,424,-11,870,233,226,125,2616,Spruce_Fir
52471,3151,348,10,30,6,1950,201,224,161,1974,Spruce_Fir
37483,2998,77,19,256,-42,513,240,201,84,1616,Lodgepole_Pine
50570,3299,101,32,85,40,2230,253,180,30,175,Krummholz
3719,3150,129,16,309,58,212,245,228,107,3945,Lodgepole_Pine
87551,2950,166,19,182,43,1383,232,243,133,805,Lodgepole_Pine
99238,3124,160,6,216,6,2175,226,241,149,2016,Lodgepole_Pine
19790,3008,121,4,930,82,5497,227,236,144,5933,Lodgepole_Pine
42425,2608,62,12,175,29,966,230,215,115,1388,Lodgepole_Pine
34319,2818,310,20,255,63,2408,160,221,199,949,Lodgepole_Pine
34894,3064,34,17,780,4,1450,215,201,117,2116,Spruce_Fir
38567,3014,165,19,433,151,6485,233,243,133,3928,Lodgepole_Pine
109371,3026,79,8,67,12,3342,231,226,128,5382,Lodgepole_Pine
79001,2821,182,6,180,17,3348,222,244,157,6201,Lodgepole_Pine
46623,3043,182,14,192,18,1598,224,248,155,450,Lodgepole_Pine
102559,2173,298,29,228,110,636,126,215,222,865,Douglas_fir
44814,3287,264,20,330,58,3290,167,245,215,1316,Lodgepole_Pine
59251,3230,51,20,750,137,1677,225,194,95,3059,Spruce_Fir
