,elevation,aspect,slope,horizontal_distance_to_hydrology,Vertical_Distance_To_Hydrology,Horizontal_Distance_To_Roadways,Hillshade_9am,Hillshade_Noon,Hillshade_3pm,Horizontal_Distance_To_Fire_Points,class
2039,2689,310,23,228,90,1473,152,218,203,1077,Lodgepole_Pine
82745,2704,325,24,175,77,1589,155,207,188,1195,Lodgepole_Pine
17544,2704,325,24,175,77,1589,155,207,188,1195,Lodgepole_Pine
101500,2743,322,23,175,88,1477,157,211,191,1319,Lodgepole_Pine
6021,2722,314,21,216,58,1271,159,218,197,1328,Lodgepole_Pine
109452,2802,318,24,162,64,1470,150,210,197,1595,Lodgepole_Pine
58184,2650,307,22,182,73,1024,155,221,204,1846,Lodgepole_Pine
89738,2781,319,25,242,46,1406,148,208,196,1361,Lodgepole_Pine
11674,2781,319,25,242,46,1406,148,208,196,1361,Lodgepole_Pine
78336,2647,326,23,218,70,983,159,208,186,1812,Lodgepole_Pine
71285,2758,326,22,277,71,1385,160,209,186,1347,Lodgepole_Pine
3609,2758,326,22,277,71,1385,160,209,186,1347,Lodgepole_Pine
98259,2667,317,22,331,78,932,155,214,196,1180,Lodgepole_Pine
87417,2667,317,22,331,78,932,155,214,196,1180,Lodgepole_Pine
84975,2708,325,21,212,52,1788,163,211,186,1339,Lodgepole_Pine
55003,2673,318,22,240,96,990,158,214,194,1869,Lodgepole_Pine
61670,2615,297,23,150,70,1706,150,226,213,1476,Douglas_fir
51008,2772,316,24,150,77,1189,150,212,199,495,Lodgepole_Pine
103395,2543,316,24,201,68,713,151,213,198,601,Lodgepole_Pine
30482,2659,330,23,120,54,1387,161,206,182,1298,Lodgepole_Pine
43020,2677,317,20,175,61,1024,163,218,193,1867,Lodgepole_Pine
85956,2760,308,27,134,66,1308,138,213,210,1484,Spruce_Fir
61314,2591,310,26,150,63,1061,142,213,207,579,Douglas_fir
60980,2572,314,23,124,50,1018,153,215,199,524,Douglas_fir
109637,2716,323,23,283,109,1507,154,209,191,1130,Lodgepole_Pine
93947,2572,318,22,150,56,976,156,213,195,485,Lodgepole_Pine
57945,2724,321,27,210,64,1784,141,202,196,1289,Lodgepole_Pine
18500,2594,308,23,323,94,1899,153,219,204,765,Douglas_fir
35572,2709,328,26,150,57,1616,148,200,187,1337,Lodgepole_Pine
76792,2717,333,23,124,68,1543,160,203,179,1271,Lodgepole_Pine
104516,2792,316,21,331,53,1794,159,217,196,1064,Aspen
10651,2792,316,21,331,53,1794,159,217,196,1064,Aspen
24721,2513,322,23,180,43,874,155,210,191,780,Douglas_fir
26843,2745,315,24,162,44,1019,150,213,200,2301,Lodgepole_Pine
67874,2649,321,25,270,90,1022,147,205,194,607,Douglas_fir
44062,2708,334,24,150,65,1565,159,201,177,1233,Lodgepole_Pine
20439,2765,311,25,201,64,1041,144,213,205,2336,Lodgepole_Pine
19844,2814,332,23,268,64,1337,161,205,179,1290,Lodgepole_Pine
54651,2783,307,22,120,32,1613,155,221,204,1182,Lodgepole_Pine
82882,2783,307,22,120,32,1613,155,221,204,1182,Lodgepole_Pine
107683,2446,314,25,150,62,845,146,212,202,1374,Lodgepole_Pine
65742,2521,325,24,182,51,845,153,206,189,750,Douglas_fir
14771,2581,308,25,170,76,912,142,215,208,437,Lodgepole_Pine
22364,2720,334,24,153,78,1536,159,201,177,1262,Lodgepole_Pine
63410,2720,334,24,153,78,1536,159,201,177,1262,Lodgepole_Pine
24830,2787,315,24,182,72,1172,149,212,200,2442,Lodgepole_Pine
110261,2539,315,24,150,81,684,149,212,200,513,Douglas_fir
40127,2813,325,22,134,38,1310,159,209,188,1579,Spruce_Fir
21662,2813,325,22,134,38,1310,159,209,188,1579,Spruce_Fir
21405,2776,318,20,319,89,1405,162,217,193,1324,Lodgepole_Pine
12858,2652,330,23,90,42,1376,159,205,182,1279,Lodgepole_Pine
93265,2708,314,22,90,26,1579,157,217,198,1627,Douglas_fir
69839,2551,304,23,153,32,1776,152,222,208,1852,Lodgepole_Pine
77480,2741,313,24,150,15,1699,150,215,202,1546,Douglas_fir
92906,2809,314,21,228,53,2389,160,218,197,959,Lodgepole_Pine
29713,2446,315,25,150,60,819,145,210,201,1368,Lodgepole_Pine
80710,2836,306,24,108,46,750,149,219,207,1138,Spruce_Fir
98964,2836,306,24,108,46,750,149,219,207,1138,Spruce_Fir
105565,2737,303,25,85,35,1260,143,219,212,1426,Spruce_Fir
96426,2691,312,19,216,75,1052,165,222,196,1883,Lodgepole_Pine
50420,2764,327,24,218,69,1082,153,204,186,391,Lodgepole_Pine
9113,2764,327,24,218,69,1082,153,204,186,391,Lodgepole_Pine
109718,2623,324,23,108,54,616,155,209,190,2078,Lodgepole_Pine
107695,2456,316,26,175,64,789,143,208,200,1345,Lodgepole_Pine
38037,2661,314,27,120,42,1514,138,207,204,1664,Douglas_fir
32375,2842,304,23,256,73,2502,151,221,208,1304,Lodgepole_Pine
55120,2806,327,25,234,40,1782,150,202,187,1536,Douglas_fir
98844,2810,316,23,391,67,1851,153,214,198,1019,Aspen
39308,2810,316,23,391,67,1851,153,214,198,1019,Aspen
67616,2809,321,23,120,40,570,156,211,192,1006,Spruce_Fir
6248,2691,334,24,120,48,1601,159,201,178,1215,Lodgepole_Pine
107701,2457,319,26,190,64,765,144,206,197,1341,Lodgepole_Pine
5359,2776,307,25,228,79,1036,142,215,209,2343,Lodgepole_Pine
87383,2728,312,23,127,34,960,153,217,201,2242,Lodgepole_Pine
60848,2728,312,23,127,34,960,153,217,201,2242,Lodgepole_Pine
66820,2688,315,23,331,111,900,154,215,198,1832,Lodgepole_Pine
109515,2681,302,22,360,92,973,153,224,209,1154,Lodgepole_Pine
60241,2546,308,22,90,30,1347,154,220,204,1626,Lodgepole_Pine
94124,2658,318,24,301,119,916,150,210,197,1176,Lodgepole_Pine
109509,2649,314,26,272,110,900,140,209,204,1173,Lodgepole_Pine
32237,2942,104,8,277,29,3688,234,230,129,4286,Lodgepole_Pine
92089,2932,86,8,270,10,4097,232,227,129,4317,Ponderosa_Pine
91848,2937,103,9,240,15,4190,235,229,125,4403,Lodgepole_Pine
84659,2937,103,9,240,15,4190,235,229,125,4403,Lodgepole_Pine
61334,2945,106,7,247,32,3677,232,232,132,4294,Lodgepole_Pine
53394,2935,104,7,300,22,3799,232,231,131,4584,Lodgepole_Pine
101418,2939,90,8,331,26,3839,232,228,129,4606,Lodgepole_Pine
7189,2918,105,7,247,9,4008,232,232,133,4194,Lodgepole_Pine
67078,2918,105,7,247,9,4008,232,232,133,4194,Lodgepole_Pine
19825,2918,105,7,247,9,4008,232,232,133,4194,Lodgepole_Pine
77150,2937,97,8,331,24,3683,233,229,129,4242,Lodgepole_Pine
987,2936,116,9,270,23,3632,236,231,126,4228,Lodgepole_Pine
88908,2930,106,7,277,17,3605,232,232,132,4526,Lodgepole_Pine
69723,2937,139,9,300,15,4135,234,238,135,4380,Lodgepole_Pine
36510,2930,100,7,330,17,3628,231,231,133,4184,Lodgepole_Pine
35698,2926,83,9,306,18,3978,233,224,122,4201,Lodgepole_Pine
100400,2926,83,9,306,18,3978,233,224,122,4201,Lodgepole_Pine
108445,2929,98,7,182,16,3703,231,231,132,4460,Lodgepole_Pine
13047,2962,95,8,339,20,4434,234,228,126,4061,Spruce_Fir
32923,2975,106,7,268,44,4831,232,232,132,4484,Spruce_Fir
95087,2929,114,6,180,21,4142,230,234,138,4308,Lodgepole_Pine
78522,2929,114,6,180,21,4142,230,234,138,4308,Lodgepole_Pine
108223,2939,84,9,277,36,3529,233,225,125,4652,Lodgepole_Pine
47859,2929,139,10,242,25,4329,236,237,131,4087,Lodgepole_Pine
74687,2929,139,10,242,25,4329,236,237,131,4087,Lodgepole_Pine
29847,2911,76,7,256,14,4072,229,227,131,3871,Lodgepole_Pine
26098,2975,118,8,228,44,4790,234,233,130,4505,Spruce_Fir
87282,2950,124,9,182,22,4678,235,234,130,4439,Lodgepole_Pine
11059,2936,56,7,277,23,4632,225,226,135,4056,Lodgepole_Pine
102485,2936,56,7,277,23,4632,225,226,135,4056,Lodgepole_Pine
78427,2936,56,7,277,23,4632,225,226,135,4056,Lodgepole_Pine
85218,2934,81,9,313,31,3510,232,225,125,4614,Lodgepole_Pine
7544,2934,81,9,313,31,3510,232,225,125,4614,Lodgepole_Pine
108786,2900,84,7,216,20,3845,231,227,129,3982,Lodgepole_Pine
82743,2940,117,7,342,27,3610,232,234,135,4573,Lodgepole_Pine
52792,2913,110,8,283,13,4773,234,231,129,4624,Lodgepole_Pine
29241,2971,135,7,350,22,4293,231,237,139,4595,Lodgepole_Pine
11830,2971,135,7,350,22,4293,231,237,139,4595,Lodgepole_Pine
79271,2927,90,8,351,31,3504,232,228,129,4506,Lodgepole_Pine
47892,2922,131,11,277,13,3993,238,234,126,4198,Lodgepole_Pine
13682,2931,98,7,342,24,3482,231,231,132,4586,Lodgepole_Pine
10777,3001,53,10,258,16,4206,226,219,127,4097,Spruce_Fir
43072,2938,50,8,331,25,3814,224,223,134,4621,Lodgepole_Pine
76803,2903,95,8,190,23,3861,234,228,126,3979,Krummholz
71538,2933,90,5,277,20,3644,228,231,137,4546,Lodgepole_Pine
87399,2916,100,7,192,12,4183,231,231,133,3824,Lodgepole_Pine
22732,2980,100,7,379,21,4321,232,231,131,4663,Lodgepole_Pine
88850,2909,45,7,256,29,3921,222,225,138,4072,Lodgepole_Pine
60982,2922,88,8,210,9,3499,232,227,128,4126,Lodgepole_Pine
69901,2903,138,7,256,23,3854,231,238,139,4015,Lodgepole_Pine
52768,2913,70,8,255,13,4789,229,225,129,4667,Lodgepole_Pine
27087,2942,47,8,242,26,4763,223,223,135,4086,Ponderosa_Pine
87101,2918,133,8,180,14,4256,233,236,135,3969,Lodgepole_Pine
5824,2965,96,7,170,19,4834,232,230,131,4315,Lodgepole_Pine
58696,2965,96,7,170,19,4834,232,230,131,4315,Lodgepole_Pine
78298,2965,96,7,170,19,4834,232,230,131,4315,Lodgepole_Pine
82140,2948,119,6,180,20,4652,230,235,138,4432,Lodgepole_Pine
10016,2903,145,8,242,23,3829,231,239,141,3985,Lodgepole_Pine
91511,2903,145,8,242,23,3829,231,239,141,3985,Lodgepole_Pine
41044,2972,95,5,234,31,4827,229,232,138,4381,Lodgepole_Pine
52116,2972,95,5,234,31,4827,229,232,138,4381,Lodgepole_Pine
43184,2939,45,8,306,26,4602,223,222,134,4080,Lodgepole_Pine
75021,2939,45,8,306,26,4602,223,222,134,4080,Lodgepole_Pine
26471,2949,137,11,297,17,4524,237,236,128,4002,Spruce_Fir
15056,2938,72,10,240,25,3621,232,221,120,4236,Lodgepole_Pine
9191,2942,118,5,234,24,3810,228,236,142,4718,Lodgepole_Pine
59341,2909,99,6,247,6,4761,230,232,136,4477,Lodgepole_Pine
27878,2909,99,6,247,6,4761,230,232,136,4477,Lodgepole_Pine
25029,2968,94,7,170,18,4876,232,229,130,4294,Ponderosa_Pine
102495,2968,94,7,170,18,4876,232,229,130,4294,Lodgepole_Pine
50616,2945,104,10,300,32,4596,238,227,119,4028,Ponderosa_Pine
3040,2988,99,9,270,10,4673,235,228,125,5013,Lodgepole_Pine
55025,2925,137,8,150,16,4157,233,237,136,4305,Lodgepole_Pine
64242,2913,127,7,192,9,4410,232,236,136,4015,Spruce_Fir
12439,2912,43,8,242,8,3972,222,222,135,4131,Lodgepole_Pine
27944,2939,60,8,379,26,4547,226,224,132,4164,Lodgepole_Pine
54614,2907,52,8,283,16,4025,225,222,131,3811,Lodgepole_Pine
61559,3014,114,9,210,39,4189,236,231,125,5143,Lodgepole_Pine
31717,3014,114,9,210,39,4189,236,231,125,5143,Lodgepole_Pine
43831,2913,74,6,277,10,4760,228,228,135,4688,Lodgepole_Pine
102448,3000,51,9,228,19,3793,225,220,128,4910,Lodgepole_Pine
14517,2942,45,7,192,29,4715,222,225,138,4306,Spruce_Fir
43551,2909,114,6,256,6,4767,232,233,135,4498,Lodgepole_Pine
97569,2939,45,10,272,26,4630,223,219,130,4039,Lodgepole_Pine
92240,2925,151,7,255,16,4245,230,240,143,4024,Lodgepole_Pine
71997,2925,151,7,255,16,4245,230,240,143,4024,Lodgepole_Pine
80814,2932,99,6,180,19,4698,230,232,136,3930,Spruce_Fir
3060,2922,122,6,153,15,4080,231,235,137,4215,Lodgepole_Pine
2474,2914,94,7,190,1,3506,231,230,132,4403,Lodgepole_Pine
91664,2932,64,7,180,19,4716,227,226,133,3948,Spruce_Fir
54706,2932,64,7,180,19,4716,227,226,133,3948,Spruce_Fir
101453,2915,114,8,270,57,3376,233,233,131,4355,Lodgepole_Pine
3045,2939,60,9,297,26,4782,227,221,127,3879,Spruce_Fir
50006,2937,94,6,162,10,4660,230,231,134,4367,Lodgepole_Pine
69440,2937,94,6,162,10,4660,230,231,134,4367,Lodgepole_Pine
10446,2927,90,5,240,20,3466,227,232,139,4731,Lodgepole_Pine
27378,2937,131,5,297,19,3805,228,237,143,4673,Lodgepole_Pine
7437,2922,55,8,216,9,4726,225,223,132,4020,Lodgepole_Pine
42882,2978,54,8,175,41,4759,225,223,131,4563,Spruce_Fir
46214,2978,54,8,175,41,4759,225,223,131,4563,Spruce_Fir
30960,2932,70,5,240,19,4614,225,230,140,3945,Spruce_Fir
89969,2962,48,6,300,7,4010,222,227,140,4768,Lodgepole_Pine
10913,2962,48,6,300,7,4010,222,227,140,4768,Lodgepole_Pine
8850,2962,48,6,300,7,4010,222,227,140,4768,Lodgepole_Pine
50141,2913,45,7,323,21,4087,222,225,138,3843,Lodgepole_Pine
41989,2904,144,11,190,24,3928,236,238,131,4036,Lodgepole_Pine
60225,2904,144,11,190,24,3928,236,238,131,4036,Lodgepole_Pine
25287,2991,52,8,256,42,4353,225,223,132,5140,Krummholz
46900,2917,156,10,234,13,4414,232,241,140,4049,Spruce_Fir
53788,2923,93,5,192,10,3613,228,232,138,4471,Lodgepole_Pine
48342,2978,82,5,277,50,4821,227,231,138,4447,Spruce_Fir
99963,3027,85,9,228,52,4134,233,225,124,5100,Spruce_Fir
42986,3027,85,9,228,52,4134,233,225,124,5100,Lodgepole_Pine
52014,3011,85,9,297,51,5028,233,225,124,4345,Spruce_Fir
90786,2920,79,8,360,7,3558,231,226,128,4089,Lodgepole_Pine
11871,2968,62,8,234,43,4109,227,223,130,5208,Lodgepole_Pine
16021,2968,62,8,234,43,4109,227,223,130,5208,Lodgepole_Pine
95727,2908,53,7,234,4,4143,224,225,135,3820,Lodgepole_Pine
108719,2984,71,9,400,19,4335,230,223,126,4697,Lodgepole_Pine
68739,2930,102,8,124,17,3623,234,230,128,4418,Lodgepole_Pine
33285,2930,102,8,124,17,3623,234,230,128,4418,Lodgepole_Pine
66215,2918,131,5,247,14,4172,228,237,143,3906,Lodgepole_Pine
27693,2909,110,6,330,3,4685,230,234,138,4179,Lodgepole_Pine
55861,2928,54,9,255,-1,4564,225,221,130,3976,Lodgepole_Pine
14910,2940,148,6,295,29,3677,228,240,145,4621,Lodgepole_Pine
70056,2926,33,7,201,29,4147,219,226,143,3990,Lodgepole_Pine
106591,3041,287,13,541,125,3046,184,239,195,1873,Spruce_Fir
20743,3056,270,11,592,140,3103,190,244,193,1905,Spruce_Fir
5041,3257,295,12,511,135,3558,187,237,190,1931,Lodgepole_Pine
31524,3268,291,13,552,143,3618,183,237,195,1981,Lodgepole_Pine
103524,3072,285,14,618,156,3207,181,239,198,2006,Aspen
79977,3264,271,11,553,142,3591,192,244,191,1972,Lodgepole_Pine
93814,3274,290,13,560,149,3648,184,238,194,2007,Lodgepole_Pine
94241,3190,328,11,543,103,3108,194,228,173,1771,Spruce_Fir
14563,3190,328,11,543,103,3108,194,228,173,1771,Spruce_Fir
30787,3190,328,11,543,103,3108,194,228,173,1771,Spruce_Fir
20840,3260,273,10,534,141,3561,194,243,189,1947,Lodgepole_Pine
88772,3035,288,9,516,116,3017,194,240,186,1857,Spruce_Fir
62406,3197,303,15,537,121,3184,179,232,193,1080,Spruce_Fir
60558,3255,304,14,484,130,3583,182,233,191,1924,Spruce_Fir
17727,3070,268,14,638,150,3198,182,245,202,1981,Spruce_Fir
30153,3222,273,10,607,112,3254,192,243,190,1036,Spruce_Fir
30112,3222,273,10,607,112,3254,192,243,190,1036,Spruce_Fir
82925,3222,275,10,592,112,3237,192,243,190,1031,Spruce_Fir
15872,3193,298,13,451,136,2098,185,235,191,2174,Lodgepole_Pine
83309,3082,286,12,564,166,3210,185,239,194,2147,Spruce_Fir
5154,3261,248,12,576,142,3595,195,249,192,1989,Lodgepole_Pine
81226,3222,268,11,624,102,3270,192,244,192,1041,Spruce_Fir
30595,3222,268,11,624,102,3270,192,244,192,1041,Spruce_Fir
55871,3213,289,15,591,130,3231,177,237,200,1054,Spruce_Fir
54087,3193,258,13,641,151,3341,187,247,198,1213,Spruce_Fir
10253,3187,312,14,497,111,3155,183,229,187,1110,Spruce_Fir
69326,3249,259,10,666,118,1929,197,246,187,2188,Spruce_Fir
46846,3268,300,14,503,141,3642,180,234,194,1976,Spruce_Fir
29670,3204,317,9,607,128,3275,197,233,175,1116,Spruce_Fir
252,3262,290,14,582,111,3192,180,237,197,902,Lodgepole_Pine
7152,3262,290,14,582,111,3192,180,237,197,902,Spruce_Fir
103220,3275,254,12,616,152,3654,193,248,193,2039,Lodgepole_Pine
83057,3204,294,8,626,128,3307,197,238,181,1150,Spruce_Fir
29203,3126,333,13,659,105,2533,190,223,172,1410,Spruce_Fir
72297,3287,303,11,564,158,3735,189,235,186,2069,Lodgepole_Pine
91262,3217,254,15,509,129,3424,183,249,203,1879,Lodgepole_Pine
27674,3031,270,8,534,112,3009,199,243,183,1832,Spruce_Fir
32700,3081,289,13,470,160,3102,183,238,195,2192,Lodgepole_Pine
81038,3081,289,13,470,160,3102,183,238,195,2192,Lodgepole_Pine
61223,3253,285,14,497,122,1784,180,239,199,2221,Spruce_Fir
51892,3268,258,12,684,153,3666,192,247,193,2089,Spruce_Fir
102313,3046,280,16,566,130,3075,173,240,206,1889,Spruce_Fir
90615,3046,280,16,566,130,3075,173,240,206,1889,Spruce_Fir
55883,3205,279,10,655,163,3337,194,242,187,1154,Spruce_Fir
16120,3180,285,12,443,104,3095,187,240,193,1112,Cottonwood_Willow
50600,3192,282,10,450,116,3062,193,241,188,1054,Spruce_Fir
26748,3087,278,14,649,171,3273,181,242,200,2065,Spruce_Fir
22168,3271,314,14,485,142,3670,182,228,186,1987,Spruce_Fir
56232,3188,261,16,607,146,3314,180,247,205,1239,Spruce_Fir
99045,3088,278,14,633,172,3282,181,242,200,2089,Spruce_Fir
23157,3088,278,14,633,172,3282,181,242,200,2089,Spruce_Fir
23058,3429,298,14,618,137,2657,181,235,193,1385,Spruce_Fir
42808,3089,273,14,618,173,3276,182,243,200,2114,Spruce_Fir
69128,3278,321,13,551,127,3144,185,227,181,847,Spruce_Fir
24435,3258,305,15,466,131,3610,178,231,193,1935,Spruce_Fir
49172,3258,305,15,466,131,3610,178,231,193,1935,Spruce_Fir
71933,3252,242,14,624,101,3234,193,250,194,942,Spruce_Fir
34940,3417,270,13,553,125,2694,185,244,198,1351,Spruce_Fir
63050,3243,261,8,642,112,1937,201,244,182,2163,Spruce_Fir
27777,3243,261,8,642,112,1937,201,244,182,2163,Spruce_Fir
19609,3243,261,8,642,112,1937,201,244,182,2163,Spruce_Fir
44139,3019,303,10,566,109,1616,193,236,182,2259,Lodgepole_Pine
70298,3156,318,12,499,119,2023,189,229,180,890,Lodgepole_Pine
57094,3411,266,12,518,119,2728,190,245,194,1323,Spruce_Fir
59065,3245,275,13,457,114,1766,185,243,197,2216,Spruce_Fir
94600,3245,275,13,457,114,1766,185,243,197,2216,Spruce_Fir
87925,3279,248,11,655,156,3688,196,248,190,2080,Lodgepole_Pine
34976,3166,310,16,481,124,3200,175,228,192,1290,Spruce_Fir
27672,3085,259,14,684,169,3256,185,247,200,2016,Spruce_Fir
30470,2937,257,14,638,141,2400,185,248,200,1699,Lodgepole_Pine
24437,3248,258,8,649,117,1900,201,245,182,2205,Spruce_Fir
99057,3285,252,12,664,160,3717,194,248,192,2105,Lodgepole_Pine
77806,3214,344,11,649,137,3187,198,223,164,1879,Spruce_Fir
97621,3294,289,9,626,143,3150,196,239,183,824,Spruce_Fir
35754,3289,288,13,594,126,4230,184,238,194,2420,Spruce_Fir
41689,3289,288,13,594,126,4230,184,238,194,2420,Spruce_Fir
22343,3001,311,10,510,86,2729,193,233,180,1710,Lodgepole_Pine
61224,3001,311,10,510,86,2729,193,233,180,1710,Aspen
14196,3170,251,17,591,111,3320,181,250,205,1299,Spruce_Fir
58115,3177,313,10,457,101,3127,192,232,180,1140,Spruce_Fir
101848,3098,270,8,484,95,2688,200,243,182,1896,Lodgepole_Pine
109475,3014,309,12,541,104,1605,187,232,185,2285,Lodgepole_Pine
109599,2693,50,22,190,51,1704,224,188,88,1224,Lodgepole_Pine
50759,2692,53,22,153,50,1698,226,187,84,1231,Lodgepole_Pine
51264,2816,58,21,180,60,1416,230,192,86,1514,Lodgepole_Pine
80517,2709,52,23,180,67,1657,225,184,82,1273,Lodgepole_Pine
15349,2733,49,22,150,37,1842,223,188,89,1266,Lodgepole_Pine
8192,2733,49,22,150,37,1842,223,188,89,1266,Lodgepole_Pine
54717,2684,49,23,162,42,1691,223,184,85,1207,Lodgepole_Pine
82741,2717,61,24,175,48,1632,231,182,70,1298,Ponderosa_Pine
58613,2711,57,22,180,71,1224,229,189,82,924,Lodgepole_Pine
2501,2711,57,22,180,71,1224,229,189,82,924,Lodgepole_Pine
4613,2830,59,23,150,53,2041,230,185,76,1358,Lodgepole_Pine
66749,2826,58,21,180,75,1355,230,191,84,1209,Lodgepole_Pine
80303,2826,58,21,180,75,1355,230,191,84,1209,Lodgepole_Pine
107092,2742,64,23,120,41,1041,234,186,72,1254,Lodgepole_Pine
23016,2708,50,20,192,47,1865,224,191,92,1031,Lodgepole_Pine
97053,2724,47,21,234,63,1878,222,189,92,1006,Lodgepole_Pine
107841,2716,64,22,210,73,1187,234,189,77,902,Lodgepole_Pine
102693,2717,49,20,190,53,1811,224,194,96,1071,Lodgepole_Pine
3868,2716,48,20,212,55,1852,223,192,95,1036,Lodgepole_Pine
83554,2808,69,23,95,43,1606,237,189,71,1471,Aspen
56270,2613,58,21,277,49,1183,230,192,86,1263,Lodgepole_Pine
75183,2613,58,21,277,49,1183,230,192,86,1263,Lodgepole_Pine
75398,2804,56,22,95,27,1974,228,188,82,1383,Lodgepole_Pine
8842,2753,41,21,190,62,1140,217,190,99,1678,Lodgepole_Pine
51481,2753,41,21,190,62,1140,217,190,99,1678,Lodgepole_Pine
39402,2753,41,21,190,62,1140,217,190,99,1678,Lodgepole_Pine
86755,2797,49,25,175,54,1316,222,178,77,1120,Spruce_Fir
61288,2695,68,21,242,55,1050,236,192,77,1992,Lodgepole_Pine
33589,2743,41,21,150,47,1073,217,189,98,1745,Lodgepole_Pine
94434,2657,61,21,134,66,1249,232,192,83,882,Lodgepole_Pine
52854,2587,54,22,256,39,1036,227,189,85,1084,Lodgepole_Pine
46770,2746,39,21,182,55,1154,216,190,101,1664,Lodgepole_Pine
28297,2712,62,22,242,15,1061,232,189,78,1742,Lodgepole_Pine
57487,2741,52,24,108,65,1595,224,180,77,1142,Lodgepole_Pine
37853,2741,52,24,108,65,1595,224,180,77,1142,Lodgepole_Pine
65648,2627,58,22,175,32,1149,230,188,80,2060,Lodgepole_Pine
19925,2627,58,22,175,32,1149,230,188,80,2060,Lodgepole_Pine
20745,2722,51,21,90,28,1395,225,189,88,1040,Lodgepole_Pine
30733,2851,51,23,255,69,1262,224,184,82,1981,Lodgepole_Pine
109605,2730,50,23,268,85,1631,223,184,84,1302,Lodgepole_Pine
90477,2651,54,24,124,66,1231,226,183,77,911,Lodgepole_Pine
95942,2807,49,25,180,64,1328,222,178,77,1150,Spruce_Fir
51460,2807,49,25,180,64,1328,222,178,77,1150,Spruce_Fir
15638,2807,49,25,180,64,1328,222,178,77,1150,Spruce_Fir
54802,2603,63,22,297,47,1158,233,189,77,1233,Lodgepole_Pine
34177,2603,63,22,297,47,1158,233,189,77,1233,Krummholz
68340,2603,63,22,297,47,1158,233,189,77,1233,Lodgepole_Pine
96722,2822,68,20,150,71,1410,236,195,81,1273,Aspen
41713,2748,40,20,201,60,1195,217,191,100,1624,Lodgepole_Pine
95873,2748,40,20,201,60,1195,217,191,100,1624,Lodgepole_Pine
86718,2645,49,22,134,18,1611,223,187,88,1123,Lodgepole_Pine
19728,2692,56,25,150,52,1245,227,179,71,960,Lodgepole_Pine
61153,2685,59,22,162,46,2490,230,190,82,930,Lodgepole_Pine
45919,2829,67,20,153,70,1498,236,197,85,1396,Aspen
31540,2665,76,21,120,41,1468,240,196,76,1369,Ponderosa_Pine
48936,2575,53,24,150,56,1317,225,182,78,1758,Douglas_fir
43661,2874,68,21,234,55,2218,236,192,77,1361,Lodgepole_Pine
101682,2954,48,23,192,49,1510,222,183,85,1515,Lodgepole_Pine
85555,2807,38,23,242,73,1448,214,184,96,1482,Lodgepole_Pine
45620,2879,65,23,127,65,1350,234,186,71,942,Lodgepole_Pine
33331,2705,65,22,201,8,1087,234,190,77,1711,Lodgepole_Pine
42947,2612,42,21,228,67,1674,218,189,97,1471,Lodgepole_Pine
9631,2735,65,22,240,86,1177,234,191,78,859,Lodgepole_Pine
104496,2755,39,20,212,64,1181,217,192,102,1638,Lodgepole_Pine
57046,2577,59,23,268,33,1025,230,186,77,1064,Aspen
38813,2698,57,24,150,67,2140,229,183,74,780,Lodgepole_Pine
27252,2738,68,25,228,44,1224,236,181,61,1127,Lodgepole_Pine
63377,2818,62,22,210,42,1399,233,189,79,2460,Lodgepole_Pine
75425,2720,56,22,180,17,2147,228,189,83,759,Lodgepole_Pine
98827,2720,56,22,180,17,2147,228,189,83,759,Cottonwood_Willow
10641,2604,44,20,201,59,1650,220,193,99,1441,Lodgepole_Pine
54956,2699,48,19,170,39,1872,223,194,97,1027,Lodgepole_Pine
25052,2662,51,22,201,18,1741,224,186,85,2130,Lodgepole_Pine
28405,2833,50,22,108,53,2347,224,187,87,1879,Lodgepole_Pine
88927,2833,50,22,108,53,2347,224,187,87,1879,Lodgepole_Pine
99721,2715,53,19,210,73,1681,227,197,96,1256,Lodgepole_Pine
19384,2715,53,19,210,73,1681,227,197,96,1256,Lodgepole_Pine
85993,2842,47,24,127,60,1500,220,179,80,1919,Lodgepole_Pine
985,2604,60,21,319,35,1167,231,191,83,1240,Lodgepole_Pine
82076,2886,54,22,212,56,362,227,187,83,1592,Lodgepole_Pine
16701,2736,40,20,134,40,1087,217,191,101,1731,Lodgepole_Pine
83378,2688,78,22,150,48,1127,242,194,72,2055,Lodgepole_Pine
43700,2633,49,19,247,58,1725,224,195,97,1451,Lodgepole_Pine
73724,2700,55,21,201,85,700,228,191,87,1806,Lodgepole_Pine
94966,2752,66,21,150,8,1784,235,193,79,1680,Lodgepole_Pine
84392,2768,41,20,216,72,1115,218,193,101,1708,Lodgepole_Pine
19862,2906,67,22,108,62,953,236,190,75,1681,Lodgepole_Pine
49842,2645,44,20,201,50,1189,220,191,97,2105,Lodgepole_Pine
92893,2732,54,22,201,58,216,227,186,82,1919,Aspen
8275,2877,52,24,247,67,1140,224,181,78,765,Lodgepole_Pine
109382,2818,59,23,180,42,1437,230,185,75,2520,Lodgepole_Pine
26223,2653,51,24,150,79,1190,223,180,78,949,Lodgepole_Pine
79697,2700,80,22,180,60,1140,243,196,73,2072,Lodgepole_Pine
51895,2764,64,21,134,6,1813,234,193,82,1680,Spruce_Fir
25623,2660,43,24,170,59,806,216,179,85,1804,Lodgepole_Pine
57955,2609,69,21,300,65,1020,237,192,77,1273,Lodgepole_Pine
73654,2594,62,22,170,61,424,233,189,79,1641,Krummholz
95701,2672,68,25,120,32,1266,236,183,64,997,Lodgepole_Pine
88425,2934,64,20,150,53,1359,234,195,84,1008,Lodgepole_Pine
64341,2671,41,23,192,79,828,216,184,92,1802,Lodgepole_Pine
107096,2728,57,21,60,16,1068,229,190,83,1320,Lodgepole_Pine
16907,2800,80,22,90,34,1664,243,195,71,1536,Aspen
57098,2800,80,22,90,34,1664,243,195,71,1536,Aspen
80096,2620,61,20,153,78,1762,232,195,87,999,Ponderosa_Pine
109593,2647,45,21,95,20,1627,220,189,94,1132,Lodgepole_Pine
37375,2680,33,23,150,49,1611,209,183,100,1506,Lodgepole_Pine
56301,2562,55,22,170,58,1855,227,186,81,661,Lodgepole_Pine
51739,2747,60,25,306,45,1077,230,179,67,1832,Lodgepole_Pine
50492,2747,60,25,306,45,1077,230,179,67,1832,Lodgepole_Pine
60842,2755,47,23,108,11,1805,220,182,85,1710,Lodgepole_Pine
20846,2689,46,23,295,84,1015,220,182,86,1310,Lodgepole_Pine
100162,3035,311,9,150,33,2387,195,234,179,1684,Spruce_Fir
36783,2936,298,11,190,26,2014,188,236,188,1622,Lodgepole_Pine
89396,2936,298,11,190,26,2014,188,236,188,1622,Lodgepole_Pine
12216,3056,306,8,134,21,2248,197,235,178,1919,Lodgepole_Pine
41459,3043,288,10,124,21,1771,193,239,186,1611,Spruce_Fir
80093,3043,288,10,124,21,1771,193,239,186,1611,Spruce_Fir
63911,3043,288,10,124,21,1771,193,239,186,1611,Spruce_Fir
58002,2964,309,10,201,41,3009,193,234,181,1328,Lodgepole_Pine
80231,3006,289,10,153,36,2474,192,239,187,983,Lodgepole_Pine
48740,3035,286,11,108,30,2395,189,240,190,1593,Lodgepole_Pine
30722,2961,304,9,190,42,3013,196,236,180,1338,Lodgepole_Pine
14479,2942,310,8,170,19,1984,199,235,175,1706,Lodgepole_Pine
13144,2942,310,8,170,19,1984,199,235,175,1706,Lodgepole_Pine
51877,2984,292,9,153,35,1978,194,238,185,1144,Lodgepole_Pine
41718,3053,327,10,201,15,1986,196,229,173,1663,Spruce_Fir
97544,3029,306,10,120,12,2117,191,234,183,1200,Spruce_Fir
102800,3085,302,10,240,7,2298,191,235,184,1110,Spruce_Fir
82413,3085,302,10,240,7,2298,191,235,184,1110,Spruce_Fir
37615,3019,323,9,153,28,2087,197,231,173,1201,Spruce_Fir
45169,3052,317,11,108,17,2239,192,231,179,1889,Lodgepole_Pine
17357,3056,274,11,120,16,2767,192,243,191,1398,Lodgepole_Pine
43162,2947,310,11,216,20,1911,189,232,183,1797,Lodgepole_Pine
88040,3011,271,10,210,40,2395,195,243,188,1006,Lodgepole_Pine
97011,3013,322,12,150,22,2692,190,228,178,1773,Lodgepole_Pine
57426,2956,292,9,150,29,1691,196,239,183,1371,Lodgepole_Pine
34947,3000,273,8,108,16,2349,199,242,183,1293,Lodgepole_Pine
23010,2963,300,9,212,48,2989,195,237,182,1376,Lodgepole_Pine
91357,2963,300,9,212,48,2989,195,237,182,1376,Lodgepole_Pine
82484,2957,297,11,242,42,2954,189,237,187,1489,Lodgepole_Pine
106078,3026,304,9,90,14,2336,196,236,179,1077,Spruce_Fir
91516,2960,259,10,120,29,2483,197,246,187,1436,Spruce_Fir
58080,2960,259,10,120,29,2483,197,246,187,1436,Lodgepole_Pine
63500,3017,299,10,120,31,2639,193,237,184,886,Spruce_Fir
14688,3025,290,11,85,19,2321,189,239,190,1660,Spruce_Fir
37733,2955,292,9,175,33,1677,194,238,185,1366,Lodgepole_Pine
102830,2986,302,12,124,11,2343,186,234,189,1565,Spruce_Fir
44707,3093,330,10,175,16,2160,196,228,171,1661,Spruce_Fir
86040,3001,295,7,192,28,2263,201,238,177,1001,Lodgepole_Pine
66173,3077,260,9,170,20,3020,197,245,187,1518,Lodgepole_Pine
2806,3077,260,9,170,20,3020,197,245,187,1518,Lodgepole_Pine
99062,3018,311,9,256,47,2416,196,234,177,1091,Lodgepole_Pine
33298,3004,315,11,210,3,3104,192,231,180,1296,Spruce_Fir
24104,2968,315,11,216,40,3004,190,231,181,1319,Lodgepole_Pine
62899,3001,264,9,95,20,2347,199,244,185,1263,Lodgepole_Pine
106082,3045,285,9,95,10,2241,194,240,186,1201,Spruce_Fir
5430,3043,293,9,95,17,1772,195,238,183,1626,Spruce_Fir
99492,2895,281,8,150,17,2213,197,241,184,1387,Aspen
107256,2924,299,12,201,9,2804,186,235,189,1473,Lodgepole_Pine
523,2997,284,12,212,24,2292,187,240,192,972,Lodgepole_Pine
23863,3004,275,10,210,6,2279,192,243,190,994,Lodgepole_Pine
52532,2962,304,9,272,47,2971,196,236,180,1516,Lodgepole_Pine
62252,3063,287,10,85,6,2817,193,240,187,1387,Lodgepole_Pine
64094,3063,287,10,85,6,2817,193,240,187,1387,Lodgepole_Pine
35587,3063,287,10,85,6,2817,193,240,187,1387,Lodgepole_Pine
61963,2980,309,10,180,40,1543,193,234,181,1515,Lodgepole_Pine
49991,3042,313,12,150,10,2033,187,230,183,1290,Spruce_Fir
43293,3042,313,12,150,10,2033,187,230,183,1290,Spruce_Fir
84625,2993,319,10,150,27,3185,194,231,177,1959,Lodgepole_Pine
82593,2939,304,7,150,18,1994,201,237,175,1723,Lodgepole_Pine
13532,3004,278,10,170,3,3143,193,242,189,1269,Spruce_Fir
20011,3101,315,11,216,25,2201,192,231,180,2255,Spruce_Fir
52372,2929,277,10,108,8,2051,194,242,188,1674,Lodgepole_Pine
70533,2929,277,10,108,8,2051,194,242,188,1674,Lodgepole_Pine
98606,3026,281,8,192,24,3177,199,241,182,1036,Spruce_Fir
34001,2955,297,11,285,40,2922,189,237,187,1544,Lodgepole_Pine
101903,3072,317,12,162,1,2147,189,230,181,1266,Spruce_Fir
77328,3015,271,10,120,28,2619,193,243,189,949,Lodgepole_Pine
52241,3000,277,11,234,27,2300,189,242,193,967,Lodgepole_Pine
313,3084,263,8,234,30,3066,200,244,183,1490,Lodgepole_Pine
44805,3052,265,9,90,17,2214,198,244,185,1230,Spruce_Fir
54529,2950,286,8,120,31,3041,197,240,183,1304,Lodgepole_Pine
34874,3083,259,8,212,26,3041,200,245,184,1513,Lodgepole_Pine
93251,2913,276,10,150,29,3203,194,242,187,1703,Lodgepole_Pine
76882,2940,272,9,150,33,1758,197,243,185,1277,Lodgepole_Pine
55275,2922,267,9,150,15,2002,196,244,187,1249,Lodgepole_Pine
62381,3080,324,8,153,9,2054,200,231,171,1689,Spruce_Fir
6508,3101,304,10,95,28,1973,192,235,183,1954,Lodgepole_Pine
45703,3101,307,10,85,14,2084,193,234,181,1939,Spruce_Fir
87401,2985,313,9,124,21,3189,197,234,177,2014,Lodgepole_Pine
17789,3081,313,12,150,8,2936,187,230,183,1465,Lodgepole_Pine
85047,2973,290,9,85,15,2279,195,239,183,997,Lodgepole_Pine
77010,3077,254,10,150,20,2991,197,247,189,1542,Lodgepole_Pine
29552,2943,286,7,134,16,1989,201,240,179,1782,Lodgepole_Pine
11214,2941,312,7,170,14,1967,201,235,173,1747,Lodgepole_Pine
63376,2941,312,7,170,14,1967,201,235,173,1747,Lodgepole_Pine
96578,3165,289,9,153,22,2488,196,239,183,942,Spruce_Fir
18102,3076,296,6,201,22,2814,203,238,175,1734,Lodgepole_Pine
4957,3076,296,6,201,22,2814,203,238,175,1734,Lodgepole_Pine
50372,3076,296,6,201,22,2814,203,238,175,1734,Lodgepole_Pine
41465,3020,284,9,234,12,1982,196,240,184,782,Lodgepole_Pine
36537,2962,312,11,192,0,2330,190,232,182,931,Lodgepole_Pine
41061,2962,312,11,192,0,2330,190,232,182,931,Spruce_Fir
81506,3012,257,12,150,30,2405,192,247,193,1230,Lodgepole_Pine
33317,3067,266,7,134,13,2802,203,243,179,1723,Lodgepole_Pine
102492,3013,297,13,134,18,2389,183,235,192,1381,Lodgepole_Pine
24516,2937,311,11,90,22,2948,191,232,181,1315,Lodgepole_Pine
100474,2934,308,11,90,19,2922,190,233,183,1329,Lodgepole_Pine
15354,2961,328,9,108,11,2236,199,230,170,1681,Spruce_Fir
56187,3051,322,11,150,6,1740,192,229,177,1624,Spruce_Fir
3311,3051,322,11,150,6,1740,192,229,177,1624,Spruce_Fir
56716,3051,322,11,150,6,1740,192,229,177,1624,Spruce_Fir
14414,3001,320,11,175,34,3182,191,229,178,1905,Lodgepole_Pine
11996,3001,320,11,175,34,3182,191,229,178,1905,Lodgepole_Pine
92529,2944,293,10,90,25,3000,191,238,187,1289,Lodgepole_Pine
66435,3069,260,11,120,15,2714,193,246,192,1797,Lodgepole_Pine
65553,3089,313,8,150,0,2208,198,234,176,1113,Spruce_Fir
50513,3089,313,8,150,0,2208,198,234,176,1113,Spruce_Fir
78046,2956,285,11,120,25,1677,190,240,190,1406,Lodgepole_Pine
83153,3103,315,10,162,27,2156,192,232,179,2290,Lodgepole_Pine
56047,2963,295,8,270,48,2969,198,238,180,1503,Lodgepole_Pine
11049,3049,260,9,170,35,1690,197,245,187,1452,Spruce_Fir
53708,3049,260,9,170,35,1690,197,245,187,1452,Spruce_Fir
47503,2995,320,11,201,47,1996,191,229,178,1180,Lodgepole_Pine
102075,2996,302,13,150,21,2368,182,233,191,1523,Spruce_Fir
85350,2899,325,10,190,35,2942,196,230,173,1884,Spruce_Fir
34898,2893,288,11,120,9,2190,189,239,190,1406,Aspen
19582,2893,288,11,120,9,2190,189,239,190,1406,Aspen
95186,3106,311,9,175,31,2128,195,234,179,2318,Lodgepole_Pine
6416,3106,311,9,175,31,2128,195,234,179,2318,Lodgepole_Pine
50240,3088,308,11,212,-6,2329,190,233,183,1015,Spruce_Fir
32529,3079,290,10,127,15,1484,193,239,185,1725,Lodgepole_Pine
7568,3079,290,10,127,15,1484,193,239,185,1725,Lodgepole_Pine
3353,3010,323,9,212,38,3181,196,230,174,1852,Lodgepole_Pine
72732,2912,295,9,255,24,2991,195,238,182,2151,Spruce_Fir
12040,2884,300,10,134,22,1816,192,236,184,1231,Lodgepole_Pine
65603,2892,259,8,201,27,2215,202,245,182,1350,Aspen
41236,3025,295,11,242,53,2329,189,237,188,1048,Lodgepole_Pine
49960,3033,315,8,240,-1,1897,199,234,174,1889,Lodgepole_Pine
18787,3072,305,8,210,3,2093,199,236,176,2242,Lodgepole_Pine
2528,2885,290,9,134,20,1853,195,239,183,1173,Douglas_fir
13645,2961,293,12,180,34,1650,187,237,191,1396,Lodgepole_Pine
10745,2964,308,10,297,37,1851,191,234,182,1775,Lodgepole_Pine
101939,3031,292,7,175,28,2672,201,239,178,816,Spruce_Fir
5118,2926,292,12,124,10,2068,186,238,191,1632,Spruce_Fir
105541,2939,253,8,212,18,2106,202,246,182,1888,Spruce_Fir
102849,2989,302,11,120,11,2550,190,235,185,2341,Spruce_Fir
3226,2989,302,11,120,11,2550,190,235,185,2341,Spruce_Fir
50637,3051,313,8,319,29,2210,199,234,175,1304,Spruce_Fir
10019,2915,284,12,182,8,2069,187,240,192,1207,Lodgepole_Pine
9366,2960,328,9,150,28,3093,199,230,171,1233,Lodgepole_Pine
81780,2959,299,10,313,44,2940,193,237,184,1571,Lodgepole_Pine
66075,3032,285,11,182,40,2630,188,240,192,864,Spruce_Fir
61968,3032,285,11,182,40,2630,188,240,192,864,Spruce_Fir
2699,2927,305,11,182,42,3237,189,234,185,1718,Lodgepole_Pine
34322,3007,312,12,182,6,3115,186,231,184,1266,Spruce_Fir
10926,3097,286,9,175,5,1758,195,240,184,987,Spruce_Fir
810,2996,281,10,60,15,2315,192,241,189,1236,Lodgepole_Pine
13669,3054,333,8,242,32,2117,202,230,167,1398,Spruce_Fir
34474,3031,281,8,182,14,3209,199,241,182,940,Spruce_Fir
92361,2996,274,9,85,12,1936,195,243,187,1324,Spruce_Fir
106027,2980,297,8,85,7,2183,198,238,179,1077,Spruce_Fir
105311,3054,322,8,300,32,2181,200,232,171,1332,Spruce_Fir
90108,3109,293,9,210,-2,2399,195,238,183,825,Spruce_Fir
106067,3064,294,11,124,6,1786,188,237,189,1194,Spruce_Fir
34524,3016,304,14,175,21,2415,182,233,191,1350,Lodgepole_Pine
1300,2902,284,10,90,9,2208,191,240,189,1471,Lodgepole_Pine
67935,2886,305,8,150,18,1879,199,236,176,1144,Cottonwood_Willow
53412,3064,304,7,90,10,2663,201,237,175,1832,Lodgepole_Pine
11197,2896,283,9,90,5,2188,196,241,184,1448,Aspen
4549,3045,312,6,182,16,1989,204,236,171,1627,Spruce_Fir
40223,2883,274,12,153,24,2197,189,243,193,1321,Aspen
72311,3086,312,13,170,19,2940,184,230,186,1487,Lodgepole_Pine
74558,3086,312,13,170,19,2940,184,230,186,1487,Lodgepole_Pine
56111,3086,312,13,170,19,2940,184,230,186,1487,Lodgepole_Pine
43575,3086,312,13,170,19,2940,184,230,186,1487,Lodgepole_Pine
20377,3047,263,10,108,20,3000,196,245,188,1065,Lodgepole_Pine
63813,2906,322,9,228,42,2985,198,232,173,1879,Spruce_Fir
7512,3033,301,13,95,33,2389,184,234,190,1563,Lodgepole_Pine
107214,2883,301,11,150,37,1781,190,236,186,1290,Lodgepole_Pine
70674,2962,302,9,306,47,2955,194,236,181,1557,Lodgepole_Pine
87745,2991,278,10,192,33,2776,193,242,189,685,Lodgepole_Pine
93623,3053,330,7,201,31,2083,204,232,167,1438,Spruce_Fir
107415,3023,316,13,153,32,2634,184,228,183,1828,Lodgepole_Pine
81838,3042,311,9,323,43,2780,196,234,178,1842,Lodgepole_Pine
66601,3054,276,9,60,5,2758,197,242,184,1350,Lodgepole_Pine
84676,3034,295,7,85,22,2240,201,238,177,1082,Spruce_Fir
14891,3034,295,7,85,22,2240,201,238,177,1082,Spruce_Fir
75020,3146,306,10,175,51,2073,192,235,183,1978,Lodgepole_Pine
46487,2996,317,8,240,19,1489,200,233,173,1537,Lodgepole_Pine
81548,2996,317,8,240,19,1489,200,233,173,1537,Lodgepole_Pine
98496,2943,305,13,228,28,2888,183,232,189,1492,Lodgepole_Pine
62190,3043,310,7,256,8,1926,201,235,174,1974,Lodgepole_Pine
90124,3094,306,8,90,5,2124,198,236,178,1159,Spruce_Fir
107692,3096,327,11,162,21,2202,193,228,174,2245,Lodgepole_Pine
106104,3058,276,7,192,-8,2182,200,242,181,1310,Spruce_Fir
84641,3045,262,8,150,27,3001,200,245,184,1015,Lodgepole_Pine
7038,3045,262,8,150,27,3001,200,245,184,1015,Lodgepole_Pine
7489,3027,324,13,162,39,2605,188,226,178,1855,Lodgepole_Pine
105713,3029,319,11,255,33,2980,192,230,178,853,Spruce_Fir
50848,3034,308,8,240,56,2506,198,235,177,1034,Lodgepole_Pine
98526,3038,246,8,153,3,2268,205,246,179,1216,Spruce_Fir
39491,2977,268,11,108,13,2058,191,245,193,1226,Spruce_Fir
27572,3100,320,12,242,43,2954,189,228,180,1556,Lodgepole_Pine
44887,2949,301,12,277,23,1848,185,234,189,1390,Lodgepole_Pine
44290,3042,277,6,247,20,2903,204,241,176,1236,Spruce_Fir
107698,3104,317,8,228,29,2154,198,233,174,2297,Lodgepole_Pine
47813,3033,322,11,234,37,2977,192,229,177,876,Spruce_Fir
107655,3045,331,11,124,10,2135,194,226,172,1943,Lodgepole_Pine
16446,2931,74,10,182,2,1875,232,222,122,1892,Lodgepole_Pine
45793,2986,65,9,150,17,2529,229,222,126,1731,Douglas_fir
46025,2986,65,9,150,17,2529,229,222,126,1731,Lodgepole_Pine
41785,2958,66,10,170,19,2279,230,219,121,1952,Spruce_Fir
9952,3010,95,9,150,25,2092,234,227,124,1426,Lodgepole_Pine
98010,3010,95,9,150,25,2092,234,227,124,1426,Lodgepole_Pine
47390,2942,101,10,228,13,1939,236,227,121,1907,Lodgepole_Pine
56834,3035,63,8,192,22,1806,227,224,131,1671,Spruce_Fir
101098,2976,60,8,150,17,2236,226,224,132,1325,Spruce_Fir
662,2956,79,8,162,17,2343,231,226,128,2131,Spruce_Fir
37631,2989,84,9,192,23,1485,233,225,125,1992,Lodgepole_Pine
55591,2921,62,8,216,15,1855,227,223,130,2110,Lodgepole_Pine
2895,3005,81,10,216,29,1613,233,223,121,1879,Lodgepole_Pine
13826,3005,81,10,216,29,1613,233,223,121,1879,Lodgepole_Pine
76969,2913,66,9,242,13,1797,229,223,127,2126,Lodgepole_Pine
22683,2942,85,9,182,18,1734,233,225,124,1120,Spruce_Fir
22288,2992,76,8,190,29,1492,230,226,128,1865,Lodgepole_Pine
84480,2992,76,8,190,29,1492,230,226,128,1865,Lodgepole_Pine
57439,3048,90,9,182,20,2032,235,225,121,1460,Spruce_Fir
53854,3005,85,9,95,18,2165,233,225,124,1500,Lodgepole_Pine
73547,3003,72,10,216,21,2340,232,220,119,1976,Lodgepole_Pine
97260,3003,72,10,216,21,2340,232,220,119,1976,Lodgepole_Pine
74781,2944,111,8,210,15,1965,234,231,129,1871,Lodgepole_Pine
31478,3048,57,8,201,26,1875,226,223,132,1633,Spruce_Fir
77079,2925,100,11,201,16,1638,238,226,118,1530,Lodgepole_Pine
42501,2925,100,11,201,16,1638,238,226,118,1530,Krummholz
51325,2827,99,9,201,24,2147,235,228,125,1660,Lodgepole_Pine
19267,3025,94,9,242,21,1747,235,226,122,1728,Spruce_Fir
82803,2892,63,9,201,7,1681,228,222,127,2163,Lodgepole_Pine
51770,3046,73,10,170,1,2045,232,221,121,1567,Spruce_Fir
48670,3025,95,8,228,23,1742,233,229,128,1717,Spruce_Fir
78603,2992,86,8,212,26,1515,232,227,129,1964,Lodgepole_Pine
746,2824,60,9,150,26,1911,227,221,127,1772,Lodgepole_Pine
46854,2936,62,9,108,37,2133,228,221,125,1620,Cottonwood_Willow
86965,3018,82,8,180,0,1689,232,225,126,1797,Spruce_Fir
96529,3034,60,8,190,12,2056,227,223,131,1282,Lodgepole_Pine
25888,3034,60,8,190,12,2056,227,223,131,1282,Lodgepole_Pine
15072,2822,69,9,175,31,2096,230,222,125,1895,Lodgepole_Pine
71619,3010,76,9,234,34,1642,232,223,124,1851,Lodgepole_Pine
71400,3010,76,9,234,34,1642,232,223,124,1851,Lodgepole_Pine
31919,3037,102,8,192,19,1842,234,230,128,1645,Spruce_Fir
31205,3054,91,10,218,26,2052,235,225,120,1436,Spruce_Fir
33628,3054,91,10,218,26,2052,235,225,120,1436,Douglas_fir
58216,3054,91,10,218,26,2052,235,225,120,1436,Spruce_Fir
87550,2979,47,8,175,16,1570,223,223,134,1561,Lodgepole_Pine
108508,2891,47,11,201,16,2072,224,217,126,1940,Lodgepole_Pine
26702,2943,73,10,134,-4,1723,232,221,121,1517,Lodgepole_Pine
44840,2882,61,9,170,34,1412,227,222,128,1608,Spruce_Fir
39120,2991,72,7,150,22,2561,228,227,133,1707,Lodgepole_Pine
47367,2991,72,7,150,22,2561,228,227,133,1707,Lodgepole_Pine
95028,3010,86,8,108,8,1934,232,227,129,1390,Lodgepole_Pine
66805,3050,101,9,234,23,2016,235,228,124,1471,Spruce_Fir
14831,3050,101,9,234,23,2016,235,228,124,1471,Spruce_Fir
34261,2934,77,9,108,7,2242,232,224,125,2197,Spruce_Fir
17587,3009,76,7,124,7,2136,229,227,131,1507,Spruce_Fir
53795,2993,98,9,153,31,1530,235,228,124,1958,Lodgepole_Pine
101465,2825,66,8,153,34,2106,228,225,131,1836,Lodgepole_Pine
21437,2825,66,8,153,34,2106,228,225,131,1836,Lodgepole_Pine
62433,2959,91,11,210,5,1900,237,223,117,1292,Lodgepole_Pine
48715,2959,91,11,210,5,1900,237,223,117,1292,Lodgepole_Pine
61650,3029,92,7,162,11,1783,232,229,129,1703,Spruce_Fir
26270,3000,70,11,192,18,2340,232,218,117,2002,Lodgepole_Pine
4523,2928,60,9,212,18,2287,227,221,127,2347,Lodgepole_Pine
55479,2965,81,9,272,12,1972,233,224,123,1215,Lodgepole_Pine
80090,3018,41,9,212,23,1702,221,221,134,1727,Lodgepole_Pine
50160,3010,98,10,127,20,1682,237,225,118,1890,Lodgepole_Pine
5125,2898,69,9,127,12,1953,230,222,125,2310,Spruce_Fir
41951,2903,63,7,170,10,1689,226,226,134,2068,Lodgepole_Pine
98982,2903,63,7,170,10,1689,226,226,134,2068,Lodgepole_Pine
55457,2812,53,9,150,14,1782,226,221,129,1790,Lodgepole_Pine
84651,2908,104,10,180,0,1549,237,228,121,1574,Lodgepole_Pine
4980,3017,39,10,150,13,2083,221,218,131,1550,Lodgepole_Pine
104414,3021,63,7,210,3,1712,227,225,132,1776,Lodgepole_Pine
98260,2906,49,9,234,15,1776,224,220,130,2164,Lodgepole_Pine
16202,2937,83,8,240,8,2026,231,227,128,2316,Lodgepole_Pine
75243,2937,83,8,240,8,2026,231,227,128,2316,Lodgepole_Pine
82462,2995,54,8,127,32,1889,225,223,131,1263,Lodgepole_Pine
14581,2980,81,11,201,42,2130,235,221,117,1934,Douglas_fir
37654,2989,79,11,150,26,1489,234,220,117,1921,Aspen
26680,2984,74,10,190,1,2642,233,220,119,1530,Spruce_Fir
62028,2984,74,10,190,1,2642,233,220,119,1530,Spruce_Fir
109774,2825,80,10,124,34,2089,234,223,120,1771,Lodgepole_Pine
1022,2934,79,10,153,-13,1690,233,223,121,1557,Lodgepole_Pine
102073,3014,113,8,180,29,2062,234,232,129,1434,Lodgepole_Pine
45141,3045,110,9,234,27,1900,236,230,126,1587,Spruce_Fir
95113,2900,72,11,212,11,1703,233,219,117,2125,Lodgepole_Pine
89902,3018,52,11,108,14,2118,226,217,124,1572,Lodgepole_Pine
97882,3018,52,11,108,14,2118,226,217,124,1572,Lodgepole_Pine
24845,2986,72,7,255,12,1695,228,227,133,1383,Lodgepole_Pine
60811,2956,67,12,150,17,2284,232,217,116,1982,Spruce_Fir
67866,2906,71,9,190,21,1597,231,222,124,994,Lodgepole_Pine
88216,2980,72,7,201,1,2612,228,227,133,1524,Spruce_Fir
58072,3093,74,9,108,16,2120,231,223,125,1727,Spruce_Fir
81676,2832,45,9,212,34,1976,223,221,133,1800,Lodgepole_Pine
57868,2832,45,9,212,34,1976,223,221,133,1800,Lodgepole_Pine
89949,2895,79,11,240,6,2295,235,220,115,1489,Lodgepole_Pine
107806,2831,63,7,190,33,1931,227,225,132,1834,Lodgepole_Pine
9658,2994,80,11,180,31,1509,235,220,116,1878,Lodgepole_Pine
30297,3047,93,9,277,29,1889,234,227,125,1604,Spruce_Fir
79891,2948,70,11,192,13,2337,232,218,117,2222,Lodgepole_Pine
13567,2964,83,9,175,22,2110,233,224,122,2489,Lodgepole_Pine
108441,2918,80,7,270,12,1830,229,228,133,1994,Lodgepole_Pine
70584,3082,58,8,120,11,2041,226,224,132,1725,Spruce_Fir
48153,2986,47,11,234,17,2584,224,217,126,1663,Spruce_Fir
84500,2986,47,11,234,17,2584,224,217,126,1663,Spruce_Fir
15403,2967,111,8,242,14,1965,234,231,129,1243,Lodgepole_Pine
8622,3017,90,9,192,19,2936,233,227,125,1848,Lodgepole_Pine
67404,3017,90,9,192,19,2936,233,227,125,1848,Lodgepole_Pine
56005,3017,90,9,192,19,2936,233,227,125,1848,Lodgepole_Pine
87408,2768,69,9,182,12,1974,230,222,125,1652,Lodgepole_Pine
85524,2768,69,9,182,12,1974,230,222,125,1652,Lodgepole_Pine
107760,2900,63,11,216,19,1538,230,218,121,2162,Lodgepole_Pine
14213,3077,76,9,90,18,2014,232,223,124,1754,Spruce_Fir
29477,3063,82,9,268,28,2103,233,225,124,1383,Spruce_Fir
44594,2985,69,7,120,22,1460,228,226,131,1950,Lodgepole_Pine
63803,2982,55,10,120,3,2742,226,220,127,1822,Spruce_Fir
25575,2775,79,8,212,19,1999,231,225,126,1776,Lodgepole_Pine
23238,2836,95,9,212,45,2177,234,227,124,1790,Lodgepole_Pine
93642,2836,95,9,212,45,2177,234,227,124,1790,Lodgepole_Pine
12814,2909,63,8,175,3,2212,228,223,128,2385,Lodgepole_Pine
14413,2909,87,9,90,0,1537,234,225,123,1652,Lodgepole_Pine
19703,2776,83,8,150,20,1932,232,226,127,1765,Lodgepole_Pine
39320,2972,71,9,272,33,2454,231,222,124,2101,Spruce_Fir
37779,2995,56,10,134,15,2160,227,218,124,1055,Lodgepole_Pine
82649,2995,56,10,134,15,2160,227,218,124,1055,Lodgepole_Pine
31224,2907,70,8,134,1,2173,229,225,129,2359,Lodgepole_Pine
41845,2961,58,9,150,23,2084,227,221,128,2497,Lodgepole_Pine
24974,2916,90,10,277,7,1624,236,224,118,1466,Lodgepole_Pine
65894,2920,75,11,127,10,2210,233,220,117,2293,Lodgepole_Pine
9487,2920,75,11,127,10,2210,233,220,117,2293,Lodgepole_Pine
58521,3005,60,8,240,42,1574,226,224,132,1826,Lodgepole_Pine
21724,2997,69,11,228,5,2678,231,219,119,1419,Spruce_Fir
96276,2997,69,11,228,5,2678,231,219,119,1419,Spruce_Fir
66238,2902,102,10,210,-6,1524,237,227,120,1565,Lodgepole_Pine
17300,2881,48,11,180,12,1945,224,215,123,2021,Lodgepole_Pine
101847,3063,59,11,175,3,2123,228,217,120,1515,Spruce_Fir
51515,3063,59,11,175,3,2123,228,217,120,1515,Spruce_Fir
5284,3018,50,8,153,27,2754,224,223,133,1558,Lodgepole_Pine
46220,2885,40,11,210,16,1974,221,216,128,2012,Lodgepole_Pine
108775,2985,87,10,108,21,1442,236,223,118,1994,Lodgepole_Pine
17760,2911,73,10,212,23,1584,232,221,121,967,Lodgepole_Pine
79047,3092,69,8,192,0,2268,229,224,128,1455,Spruce_Fir
70919,2889,82,8,216,10,1273,232,225,126,2073,Lodgepole_Pine
1429,3091,67,9,212,14,2352,229,222,125,2148,Spruce_Fir
4023,3091,67,9,212,14,2352,229,222,125,2148,Douglas_fir
94403,2796,79,8,210,0,2310,231,226,128,1537,Lodgepole_Pine
105308,3019,83,8,300,12,1727,231,227,128,1774,Spruce_Fir
74467,3025,56,9,124,17,2477,226,221,129,1114,Spruce_Fir
38341,2965,60,8,134,5,1283,226,224,132,2021,Lodgepole_Pine
74403,2782,96,9,216,26,1781,234,228,125,1895,Spruce_Fir
81058,2778,93,8,216,22,1987,233,228,127,1813,Lodgepole_Pine
78732,3002,72,11,210,39,1549,233,219,117,1863,Lodgepole_Pine
70689,3027,104,8,124,-2,1766,234,230,129,1800,Spruce_Fir
26117,2970,108,9,170,26,1884,236,230,125,977,Lodgepole_Pine
64269,2972,62,6,153,13,2177,225,228,138,1332,Spruce_Fir
103034,2994,53,7,175,7,2701,224,225,135,1543,Lodgepole_Pine
42367,3117,66,9,120,17,2335,229,223,127,1704,Spruce_Fir
60156,3004,76,6,150,19,2075,228,229,136,1282,Lodgepole_Pine
72147,2916,68,11,170,10,2230,232,218,118,2352,Lodgepole_Pine
48548,2995,72,11,218,4,2676,233,219,117,1448,Lodgepole_Pine
80218,2783,94,8,201,27,1806,232,229,129,1883,Aspen
70304,2948,97,6,210,3,1994,230,231,135,1865,Lodgepole_Pine
5275,2974,45,8,150,14,1347,222,223,136,1965,Lodgepole_Pine
50823,3021,83,11,108,15,1773,236,220,114,1832,Spruce_Fir
13778,3021,83,11,108,15,1773,236,220,114,1832,Spruce_Fir
13650,3062,47,9,127,14,1825,223,221,132,1261,Spruce_Fir
30904,3038,112,7,175,20,1885,232,233,133,1601,Spruce_Fir
31330,2956,81,8,67,10,1664,231,226,128,2084,Lodgepole_Pine
1191,2956,81,8,67,10,1664,231,226,128,2084,Lodgepole_Pine
25960,2945,128,9,150,4,1988,235,235,131,1806,Lodgepole_Pine
50443,2945,128,9,150,4,1988,235,235,131,1806,Lodgepole_Pine
19562,2976,57,8,285,7,2526,226,223,131,1421,Spruce_Fir
85414,2793,97,8,124,14,2220,234,228,127,1556,Lodgepole_Pine
102621,2793,97,8,124,14,2220,234,228,127,1556,Lodgepole_Pine
38157,2910,42,7,162,10,1707,221,225,138,2002,Lodgepole_Pine
37861,3012,63,10,150,11,2984,229,220,123,1725,Spruce_Fir
2787,2952,55,10,277,17,2411,226,220,127,2280,Lodgepole_Pine
48969,2889,94,10,127,16,2084,236,226,120,2436,Krummholz
105203,2952,86,12,124,13,2307,237,221,113,2102,Spruce_Fir
44281,2898,32,9,218,9,2279,218,221,139,1415,Spruce_Fir
92688,2898,32,9,218,9,2279,218,221,139,1415,Spruce_Fir
61527,2886,90,9,108,15,1624,235,225,121,1087,Lodgepole_Pine
21954,2959,64,6,201,20,2379,226,228,136,2160,Lodgepole_Pine
11055,2905,51,9,301,16,2372,225,220,128,1414,Douglas_fir
39046,3003,72,8,201,11,3061,229,226,130,1828,Lodgepole_Pine
15655,3003,72,8,201,11,3061,229,226,130,1828,Lodgepole_Pine
78245,2902,34,9,170,17,1822,219,221,138,2213,Lodgepole_Pine
59507,2802,69,8,85,19,1894,229,224,128,1842,Aspen
55932,2913,101,9,247,23,2053,235,228,124,918,Lodgepole_Pine
70054,2769,96,10,150,13,1775,236,226,121,1828,Spruce_Fir
47088,2769,96,10,150,13,1775,236,226,121,1828,Spruce_Fir
92885,2769,96,10,150,13,1775,236,226,121,1828,Spruce_Fir
58888,3034,72,9,150,14,1380,231,222,123,1099,Lodgepole_Pine
101034,2907,54,6,175,14,1712,224,227,138,2030,Lodgepole_Pine
64040,3017,85,8,216,-5,2776,232,227,128,1513,Lodgepole_Pine
78280,2968,77,9,85,8,1295,232,224,125,2028,Lodgepole_Pine
68270,2854,92,11,175,35,2175,238,222,114,1318,Lodgepole_Pine
8593,2953,96,7,212,15,2081,232,229,129,2431,Lodgepole_Pine
625,2775,61,7,190,19,1986,226,225,133,1681,Lodgepole_Pine
98971,2775,78,7,218,19,2014,229,228,132,1674,Lodgepole_Pine
65414,2777,107,10,153,21,1894,237,228,121,1812,Lodgepole_Pine
86312,2815,67,10,67,17,1826,230,221,123,1717,Lodgepole_Pine
46121,3089,95,10,190,36,1869,237,225,118,1931,Lodgepole_Pine
8484,2890,71,12,182,21,1964,233,216,113,2078,Lodgepole_Pine
104348,2924,80,9,190,51,1962,233,223,122,2239,Lodgepole_Pine
1019,2924,80,9,190,51,1962,233,223,122,2239,Lodgepole_Pine
27128,2976,79,10,67,5,1532,234,222,119,1793,Lodgepole_Pine
32519,3006,60,8,182,14,3060,226,224,132,1773,Lodgepole_Pine
36200,3006,60,8,182,14,3060,226,224,132,1773,Lodgepole_Pine
12487,2942,76,12,150,7,2300,234,218,114,2193,Lodgepole_Pine
107757,2797,68,7,150,5,1698,227,226,133,1742,Lodgepole_Pine
64690,2979,70,6,175,2,2611,227,228,135,1554,Spruce_Fir
77297,2790,80,7,134,11,2190,229,228,133,1489,Lodgepole_Pine
20737,3066,61,8,127,0,1853,227,223,129,1237,Spruce_Fir
53623,3066,61,8,127,0,1853,227,223,129,1237,Spruce_Fir
25610,2993,58,6,170,16,2591,224,228,138,1677,Spruce_Fir
94381,2991,78,11,95,9,2430,234,220,116,2099,Lodgepole_Pine
32066,3010,77,8,127,9,2989,231,225,127,1695,Spruce_Fir
101238,2945,32,9,120,24,2271,218,221,138,2039,Spruce_Fir
98552,2870,60,9,120,5,1722,227,221,127,2372,Lodgepole_Pine
87939,2870,60,9,120,5,1722,227,221,127,2372,Lodgepole_Pine
34019,3051,83,6,218,29,1909,229,230,135,1594,Spruce_Fir
22733,2824,64,6,180,26,1888,226,228,136,1839,Lodgepole_Pine
4782,2982,42,7,190,19,1412,221,225,138,1909,Lodgepole_Pine
61330,2803,110,8,212,7,2370,234,231,129,1575,Lodgepole_Pine
11388,2954,69,7,134,2,1376,228,226,131,2143,Lodgepole_Pine
68202,2954,69,7,134,2,1376,228,226,131,2143,Lodgepole_Pine
24701,2922,45,7,210,-6,1820,222,225,138,1937,Lodgepole_Pine
40338,2838,90,9,268,47,2226,233,227,125,1710,Lodgepole_Pine
9123,2838,90,9,268,47,2226,233,227,125,1710,Lodgepole_Pine
108784,2969,102,10,124,3,1392,238,226,119,2069,Lodgepole_Pine
38792,2809,81,9,150,45,1742,232,225,125,1302,Spruce_Fir
40491,3123,69,11,190,23,2361,231,219,119,1624,Spruce_Fir
17936,2833,40,8,212,33,2337,221,223,137,1935,Lodgepole_Pine
56722,2893,47,11,175,20,1774,224,215,124,2259,Lodgepole_Pine
84447,2997,97,9,124,9,1140,236,227,122,1794,Lodgepole_Pine
38174,2851,112,10,192,23,1269,238,229,121,1800,Spruce_Fir
41742,2851,112,10,192,23,1269,238,229,121,1800,Spruce_Fir
69814,3073,83,9,60,14,1999,233,224,122,1790,Spruce_Fir
77703,3093,75,8,240,16,2274,230,225,127,2236,Spruce_Fir
73964,3078,80,11,85,7,2026,234,221,118,1761,Spruce_Fir
30848,3089,69,7,210,12,2378,228,226,131,2118,Spruce_Fir
84560,3089,69,7,210,12,2378,228,226,131,2118,Spruce_Fir
37843,3074,41,9,192,13,1477,221,220,133,1830,Spruce_Fir
61537,3005,94,11,234,4,2713,238,223,115,1565,Lodgepole_Pine
1717,2991,90,9,60,6,2165,235,225,121,1259,Lodgepole_Pine
32138,2956,66,6,234,17,2394,227,227,135,2220,Lodgepole_Pine
95090,3024,104,7,95,6,1768,232,231,131,1718,Spruce_Fir
88690,3003,53,7,240,40,1566,224,225,135,1819,Lodgepole_Pine
26649,3003,53,7,240,40,1566,224,225,135,1819,Lodgepole_Pine
70840,2820,94,8,285,24,2430,232,229,129,1570,Lodgepole_Pine
101617,2820,94,8,285,24,2430,232,229,129,1570,Lodgepole_Pine
9336,3023,103,8,67,5,1776,233,230,130,1712,Spruce_Fir
102173,3023,103,8,67,5,1776,233,230,130,1712,Spruce_Fir
8074,2896,34,10,162,21,1802,219,218,134,2250,Lodgepole_Pine
5662,2793,43,10,192,4,1657,222,219,131,1754,Lodgepole_Pine
65409,2805,41,10,255,25,1909,221,219,132,1622,Lodgepole_Pine
60754,2938,83,8,134,5,1243,231,227,128,2270,Douglas_fir
73399,3078,41,9,212,12,1490,221,221,134,1860,Krummholz
35339,2811,35,9,212,28,1969,219,220,136,1643,Lodgepole_Pine
94031,2811,35,9,212,28,1969,219,220,136,1643,Lodgepole_Pine
87327,2811,35,9,212,28,1969,219,220,136,1643,Lodgepole_Pine
102720,2988,48,11,127,-1,1566,224,216,124,1958,Lodgepole_Pine
20591,2816,121,10,218,32,2108,237,232,125,1414,Lodgepole_Pine
68443,2816,121,10,218,32,2108,237,232,125,1414,Lodgepole_Pine
105687,2996,61,6,234,19,2648,225,228,137,1613,Spruce_Fir
108394,2961,67,7,283,22,2452,228,226,132,2220,Lodgepole_Pine
45630,2980,47,11,127,0,1528,224,216,125,1991,Lodgepole_Pine
75176,2917,34,7,192,11,1761,219,225,142,1954,Lodgepole_Pine
103146,2991,62,9,216,3,1006,228,221,125,1587,Spruce_Fir
50743,2929,103,8,60,3,2440,233,230,130,1797,Spruce_Fir
40910,2840,99,10,134,19,1213,237,226,119,1813,Lodgepole_Pine
13196,2944,77,9,150,-7,1282,232,224,125,2236,Lodgepole_Pine
19746,2944,77,9,150,-7,1282,232,224,125,2236,Lodgepole_Pine
40004,2902,98,12,277,11,1986,239,223,113,1454,Aspen
70185,2783,97,10,134,4,2130,237,225,119,1406,Lodgepole_Pine
38170,2890,109,11,192,44,1477,239,228,119,1548,Lodgepole_Pine
107711,2984,64,7,85,2,2400,227,226,133,2110,Lodgepole_Pine
22907,2838,82,7,150,16,2287,230,228,130,2388,Lodgepole_Pine
108699,2760,81,8,120,4,1895,231,226,128,1613,Lodgepole_Pine
80183,2807,43,11,127,9,1761,222,217,128,1761,Lodgepole_Pine
98839,2865,38,11,175,29,2287,220,216,130,1237,Spruce_Fir
31305,3002,40,11,95,25,1900,221,216,129,1371,Lodgepole_Pine
34254,3013,77,9,134,33,1142,232,223,122,2073,Spruce_Fir
64117,2828,45,9,210,27,1312,223,221,133,1992,Lodgepole_Pine
62438,2944,86,11,212,52,1770,236,221,115,1936,Lodgepole_Pine
83927,3031,53,7,162,23,2512,224,225,135,1087,Spruce_Fir
92268,3025,45,10,108,17,2454,223,219,130,1082,Cottonwood_Willow
20858,3025,45,10,108,17,2454,223,219,130,1082,Spruce_Fir
83185,2942,38,11,108,25,2117,220,216,129,2155,Spruce_Fir
33274,3117,69,10,90,17,2337,231,221,122,1758,Spruce_Fir
64021,2971,97,8,134,26,1572,233,229,129,2480,Lodgepole_Pine
76691,2971,106,6,210,0,2329,231,232,135,1890,Spruce_Fir
39060,2971,106,6,210,0,2329,231,232,135,1890,Spruce_Fir
61615,2970,107,9,95,4,1388,236,229,124,2060,Lodgepole_Pine
41517,3004,97,8,150,32,2177,233,229,129,2522,Spruce_Fir
107729,2819,75,7,190,18,1273,228,228,133,1963,Lodgepole_Pine
108744,3032,51,6,201,10,2045,223,226,138,1273,Lodgepole_Pine
65425,2815,68,12,170,24,2062,232,216,114,1919,Lodgepole_Pine
104166,2950,96,6,127,-3,1790,231,231,133,1438,Lodgepole_Pine
11640,2820,72,12,134,29,2072,233,217,114,1860,Lodgepole_Pine
39517,3135,58,9,210,35,2429,227,222,129,1638,Spruce_Fir
102903,3155,39,12,495,114,2282,220,212,125,2064,Lodgepole_Pine
15548,3044,69,13,495,106,2074,233,214,110,1650,Lodgepole_Pine
95349,3193,48,13,532,107,3020,224,212,120,1786,Spruce_Fir
7249,3193,48,13,532,107,3020,224,212,120,1786,Spruce_Fir
38923,3185,40,15,532,144,2154,220,206,117,2192,Lodgepole_Pine
18760,3177,45,15,540,117,1513,223,205,112,2307,Spruce_Fir
13337,3177,45,15,540,117,1513,223,205,112,2307,Spruce_Fir
26816,3194,58,15,513,103,2977,229,207,106,1775,Spruce_Fir
107631,3032,67,14,459,94,2003,233,212,109,1666,Lodgepole_Pine
26361,3207,63,15,510,103,2912,232,207,104,1781,Spruce_Fir
41576,3198,35,13,582,111,3082,218,210,125,1825,Spruce_Fir
105781,3336,51,15,600,121,2234,226,207,111,2073,Spruce_Fir
13492,3334,61,12,631,119,2249,230,215,117,2110,Spruce_Fir
57654,3174,28,16,582,133,2202,212,204,124,2197,Lodgepole_Pine
50127,3216,55,12,570,88,1312,227,215,119,1950,Lodgepole_Pine
62278,3228,54,16,604,124,2951,228,204,105,1873,Spruce_Fir
8122,3198,31,14,480,138,1559,216,209,127,2263,Lodgepole_Pine
40244,3211,62,14,646,95,2078,231,211,110,2735,Spruce_Fir
22318,3187,36,16,660,127,1747,217,203,117,2077,Spruce_Fir
100279,3187,36,16,660,127,1747,217,203,117,2077,Spruce_Fir
5124,3180,39,16,660,120,1718,219,202,113,2106,Spruce_Fir
13680,3141,26,13,543,124,1655,213,211,131,2642,Spruce_Fir
54720,3141,26,13,543,124,1655,213,211,131,2642,Spruce_Fir
8597,3157,29,13,607,140,1722,215,210,129,2577,Spruce_Fir
93529,3043,93,14,516,104,1396,241,218,104,2254,Lodgepole_Pine
19353,3039,96,12,474,101,2052,239,223,113,1664,Lodgepole_Pine
67609,2958,34,14,518,89,2296,217,210,125,2062,Lodgepole_Pine
72500,3029,47,12,404,125,2687,224,213,121,1584,Spruce_Fir
97156,3029,47,12,404,125,2687,224,213,121,1584,Spruce_Fir
7637,3029,47,12,404,125,2687,224,213,121,1584,Spruce_Fir
97191,2961,52,13,437,109,2599,226,211,115,2433,Lodgepole_Pine
91970,3219,31,13,571,143,1243,216,210,128,1892,Lodgepole_Pine
41167,3219,31,13,571,143,1243,216,210,128,1892,Lodgepole_Pine
67966,3206,77,12,540,101,994,235,218,113,2010,Lodgepole_Pine
3446,3207,69,14,631,102,1036,234,211,106,1996,Lodgepole_Pine
15479,3331,65,12,524,97,1621,232,215,113,2180,Spruce_Fir
97183,3331,65,12,524,97,1621,232,215,113,2180,Spruce_Fir
22247,3353,69,11,541,119,1712,231,219,119,2089,Spruce_Fir
79294,3035,62,15,382,136,2039,231,209,106,1758,Lodgepole_Pine
58066,3354,84,13,571,120,1714,238,217,107,2072,Spruce_Fir
103660,3384,56,14,524,105,1836,228,209,111,1860,Spruce_Fir
74286,3232,82,11,492,116,1159,235,220,115,1894,Spruce_Fir
14862,3050,101,15,534,111,1369,243,219,101,2241,Lodgepole_Pine
59454,3050,101,15,534,111,1369,243,219,101,2241,Lodgepole_Pine
105778,3317,82,13,450,102,2081,237,217,108,2180,Spruce_Fir
52060,3255,69,14,663,101,1374,234,212,107,2393,Spruce_Fir
9920,3252,68,11,649,139,1323,232,218,118,2109,Spruce_Fir
94098,3151,19,14,459,110,2240,209,210,136,2022,Lodgepole_Pine
25138,3258,33,14,693,111,2324,216,208,124,2326,Spruce_Fir
85304,3079,32,12,573,80,2763,217,214,131,1944,Krummholz
16791,3394,59,13,474,115,1973,229,213,115,1712,Spruce_Fir
87164,3240,73,13,499,85,1368,235,213,107,1617,Lodgepole_Pine
39187,3217,50,12,711,121,1332,225,213,120,2300,Spruce_Fir
77931,3055,53,14,570,110,1574,227,209,112,3121,Lodgepole_Pine
16890,3333,28,12,511,118,2164,215,213,133,2072,Spruce_Fir
104476,3165,29,12,618,148,1745,216,214,133,2565,Spruce_Fir
60003,3183,55,13,700,102,1326,228,211,113,2478,Spruce_Fir
103591,3352,33,13,481,118,1770,217,211,127,2076,Spruce_Fir
39742,3037,64,15,395,99,2155,233,207,103,1758,Lodgepole_Pine
19909,2922,62,14,524,156,1617,231,211,109,1861,Lodgepole_Pine
12028,3247,63,10,618,134,1266,229,221,124,2044,Spruce_Fir
69934,3246,38,13,480,82,1805,219,212,125,2496,Spruce_Fir
82106,2918,60,13,518,155,1595,230,212,113,1831,Lodgepole_Pine
105913,3201,33,13,685,105,1387,217,211,127,2359,Spruce_Fir
105855,3233,80,13,469,93,1165,237,217,109,1874,Spruce_Fir
31934,3340,90,13,577,106,1654,240,219,107,2122,Spruce_Fir
71179,3340,90,13,577,106,1654,240,219,107,2122,Spruce_Fir
25827,3203,62,15,661,98,1041,231,208,106,1974,Spruce_Fir
1428,3203,62,15,661,98,1041,231,208,106,1974,Spruce_Fir
1775,3212,30,15,569,83,2170,214,205,123,2469,Spruce_Fir
62929,3129,28,13,457,112,1597,215,212,132,2737,Spruce_Fir
12068,3129,28,13,457,112,1597,215,212,132,2737,Spruce_Fir
95200,3053,57,15,600,108,1565,229,208,109,3085,Lodgepole_Pine
68192,3053,57,15,600,108,1565,229,208,109,3085,Lodgepole_Pine
35331,3053,57,15,600,108,1565,229,208,109,3085,Lodgepole_Pine
10038,3050,51,13,540,105,1600,226,211,116,3151,Lodgepole_Pine
604,3169,37,14,691,152,1784,219,208,122,2503,Spruce_Fir
89503,3198,25,12,607,102,1465,214,215,135,2427,Spruce_Fir
74853,3232,65,14,492,77,1332,232,211,109,1660,Lodgepole_Pine
105784,3330,36,10,540,115,2184,219,217,132,2080,Spruce_Fir
19239,3200,49,13,480,72,1392,225,211,118,1891,Lodgepole_Pine
32814,3191,74,10,607,95,1566,232,222,122,2542,Spruce_Fir
40081,3191,74,10,607,95,1566,232,222,122,2542,Spruce_Fir
90571,3068,60,13,750,96,2381,230,213,114,2317,Spruce_Fir
27398,2972,66,13,641,126,1645,232,213,110,2888,Lodgepole_Pine
43022,2972,66,13,641,126,1645,232,213,110,2888,Lodgepole_Pine
10985,3180,60,13,446,76,2962,230,213,114,1708,Spruce_Fir
49709,3180,60,13,446,76,2962,230,213,114,1708,Spruce_Fir
91565,2912,58,14,474,149,1679,230,209,109,1890,Lodgepole_Pine
27624,2912,58,14,474,149,1679,230,209,109,1890,Lodgepole_Pine
105926,3397,45,13,467,118,2014,223,212,121,1657,Spruce_Fir
20830,2918,58,14,424,113,2658,229,211,112,1482,Lodgepole_Pine
5992,3127,33,12,443,110,1585,218,214,131,2762,Spruce_Fir
79194,2905,65,12,524,146,1464,231,216,116,1682,Lodgepole_Pine
38195,3257,25,16,612,112,2337,210,204,126,2397,Spruce_Fir
89824,3397,55,13,467,112,2029,228,211,113,1630,Spruce_Fir
43211,3183,47,12,592,101,1746,224,214,123,3156,Spruce_Fir
16364,3230,55,14,390,125,1320,228,210,112,2467,Spruce_Fir
77788,2925,54,15,446,120,2686,227,206,108,1498,Lodgepole_Pine
67072,3392,48,14,446,113,1986,224,210,117,1687,Spruce_Fir
107639,2901,54,14,547,120,1170,228,208,111,1687,Lodgepole_Pine
